{"stats":{"minecraft:broken":{"minecraft:stone_shovel":7},"minecraft:picked_up":{"chococraft:loverly_gysahl_green":5,"minecraft:crafting_table":2,"minecraft:azure_bluet":15,"minecraft:chicken":4,"ms:food/cyan_tulip_seeds":4,"minecraft:anvil":1,"ms:food/black_tulip_seeds":4,"minecraft:enchanted_book":1,"ms:tool/copper_sword":1,"minecraft:string":2,"ms:food/red_tulip_seeds":4,"minecraft:item_frame":2,"minecraft:armor_stand":2,"minecraft:sea_pickle":3,"ms:armor/glass_legs":1,"minecraft:beef":17,"minecraft:cobblestone_slab":1,"minecraft:light_gray_wool":2,"ms:armor/glass_chest":1,"minecraft:sugar_cane":17,"minecraft:chest":2,"minecraft:egg":4,"ms:armor/glass_boots":1,"minecraft:stick":2,"ms:food/purple_tulip_seeds":2,"ms:food/grey_tulip_seeds":3,"ms:armor/glass_helmet":1,"ms:food/tomato_seeds":6,"minecraft:porkchop":1,"ms:tool/steel_sword":1,"ms:ore/tin":1,"minecraft:hay_block":14,"chococraft:chocobo_drumstick_raw":1,"minecraft:mutton":16,"ms:nature/tigerwood_log":4,"minecraft:cobblestone":76,"ms:food/pink_tulip_seeds":1,"minecraft:white_wool":6,"minecraft:birch_log":7,"minecraft:leather_chestplate":1,"minecraft:feather":6,"ms:food/rice_seeds":2,"ms:armor/bronze_helmet":1,"minecraft:leather":10,"ms:food/brown_tulip_seeds":3,"alexsmobs:bear_fur":1,"ms:nature/silverbell_log":11,"minecraft:flint":1,"minecraft:oak_log":6,"ms:food/corn_seeds":3,"minecraft:dirt":972,"minecraft:lantern":5,"minecraft:leather_boots":1,"ms:food/vanilla_seeds":3,"chococraft:chocobo_feather":7,"ms:armor/bronze_chest":1,"chococraft:gysahl_green":86,"minecraft:wheat_seeds":27,"ms:food/white_tulip_seeds":2,"ms:food/strawberry_seeds":4,"minecraft:stone_pickaxe":1,"ms:armor/bronze_legs":1,"minecraft:oak_planks":4,"minecraft:acacia_sapling":1,"ms:food/lime_tulip_seeds":1,"ms:nature/silverbell_sapling":4,"ms:food/green_tulip_seeds":1,"ms:gem/onyx":3,"ms:food/light_blue_tulip_seeds":4,"minecraft:dandelion":1,"minecraft:gravel":13,"minecraft:stripped_spruce_log":4,"chococraft:gysahl_green_seeds":37,"minecraft:white_bed":4,"minecraft:spider_eye":2,"minecraft:barrel":6,"ms:food/magenta_tulip_seeds":1,"ms:food/onion_seeds":4,"ms:food/orange_tulip_seeds":4,"ms:food/bell_pepper_seeds":2,"minecraft:stone_axe":1,"ms:food/yellow_tulip_seeds":3,"ms:nature/tigerwood_planks":1,"minecraft:gray_wool":2,"minecraft:oak_sapling":1,"minecraft:coal":25,"ms:armor/bronze_boots":1},"minecraft:crafted":{"minecraft:wooden_sword":1,"minecraft:stone_shovel":7,"minecraft:furnace":1,"minecraft:cooked_mutton":10,"minecraft:stone_pickaxe":1,"ms:nature/tigerwood_planks":16,"minecraft:wheat":126,"minecraft:crafting_table":4,"minecraft:spruce_planks":16,"minecraft:wooden_pickaxe":1,"chococraft:chocopedia":1,"minecraft:stone_axe":1,"minecraft:bread":42,"minecraft:air":0,"minecraft:book":1,"minecraft:paper":3,"minecraft:stick":28,"minecraft:stone_sword":1,"chococraft:chocobo_saddle":1,"minecraft:torch":24},"minecraft:killed":{"minecraft:spider":2,"minecraft:chicken":4,"minecraft:pig":1,"alexsmobs:grizzly_bear":1,"minecraft:sheep":11,"minecraft:zombie":1,"alexsmobs:fly":1,"minecraft:cow":9,"chococraft:chocobo":1},"minecraft:mined":{"minecraft:white_bed":4,"ms:ore/tin":1,"ms:nature/silverbell_leaves":3,"minecraft:grass_block":434,"ms:nature/silverbell_log":11,"ms:plant/grass":61,"ms:nature/tigerwood_planks":1,"minecraft:hay_block":14,"minecraft:barrel":6,"minecraft:stripped_spruce_log":4,"minecraft:anvil":1,"minecraft:azure_bluet":2,"chococraft:gysahl_green":40,"minecraft:cobblestone_slab":1,"minecraft:dirt_path":3,"minecraft:lantern":5,"minecraft:stone":76,"ms:ore/onyx":3,"minecraft:spruce_slab":2,"ms:nature/tigerwood_log":4,"ms:nature/yellow_maple_leaves":1,"minecraft:crafting_table":1,"minecraft:poppy":1,"minecraft:chest":2,"minecraft:cobblestone":2,"minecraft:tall_grass":17,"minecraft:sugar_cane":9,"minecraft:sea_pickle":1,"minecraft:birch_log":7,"minecraft:grass":169,"minecraft:oak_log":6,"minecraft:coal_ore":25,"minecraft:sunflower":3,"minecraft:gravel":14,"minecraft:dirt":525,"minecraft:oak_leaves":2},"minecraft:dropped":{"ms:food/light_blue_tulip_seeds":2,"ms:food/cyan_tulip_seeds":2,"minecraft:wheat_seeds":2,"ms:food/bell_pepper_seeds":1,"ms:food/pink_tulip_seeds":1,"ms:food/purple_tulip_seeds":2,"ms:food/brown_tulip_seeds":3,"ms:nature/silverbell_sapling":4,"ms:food/corn_seeds":2,"ms:food/orange_tulip_seeds":3,"minecraft:mutton":1,"ms:food/rice_seeds":2,"tombstone:grave_dust":1,"minecraft:wooden_sword":1,"minecraft:white_wool":1,"ms:food/onion_seeds":2,"minecraft:dandelion":1,"ms:food/tomato_seeds":3,"minecraft:gravel":13,"ms:food/strawberry_seeds":1,"minecraft:stone_axe":1,"minecraft:stone_sword":1,"ms:food/green_tulip_seeds":1,"minecraft:azure_bluet":15,"ms:food/grey_tulip_seeds":3,"minecraft:leather_chestplate":2,"ms:food/black_tulip_seeds":1,"minecraft:leather_boots":2,"ms:food/vanilla_seeds":3,"minecraft:spider_eye":1,"minecraft:stone_pickaxe":1,"minecraft:wooden_pickaxe":1,"minecraft:egg":1},"minecraft:killed_by":{"minecraft:player":1,"alexsmobs:elephant":1,"minecraft:zombie":1},"minecraft:custom":{"minecraft:mob_kills":31,"minecraft:interact_with_crafting_table":17,"minecraft:open_barrel":4,"minecraft:time_since_death":4635,"minecraft:climb_one_cm":283,"minecraft:sprint_one_cm":307341,"minecraft:walk_one_cm":308045,"minecraft:drop":49,"minecraft:talked_to_villager":1,"minecraft:play_time":161204,"minecraft:deaths":3,"minecraft:sneak_time":2528,"minecraft:walk_under_water_one_cm":8807,"minecraft:jump":2718,"minecraft:walk_on_water_one_cm":23054,"minecraft:total_world_time":161204,"minecraft:interact_with_furnace":3,"minecraft:interact_with_grindstone":2,"minecraft:sleep_in_bed":3,"minecraft:time_since_rest":4145,"minecraft:damage_taken":1789,"minecraft:damage_dealt":3935,"minecraft:swim_one_cm":24028,"minecraft:fly_one_cm":562619,"minecraft:open_chest":19,"minecraft:crouch_one_cm":6344,"tombstone:undead_killed":1,"minecraft:fall_one_cm":93070},"minecraft:used":{"minecraft:stone_sword":33,"ms:tool/steel_sword":141,"minecraft:armor_stand":1,"minecraft:stone_shovel":933,"minecraft:chest":2,"minecraft:torch":3,"minecraft:dirt":276,"minecraft:acacia_sapling":1,"minecraft:furnace":1,"tombstone:gift":4,"minecraft:egg":3,"minecraft:stone_pickaxe":101,"minecraft:wooden_pickaxe":14,"minecraft:sugar_cane":1,"minecraft:crafting_table":6,"ms:nature/tigerwood_planks":1,"minecraft:white_bed":3,"minecraft:bread":33,"minecraft:chicken":1,"minecraft:stone_axe":73,"minecraft:porkchop":1,"alexsmobs:animal_dictionary":3}},"DataVersion":3337}