{"stats":{"minecraft:broken":{"minecraft:stone_shovel":6},"minecraft:picked_up":{"minecraft:birch_log":7,"minecraft:azure_bluet":12,"minecraft:leather_chestplate":1,"minecraft:crafting_table":2,"minecraft:anvil":1,"minecraft:feather":6,"ms:food/rice_seeds":2,"minecraft:chicken":4,"ms:food/cyan_tulip_seeds":3,"ms:food/black_tulip_seeds":4,"ms:armor/bronze_helmet":1,"minecraft:leather":3,"ms:food/brown_tulip_seeds":2,"minecraft:flint":1,"ms:nature/silverbell_log":11,"ms:food/corn_seeds":3,"ms:tool/copper_sword":1,"minecraft:dirt":833,"minecraft:lantern":5,"ms:food/vanilla_seeds":1,"ms:food/red_tulip_seeds":2,"minecraft:leather_boots":1,"minecraft:armor_stand":2,"minecraft:item_frame":2,"ms:armor/bronze_chest":1,"minecraft:sea_pickle":3,"ms:armor/glass_legs":1,"minecraft:wheat_seeds":25,"ms:food/white_tulip_seeds":2,"ms:food/strawberry_seeds":4,"ms:armor/bronze_legs":1,"minecraft:beef":5,"minecraft:light_gray_wool":2,"ms:armor/glass_chest":1,"minecraft:sugar_cane":3,"minecraft:chest":2,"minecraft:oak_planks":4,"minecraft:acacia_sapling":1,"minecraft:egg":4,"ms:nature/silverbell_sapling":4,"ms:food/green_tulip_seeds":1,"ms:armor/glass_boots":1,"minecraft:stick":2,"ms:food/grey_tulip_seeds":1,"ms:armor/glass_helmet":1,"ms:food/light_blue_tulip_seeds":4,"minecraft:dandelion":1,"minecraft:gravel":13,"ms:food/tomato_seeds":5,"minecraft:porkchop":1,"minecraft:stripped_spruce_log":4,"minecraft:white_bed":2,"minecraft:barrel":6,"minecraft:spider_eye":2,"ms:tool/steel_sword":1,"ms:food/magenta_tulip_seeds":1,"ms:food/onion_seeds":4,"ms:food/orange_tulip_seeds":2,"ms:food/yellow_tulip_seeds":2,"ms:food/bell_pepper_seeds":2,"minecraft:stone_axe":1,"minecraft:hay_block":14,"ms:nature/tigerwood_planks":1,"minecraft:gray_wool":2,"ms:armor/bronze_boots":1,"minecraft:white_wool":2,"minecraft:mutton":12,"ms:nature/tigerwood_log":4,"minecraft:coal":24,"ms:food/pink_tulip_seeds":1,"minecraft:cobblestone":15},"minecraft:crafted":{"minecraft:wooden_sword":1,"minecraft:stone_shovel":7,"minecraft:crafting_table":1,"minecraft:spruce_planks":16,"minecraft:wooden_pickaxe":1,"minecraft:stone_axe":1,"minecraft:bread":42,"minecraft:stick":28,"minecraft:stone_pickaxe":1,"minecraft:stone_sword":1,"ms:nature/tigerwood_planks":16,"minecraft:torch":24,"minecraft:wheat":126},"minecraft:killed":{"minecraft:pig":1,"minecraft:sheep":7,"minecraft:chicken":4,"alexsmobs:fly":1,"minecraft:cow":2},"minecraft:mined":{"ms:nature/tigerwood_log":4,"minecraft:white_bed":2,"minecraft:crafting_table":1,"ms:nature/silverbell_leaves":3,"minecraft:grass_block":338,"minecraft:poppy":1,"minecraft:chest":2,"minecraft:tall_grass":17,"ms:nature/silverbell_log":11,"minecraft:sugar_cane":1,"ms:plant/grass":40,"ms:nature/tigerwood_planks":1,"minecraft:hay_block":14,"minecraft:sea_pickle":1,"minecraft:birch_log":7,"minecraft:barrel":6,"minecraft:stripped_spruce_log":4,"minecraft:anvil":1,"minecraft:grass":137,"minecraft:coal_ore":24,"minecraft:dirt_path":3,"minecraft:lantern":5,"minecraft:gravel":14,"minecraft:dirt":478,"minecraft:stone":15},"minecraft:dropped":{"ms:food/tomato_seeds":2,"ms:food/light_blue_tulip_seeds":2,"minecraft:stone_axe":1,"ms:food/strawberry_seeds":1,"ms:food/cyan_tulip_seeds":1,"minecraft:stone_sword":1,"ms:food/bell_pepper_seeds":1,"ms:food/green_tulip_seeds":1,"ms:food/pink_tulip_seeds":1,"ms:food/grey_tulip_seeds":1,"ms:food/brown_tulip_seeds":2,"ms:nature/silverbell_sapling":4,"minecraft:leather_chestplate":2,"ms:food/corn_seeds":2,"ms:food/orange_tulip_seeds":2,"ms:food/black_tulip_seeds":1,"ms:food/rice_seeds":2,"minecraft:leather_boots":2,"tombstone:grave_dust":1,"minecraft:spider_eye":1,"minecraft:wooden_sword":1,"minecraft:wooden_pickaxe":1,"ms:food/onion_seeds":2,"minecraft:egg":1},"minecraft:killed_by":{"minecraft:player":1,"minecraft:zombie":1},"minecraft:custom":{"minecraft:mob_kills":15,"minecraft:interact_with_crafting_table":12,"minecraft:open_barrel":4,"minecraft:interact_with_grindstone":2,"minecraft:time_since_death":78915,"minecraft:sleep_in_bed":1,"minecraft:climb_one_cm":144,"minecraft:time_since_rest":65170,"minecraft:sprint_one_cm":167039,"minecraft:damage_taken":618,"minecraft:walk_one_cm":177600,"minecraft:drop":34,"minecraft:damage_dealt":1249,"minecraft:swim_one_cm":9581,"minecraft:talked_to_villager":1,"minecraft:fly_one_cm":299240,"minecraft:open_chest":15,"minecraft:crouch_one_cm":4756,"minecraft:play_time":101204,"minecraft:deaths":2,"minecraft:sneak_time":1839,"minecraft:walk_under_water_one_cm":1815,"minecraft:jump":1376,"minecraft:walk_on_water_one_cm":5548,"minecraft:total_world_time":101204,"minecraft:fall_one_cm":45081},"minecraft:used":{"minecraft:stone_sword":33,"ms:tool/steel_sword":1,"minecraft:armor_stand":1,"minecraft:stone_shovel":810,"minecraft:stone_pickaxe":32,"minecraft:chest":2,"minecraft:wooden_pickaxe":14,"minecraft:dirt":22,"minecraft:crafting_table":3,"ms:nature/tigerwood_planks":1,"minecraft:white_bed":1,"minecraft:acacia_sapling":1,"minecraft:chicken":1,"minecraft:bread":9,"minecraft:stone_axe":64,"minecraft:porkchop":1,"tombstone:gift":2,"alexsmobs:animal_dictionary":3,"minecraft:egg":3}},"DataVersion":3337}