{"stats":{"minecraft:broken":{"minecraft:stone_pickaxe":1,"minecraft:stone_shovel":7},"minecraft:picked_up":{"chococraft:loverly_gysahl_green":10,"minecraft:crafting_table":3,"minecraft:azure_bluet":15,"minecraft:chicken":4,"minecraft:anvil":1,"ms:food/cyan_tulip_seeds":4,"ms:food/black_tulip_seeds":4,"minecraft:gold_block":1,"minecraft:enchanted_book":1,"ms:tool/copper_sword":1,"minecraft:string":44,"ms:food/red_tulip_seeds":4,"minecraft:item_frame":2,"minecraft:armor_stand":2,"minecraft:sea_pickle":3,"ms:armor/glass_legs":1,"ms:armor/titanium_legs":2,"minecraft:beef":17,"minecraft:cobblestone_slab":1,"minecraft:iron_nugget":7,"minecraft:light_gray_wool":2,"ms:armor/glass_chest":1,"minecraft:sugar_cane":17,"minecraft:chest":2,"minecraft:egg":4,"minecraft:raw_iron":4,"ms:armor/glass_boots":1,"ms:food/purple_tulip_seeds":2,"minecraft:stick":2,"ms:food/grey_tulip_seeds":3,"ms:armor/glass_helmet":1,"minecraft:torch":2,"ms:food/tomato_seeds":6,"minecraft:porkchop":1,"tombstone:grave_dust":2,"ms:tool/steel_sword":1,"ms:ore/tin":1,"minecraft:dark_oak_planks":1,"minecraft:rotten_flesh":4,"minecraft:hay_block":53,"minecraft:gold_ingot":3,"ms:gem/amazonite":4,"chococraft:chocobo_drumstick_raw":1,"minecraft:mutton":16,"ms:nature/tigerwood_log":4,"ms:food/pink_tulip_seeds":1,"minecraft:white_wool":9,"minecraft:cobblestone":196,"minecraft:birch_log":7,"minecraft:leather_chestplate":1,"minecraft:feather":6,"ms:food/rice_seeds":2,"minecraft:glow_ink_sac":3,"ms:armor/bronze_helmet":1,"minecraft:leather":10,"ms:food/brown_tulip_seeds":3,"alexsmobs:bear_fur":1,"ms:nature/silverbell_log":11,"minecraft:flint":1,"minecraft:oak_log":6,"ms:food/corn_seeds":3,"evilcraft:flesh_humanoid":1,"minecraft:dirt":998,"minecraft:lantern":5,"ms:food/raw_calamari":1,"minecraft:name_tag":1,"minecraft:leather_boots":1,"ms:food/vanilla_seeds":3,"chococraft:chocobo_feather":10,"ms:armor/bronze_chest":1,"minecraft:bone":4,"chococraft:gysahl_green":86,"minecraft:wheat_seeds":28,"ms:stone/marble":4,"ms:food/white_tulip_seeds":2,"ms:food/strawberry_seeds":4,"minecraft:raw_gold":9,"minecraft:stone_pickaxe":1,"ms:armor/bronze_legs":1,"minecraft:oak_planks":24,"minecraft:acacia_sapling":1,"ms:food/lime_tulip_seeds":1,"ms:nature/silverbell_sapling":4,"minecraft:book":24,"ms:food/green_tulip_seeds":1,"ms:gem/onyx":4,"ms:gem/olivine":3,"ms:food/light_blue_tulip_seeds":4,"minecraft:dandelion":1,"minecraft:gravel":14,"ms:explosives/dynamite":7,"minecraft:stripped_spruce_log":4,"chococraft:gysahl_green_seeds":74,"minecraft:white_bed":6,"minecraft:spider_eye":4,"minecraft:barrel":12,"ms:explosives/refined_dynamite":4,"ms:food/magenta_tulip_seeds":1,"ms:food/onion_seeds":4,"ms:food/orange_tulip_seeds":4,"tombstone:familiar_stone":2,"ms:food/bell_pepper_seeds":2,"ms:food/yellow_tulip_seeds":3,"minecraft:stone_axe":1,"ms:gem/jet":1,"ms:nature/tigerwood_planks":1,"minecraft:gray_wool":2,"minecraft:oak_sapling":1,"minecraft:coal":79,"ms:armor/bronze_boots":1},"minecraft:crafted":{"minecraft:wooden_sword":1,"minecraft:oak_planks":24,"minecraft:stone_shovel":7,"minecraft:furnace":1,"minecraft:cooked_mutton":10,"minecraft:stone_pickaxe":2,"ms:nature/tigerwood_planks":16,"minecraft:wheat":216,"minecraft:crafting_table":6,"minecraft:spruce_planks":16,"minecraft:wooden_pickaxe":1,"chococraft:chocopedia":1,"minecraft:stone_axe":1,"minecraft:bread":72,"minecraft:air":0,"minecraft:book":1,"minecraft:paper":3,"minecraft:stick":40,"minecraft:iron_ingot":1,"minecraft:stone_sword":1,"minecraft:gold_ingot":9,"chococraft:chocobo_saddle":1,"minecraft:torch":72},"minecraft:killed":{"minecraft:cave_spider":3,"minecraft:spider":4,"minecraft:skeleton":2,"minecraft:chicken":4,"minecraft:pig":1,"alexsmobs:grizzly_bear":1,"minecraft:creeper":1,"minecraft:sheep":11,"minecraft:zombie":16,"alexsmobs:fly":1,"minecraft:cow":9,"chococraft:chocobo":1},"minecraft:mined":{"minecraft:dark_oak_planks":1,"minecraft:white_bed":6,"ms:ore/jet":1,"ms:ore/tin":1,"alexsmobs:leafcutter_anthill":1,"ms:nature/silverbell_leaves":3,"minecraft:grass_block":436,"ms:nature/silverbell_log":11,"ms:nature/pink_cherry_leaves":2,"ms:plant/grass":64,"minecraft:spawner":2,"ms:nature/tigerwood_planks":1,"minecraft:hay_block":54,"ms:ore/amazonite":3,"ms:stone/peridotite":1,"minecraft:iron_ore":4,"minecraft:barrel":6,"minecraft:stripped_spruce_log":4,"minecraft:anvil":1,"minecraft:gold_block":1,"minecraft:azure_bluet":2,"minecraft:bookshelf":8,"chococraft:gysahl_green":40,"minecraft:cobblestone_slab":1,"minecraft:dirt_path":3,"minecraft:lantern":5,"minecraft:stone":117,"ms:ore/onyx":3,"minecraft:spruce_slab":2,"ms:nature/tigerwood_log":4,"ms:ore/olivine":2,"ms:nature/yellow_maple_leaves":1,"minecraft:crafting_table":3,"minecraft:poppy":1,"minecraft:chest":2,"minecraft:tall_grass":17,"minecraft:cobblestone":2,"minecraft:sugar_cane":9,"minecraft:birch_log":7,"minecraft:sea_pickle":1,"minecraft:birch_leaves":1,"minecraft:grass":181,"minecraft:coal_ore":87,"minecraft:oak_log":6,"minecraft:sunflower":3,"minecraft:gravel":14,"minecraft:dirt":527,"minecraft:cobweb":41,"minecraft:gold_ore":1,"minecraft:oak_leaves":2},"minecraft:dropped":{"ms:food/light_blue_tulip_seeds":2,"ms:food/cyan_tulip_seeds":2,"chococraft:loverly_gysahl_green":5,"minecraft:wheat_seeds":3,"ms:food/bell_pepper_seeds":1,"ms:food/pink_tulip_seeds":1,"ms:gem/jet":1,"ms:food/purple_tulip_seeds":2,"ms:food/brown_tulip_seeds":3,"ms:nature/silverbell_sapling":4,"minecraft:dirt":19,"ms:food/corn_seeds":2,"ms:food/orange_tulip_seeds":3,"minecraft:torch":6,"minecraft:mutton":4,"ms:gem/amazonite":4,"ms:food/rice_seeds":2,"tombstone:grave_dust":3,"minecraft:wooden_sword":1,"ms:gem/olivine":3,"minecraft:white_wool":7,"ms:food/onion_seeds":2,"ms:armor/titanium_legs":2,"minecraft:dandelion":1,"minecraft:bone":4,"ms:food/tomato_seeds":3,"minecraft:gravel":13,"ms:food/strawberry_seeds":1,"minecraft:stone_axe":1,"minecraft:sugar_cane":10,"minecraft:iron_nugget":7,"minecraft:stone_sword":1,"ms:explosives/refined_dynamite":4,"ms:food/green_tulip_seeds":1,"minecraft:chicken":3,"minecraft:rotten_flesh":4,"minecraft:oak_planks":20,"minecraft:azure_bluet":15,"ms:food/grey_tulip_seeds":3,"minecraft:leather_chestplate":2,"ms:food/black_tulip_seeds":1,"minecraft:leather_boots":2,"ms:food/vanilla_seeds":3,"minecraft:spider_eye":1,"minecraft:barrel":11,"minecraft:stone_pickaxe":1,"minecraft:wooden_pickaxe":1,"minecraft:egg":1},"minecraft:killed_by":{"minecraft:player":2,"alexsmobs:elephant":1,"minecraft:zombie":1},"minecraft:custom":{"minecraft:mob_kills":54,"minecraft:interact_with_crafting_table":30,"minecraft:open_barrel":8,"minecraft:leave_game":2,"minecraft:time_since_death":42424,"minecraft:climb_one_cm":283,"minecraft:sprint_one_cm":601152,"minecraft:walk_one_cm":496917,"minecraft:drop":74,"minecraft:talked_to_villager":7,"minecraft:play_time":238645,"minecraft:deaths":4,"minecraft:sneak_time":3584,"minecraft:walk_under_water_one_cm":15292,"minecraft:jump":4433,"minecraft:walk_on_water_one_cm":32188,"minecraft:total_world_time":238645,"minecraft:interact_with_furnace":3,"minecraft:interact_with_cartography_table":2,"minecraft:interact_with_grindstone":2,"minecraft:sleep_in_bed":4,"minecraft:time_since_rest":3055,"minecraft:damage_taken":3485,"minecraft:damage_dealt":7669,"minecraft:swim_one_cm":44052,"minecraft:fly_one_cm":863858,"minecraft:open_chest":36,"minecraft:crouch_one_cm":7561,"tombstone:undead_killed":18,"minecraft:fall_one_cm":155150},"minecraft:used":{"minecraft:stone_sword":33,"ms:tool/steel_sword":312,"minecraft:armor_stand":1,"minecraft:stone_shovel":933,"minecraft:chest":2,"ms:explosives/refined_dynamite":1,"minecraft:torch":54,"minecraft:dirt":293,"minecraft:acacia_sapling":1,"evilcraft:box_of_eternal_closure":2,"minecraft:barrel":1,"minecraft:furnace":1,"tombstone:gift":6,"minecraft:egg":3,"minecraft:water_bucket":2,"minecraft:stone_pickaxe":178,"minecraft:wooden_pickaxe":14,"minecraft:sugar_cane":1,"minecraft:crafting_table":9,"ms:nature/tigerwood_planks":1,"minecraft:white_bed":6,"ms:explosives/dynamite":9,"minecraft:chicken":1,"minecraft:bread":70,"minecraft:string":2,"minecraft:iron_pickaxe":47,"minecraft:stone_axe":83,"minecraft:cobblestone":11,"minecraft:porkchop":1,"minecraft:bucket":3,"alexsmobs:animal_dictionary":3}},"DataVersion":3337}