{"stats":{"minecraft:picked_up":{"minecraft:crafting_table":2,"minecraft:feather":3,"ms:food/rice_seeds":2,"minecraft:chicken":2,"ms:food/cyan_tulip_seeds":1,"ms:food/black_tulip_seeds":1,"ms:food/brown_tulip_seeds":2,"ms:food/corn_seeds":1,"minecraft:dirt":38,"minecraft:wheat_seeds":14,"ms:food/strawberry_seeds":1,"minecraft:light_gray_wool":2,"minecraft:sugar_cane":3,"minecraft:acacia_sapling":1,"minecraft:egg":4,"ms:nature/silverbell_sapling":2,"minecraft:stick":2,"ms:food/grey_tulip_seeds":1,"ms:food/light_blue_tulip_seeds":4,"ms:food/tomato_seeds":1,"minecraft:porkchop":1,"minecraft:white_bed":2,"minecraft:spider_eye":1,"ms:food/onion_seeds":1,"ms:food/orange_tulip_seeds":2,"ms:food/bell_pepper_seeds":1,"minecraft:hay_block":14,"minecraft:gray_wool":2,"minecraft:mutton":6,"ms:nature/tigerwood_log":4,"minecraft:coal":24,"ms:food/pink_tulip_seeds":1,"minecraft:cobblestone":13},"minecraft:crafted":{"minecraft:wooden_sword":1,"minecraft:crafting_table":1,"minecraft:wooden_pickaxe":1,"minecraft:stone_axe":1,"minecraft:bread":42,"minecraft:stick":12,"minecraft:stone_pickaxe":1,"minecraft:stone_sword":1,"ms:nature/tigerwood_planks":16,"minecraft:torch":24,"minecraft:wheat":126},"minecraft:killed":{"minecraft:pig":1,"minecraft:sheep":4,"minecraft:chicken":2},"minecraft:mined":{"ms:nature/tigerwood_log":4,"minecraft:white_bed":2,"minecraft:crafting_table":1,"minecraft:grass_block":5,"minecraft:poppy":1,"minecraft:tall_grass":15,"minecraft:sugar_cane":1,"ms:plant/grass":30,"minecraft:hay_block":14,"minecraft:grass":102,"minecraft:coal_ore":24,"minecraft:dirt":12,"minecraft:stone":13},"minecraft:dropped":{"ms:food/tomato_seeds":1,"ms:food/light_blue_tulip_seeds":2,"ms:food/cyan_tulip_seeds":1,"ms:food/pink_tulip_seeds":1,"ms:food/grey_tulip_seeds":1,"ms:nature/silverbell_sapling":1,"ms:food/orange_tulip_seeds":2,"ms:food/black_tulip_seeds":1,"minecraft:wooden_sword":1,"minecraft:wooden_pickaxe":1},"minecraft:killed_by":{"minecraft:player":1,"minecraft:zombie":1},"minecraft:used":{"minecraft:stone_pickaxe":24,"minecraft:wooden_pickaxe":14,"minecraft:dirt":2,"minecraft:crafting_table":2,"minecraft:white_bed":1,"minecraft:acacia_sapling":1,"minecraft:chicken":1,"minecraft:bread":3,"minecraft:stone_axe":1,"minecraft:porkchop":1,"tombstone:gift":2,"alexsmobs:animal_dictionary":3,"minecraft:egg":3},"minecraft:custom":{"minecraft:mob_kills":7,"minecraft:interact_with_crafting_table":5,"minecraft:time_since_death":18915,"minecraft:sleep_in_bed":1,"minecraft:time_since_rest":5170,"minecraft:sprint_one_cm":88560,"minecraft:damage_taken":508,"minecraft:walk_one_cm":75788,"minecraft:drop":12,"minecraft:damage_dealt":644,"minecraft:swim_one_cm":8683,"minecraft:talked_to_villager":1,"minecraft:fly_one_cm":156227,"minecraft:open_chest":1,"minecraft:crouch_one_cm":1350,"minecraft:play_time":41204,"minecraft:deaths":2,"minecraft:sneak_time":882,"minecraft:walk_under_water_one_cm":1334,"minecraft:jump":675,"minecraft:walk_on_water_one_cm":4035,"minecraft:total_world_time":41204,"minecraft:fall_one_cm":22867}},"DataVersion":3337}