{"stats":{"minecraft:killed":{"minecraft:cave_spider":3,"minecraft:zombified_piglin":1,"minecraft:witch":1,"minecraft:spider":15,"minecraft:skeleton":13,"minecraft:chicken":4,"alexsmobs:centipede_head":1,"minecraft:piglin":4,"minecraft:pig":1,"alexsmobs:grizzly_bear":1,"minecraft:creeper":10,"minecraft:sheep":11,"minecraft:pillager":5,"minecraft:zombie":64,"alexsmobs:rain_frog":1,"alexsmobs:fly":2,"minecraft:blaze":6,"minecraft:cow":9,"chococraft:chocobo":1,"alexsmobs:seagull":1,"alexsmobs:gorilla":1,"minecraft:horse":1,"alexsmobs:skreecher":1,"alexsmobs:guster":1,"farlanders:looter":3,"alexsmobs:emu":1,"alexsmobs:gazelle":3,"minecraft:wither_skeleton":4},"minecraft:killed_by":{"alexsmobs:elephant":1,"minecraft:zombie":2,"minecraft:player":2,"minecraft:spider":1},"minecraft:dropped":{"ms:food/light_blue_tulip_seeds":2,"ms:food/cyan_tulip_seeds":2,"chococraft:loverly_gysahl_green":5,"minecraft:cooked_beef":1,"minecraft:diamond":1,"ms:food/light_grey_tulip_seeds":1,"ms:armor/bronze_chest":2,"ms:food/purple_tulip_seeds":2,"ms:materials/iron_rod":1,"minecraft:dirt":118,"ms:food/corn_seeds":2,"ms:food/orange_tulip_seeds":3,"ms:gem/sapphire":1,"minecraft:mutton":6,"ms:explosives/dynamite":5,"ms:gem/amazonite":4,"ms:food/rice_seeds":2,"minecraft:wooden_sword":1,"ms:gem/opal":4,"ms:food/blue_tulip_seeds":1,"minecraft:iron_pickaxe":2,"ms:gem/olivine":3,"minecraft:white_wool":7,"minecraft:bone":6,"ms:armor/titanium_legs":2,"ms:food/tomato_seeds":3,"minecraft:gravel":13,"ms:food/strawberry_seeds":1,"minecraft:stone_axe":1,"minecraft:sugar_cane":10,"alexsmobs:gazelle_horn":1,"minecraft:iron_nugget":7,"ms:tool/uranium_sword":3,"minecraft:cobbled_deepslate":10,"ms:food/lettuce_seeds":1,"ms:explosives/refined_dynamite":4,"minecraft:obsidian":1,"minecraft:rotten_flesh":32,"minecraft:oak_planks":21,"minecraft:azure_bluet":22,"ms:food/grey_tulip_seeds":4,"ms:tool/olivine_sword":1,"ms:tool/turquoise_sword":1,"ms:tool/trio_sword":1,"minecraft:leather_chestplate":2,"ms:ore/deepslate_mithril":4,"minecraft:leather_boots":2,"ms:plant/green_shroom":3,"minecraft:netherrack":3,"minecraft:egg":1,"minecraft:water_bucket":1,"minecraft:bread":40,"minecraft:wheat_seeds":27,"ms:tool/opal_sword":2,"ms:armor/bronze_boots":1,"ms:food/bell_pepper_seeds":1,"ms:food/pink_tulip_seeds":1,"minecraft:feather":11,"minecraft:cobblestone":7,"ms:tool/steel_sword":2,"ms:gem/jet":1,"ms:food/brown_tulip_seeds":3,"ms:nature/silverbell_sapling":4,"ms:food/polyp":2,"ms:gem/sulfur":7,"minecraft:torch":7,"tombstone:grave_key":1,"minecraft:fire_charge":1,"tombstone:grave_dust":11,"minecraft:iron_axe":1,"ms:food/onion_seeds":3,"minecraft:dandelion":1,"alexsmobs:maggot":1,"minecraft:stone_sword":1,"ms:slab/maple_slab":7,"ms:food/lime_tulip_seeds":2,"ms:food/green_tulip_seeds":1,"minecraft:chicken":3,"evilcraft:box_of_eternal_closure":2,"minecraft:name_tag":1,"ms:food/black_tulip_seeds":1,"ms:tool/onyx_bow":2,"minecraft:oak_sapling":16,"ms:food/vanilla_seeds":3,"minecraft:spider_eye":4,"minecraft:barrel":11,"tombstone:essence_of_undeath":1,"minecraft:stone_pickaxe":1,"ms:ore/cobalt":2,"minecraft:wooden_pickaxe":1,"minecraft:raw_gold":1,"chococraft:gysahl_green":1},"minecraft:crafted":{"minecraft:oak_planks":344,"securitycraft:mine":3,"minecraft:cooked_mutton":12,"ms:nature/maple_planks":40,"ms:chest/silverbell":2,"ms:nature/tigerwood_planks":16,"ms:tool/opal_sword":1,"minecraft:crafting_table":9,"minecraft:spruce_planks":16,"minecraft:wooden_pickaxe":1,"chococraft:chocopedia":1,"minecraft:birch_planks":220,"minecraft:book":1,"minecraft:paper":3,"minecraft:shield":1,"ms:materials/iron_rod":2,"minecraft:stick":72,"minecraft:iron_ingot":36,"minecraft:iron_pickaxe":3,"minecraft:stone_sword":1,"minecraft:gold_ingot":18,"minecraft:wooden_sword":1,"minecraft:stone_shovel":7,"ms:gem/uranium_ingot":2,"ms:tool/uranium_sword":1,"minecraft:furnace":2,"minecraft:iron_axe":3,"minecraft:stone_pickaxe":2,"minecraft:wheat":581,"minecraft:cooked_beef":15,"ms:stair/maplestair":20,"minecraft:stone_axe":1,"minecraft:air":0,"minecraft:bread":201,"securitycraft:dirt_mine":2,"ms:nature/silverbell_planks":20,"minecraft:oak_stairs":12,"minecraft:iron_shovel":6,"chococraft:chocobo_saddle":1,"minecraft:torch":92,"ms:slab/maple_slab":18},"minecraft:used":{"alexsmobs:emu_egg":3,"ms:tool/uranium_sword":363,"minecraft:iron_shovel":1380,"ms:armor/sapphire_boots":1,"minecraft:chest":2,"minecraft:shield":47,"ms:explosives/refined_dynamite":1,"minecraft:acacia_sapling":1,"ms:nature/maple_planks":2,"minecraft:oak_sapling":28,"minecraft:furnace":2,"minecraft:gray_bed":1,"minecraft:egg":3,"ms:misc/entity_wand":2,"minecraft:oak_planks":387,"minecraft:stone_pickaxe":178,"minecraft:wooden_pickaxe":14,"minecraft:sugar_cane":1,"ms:nature/tigerwood_planks":1,"minecraft:bread":227,"minecraft:string":2,"minecraft:fire_charge":1,"chococraft:gysahl_green":12,"ms:slab/maple_slab":36,"minecraft:golden_pickaxe":32,"ms:nature/silverbell_log":369,"tombstone:scroll_of_lightning_resistance":10,"minecraft:stone_sword":33,"ms:tool/steel_sword":329,"minecraft:armor_stand":1,"minecraft:stone_shovel":933,"minecraft:netherrack":75,"minecraft:torch":158,"minecraft:dirt":1382,"minecraft:iron_axe":734,"minecraft:oak_stairs":11,"evilcraft:box_of_eternal_closure":2,"minecraft:barrel":1,"securitycraft:dirt_mine":2,"tombstone:gift":6,"minecraft:cooked_beef":15,"minecraft:cobbled_deepslate":63,"ms:tool/opal_sword":36,"minecraft:cooked_mutton":9,"minecraft:water_bucket":18,"tombstone:scroll_of_knowledge":1,"minecraft:birch_planks":197,"ms:chest/silverbell":2,"minecraft:crafting_table":12,"ms:nature/silverbell_sapling":72,"minecraft:white_bed":6,"ms:explosives/dynamite":15,"minecraft:chicken":1,"minecraft:iron_pickaxe":879,"tombstone:magic_scroll":22,"minecraft:stone_axe":83,"minecraft:cobblestone":128,"minecraft:porkchop":1,"minecraft:bucket":19,"alexsmobs:animal_dictionary":5,"minecraft:dandelion":7,"ms:stair/maplestair":24},"minecraft:custom":{"minecraft:interact_with_crafting_table":85,"minecraft:open_barrel":20,"minecraft:leave_game":16,"minecraft:time_since_death":319760,"minecraft:sprint_one_cm":1753635,"minecraft:damage_blocked_by_shield":1840,"minecraft:drop":191,"minecraft:talked_to_villager":7,"minecraft:play_time":651158,"minecraft:deaths":7,"minecraft:jump":13085,"minecraft:walk_on_water_one_cm":80332,"minecraft:interact_with_furnace":15,"minecraft:interact_with_cartography_table":2,"minecraft:sleep_in_bed":13,"minecraft:damage_dealt":30385,"minecraft:crouch_one_cm":71059,"tombstone:undead_killed":82,"minecraft:mob_kills":168,"minecraft:climb_one_cm":2833,"minecraft:walk_one_cm":1397390,"minecraft:sneak_time":26623,"minecraft:walk_under_water_one_cm":55655,"minecraft:total_world_time":651158,"tombstone:raider_killed":6,"minecraft:interact_with_grindstone":2,"minecraft:time_since_rest":11221,"minecraft:damage_taken":12992,"tombstone:cast_on_ally":1,"minecraft:swim_one_cm":98518,"minecraft:fly_one_cm":2618559,"minecraft:open_chest":126,"minecraft:fall_one_cm":447955},"minecraft:mined":{"minecraft:dark_oak_planks":1,"minecraft:white_bed":6,"ms:ore/jet":1,"alexsmobs:leafcutter_anthill":1,"ms:stair/maplestair":6,"ms:ore/deepslate_turquoise":2,"minecraft:grass_block":895,"ms:ore/turquoise":1,"ms:nature/silverbell_log":395,"minecraft:nether_wart":10,"minecraft:spawner":3,"ms:stone/peridotite":1,"minecraft:iron_ore":19,"minecraft:cobbled_deepslate":2,"minecraft:fire":21,"minecraft:barrel":6,"ms:nature/maple_log":10,"minecraft:anvil":1,"minecraft:pumpkin":1,"minecraft:deepslate_lapis_ore":6,"minecraft:nether_brick_stairs":1,"minecraft:azure_bluet":2,"minecraft:sculk_shrieker":1,"chococraft:gysahl_green":40,"ms:plant/purple_shroom":2,"minecraft:dirt_path":3,"minecraft:oak_stairs":1,"ms:ore/onyx":4,"minecraft:spruce_slab":2,"ms:nature/tigerwood_log":4,"ms:ore/deepslate_sapphire":1,"minecraft:poppy":1,"minecraft:chest":2,"minecraft:cobblestone":25,"minecraft:oak_planks":86,"minecraft:sugar_cane":9,"ms:ore/mithril":3,"minecraft:birch_log":76,"ms:nature/white_cherry_leaves":1,"ms:ore/deepslate_mithril":2,"minecraft:grass":202,"minecraft:oak_log":86,"minecraft:dirt":1501,"minecraft:netherrack":174,"minecraft:oak_leaves":13,"minecraft:deepslate":168,"minecraft:infested_deepslate":1,"minecraft:tuff":35,"minecraft:deepslate_diamond_ore":9,"ms:ore/tin":1,"ms:nature/silverbell_sapling":4,"minecraft:nether_bricks":20,"ms:nature/silverbell_leaves":8,"ms:nature/pink_cherry_leaves":2,"ms:stone/marble":9,"ms:plant/grass":79,"ms:nature/tigerwood_planks":1,"minecraft:hay_block":90,"ms:ore/amazonite":3,"ms:plant/green_shroom":3,"minecraft:stripped_spruce_log":4,"evilcraft:dark_ore":2,"minecraft:gold_block":2,"minecraft:nether_brick_fence":1,"ms:slab/maple_slab":18,"minecraft:bookshelf":8,"minecraft:deepslate_iron_ore":17,"minecraft:cobblestone_slab":1,"minecraft:vine":1,"minecraft:lantern":5,"minecraft:stone":425,"minecraft:soul_sand":10,"ms:ore/cobalt":1,"ms:ore/olivine":2,"ms:nature/maple_planks":1,"minecraft:basalt":1,"ms:nature/yellow_maple_leaves":1,"minecraft:crafting_table":4,"minecraft:sculk_sensor":15,"minecraft:tall_grass":17,"minecraft:sculk":4,"minecraft:warped_wart_block":1,"minecraft:birch_planks":12,"ms:stone/limestone":9,"minecraft:sea_pickle":1,"minecraft:gray_bed":1,"minecraft:birch_leaves":2,"minecraft:coal_ore":88,"minecraft:gravel":14,"minecraft:sunflower":3,"minecraft:cobweb":42,"minecraft:gold_ore":3},"minecraft:broken":{"minecraft:iron_shovel":5,"ms:armor/bronze_legs":1,"minecraft:stone_pickaxe":1,"minecraft:stone_shovel":7,"ms:armor/bronze_helmet":1,"ms:armor/sapphire_boots":1,"minecraft:iron_axe":2,"minecraft:iron_pickaxe":3,"minecraft:golden_pickaxe":1},"minecraft:picked_up":{"chococraft:loverly_gysahl_green":10,"minecraft:wheat":22,"minecraft:anvil":1,"ms:food/black_tulip_seeds":4,"minecraft:oak_stairs":1,"minecraft:enchanted_book":1,"minecraft:golden_sword":1,"alexsmobs:gazelle_horn":1,"minecraft:string":50,"ms:nature/maple_planks":1,"minecraft:armor_stand":2,"minecraft:sea_pickle":3,"ms:armor/glass_legs":1,"alexsmobs:emu_feather":1,"minecraft:cobbled_deepslate":73,"ms:tool/onyx_bow":3,"minecraft:cobblestone_slab":1,"ms:nature/maple_log":10,"ms:nature/hellwood_sapling":1,"minecraft:iron_pickaxe":2,"ms:armor/glass_chest":1,"minecraft:stick":73,"ms:tool/turquoise_sword":1,"minecraft:torch":4,"ms:ore/cobalt":2,"minecraft:porkchop":1,"tombstone:grave_dust":11,"ms:tool/steel_sword":2,"ms:ore/tin":1,"minecraft:rotten_flesh":36,"alexsmobs:emu_egg":3,"chococraft:chocobo_drumstick_raw":1,"minecraft:blaze_rod":4,"ms:food/pink_tulip_seeds":1,"minecraft:cobblestone":427,"minecraft:birch_log":87,"minecraft:leather_chestplate":1,"minecraft:feather":11,"minecraft:cooked_beef":1,"alexsmobs:bear_fur":1,"ms:nature/silverbell_log":392,"minecraft:flint":1,"minecraft:tuff":36,"evilcraft:flesh_humanoid":1,"ms:materials/wither_bone":2,"minecraft:lapis_lazuli":40,"minecraft:dirt":1755,"minecraft:lantern":5,"ms:food/raw_calamari":1,"minecraft:name_tag":1,"ms:tool/opal_sword":1,"minecraft:leather_boots":1,"ms:gem/opal":6,"ms:food/vanilla_seeds":3,"minecraft:bone":8,"minecraft:wheat_seeds":59,"ms:stone/marble":13,"ms:food/white_tulip_seeds":2,"ms:food/strawberry_seeds":4,"minecraft:raw_gold":10,"minecraft:oak_planks":110,"ms:food/lime_tulip_seeds":3,"ms:food/green_tulip_seeds":1,"ms:gem/onyx":4,"ms:food/light_blue_tulip_seeds":5,"minecraft:warped_wart_block":1,"minecraft:sand":1,"minecraft:stripped_spruce_log":4,"minecraft:nether_brick_stairs":1,"ms:ore/mithril":3,"minecraft:barrel":12,"minecraft:bundle":1,"ms:armor/sapphire_chest":1,"ms:food/magenta_tulip_seeds":1,"ms:food/onion_seeds":5,"ms:food/orange_tulip_seeds":4,"tombstone:familiar_stone":2,"minecraft:diamond":8,"ms:food/yellow_tulip_seeds":3,"ms:food/blue_tulip_seeds":1,"ms:nature/tigerwood_planks":1,"minecraft:bread":29,"alexsmobs:maggot":1,"minecraft:oak_sapling":45,"minecraft:netherrack":78,"ms:food/lettuce_seeds":1,"minecraft:crafting_table":4,"minecraft:azure_bluet":22,"minecraft:chicken":4,"minecraft:nether_wart":10,"ms:food/cyan_tulip_seeds":4,"ms:tool/trio_sword":1,"minecraft:gold_block":2,"ms:tool/copper_sword":1,"ms:tool/uranium_sword":3,"minecraft:iron_axe":1,"ms:food/red_tulip_seeds":5,"minecraft:item_frame":2,"ms:gem/sapphire":2,"ms:armor/sapphire_boots":1,"ms:armor/titanium_legs":2,"minecraft:beef":17,"minecraft:iron_nugget":7,"minecraft:light_gray_wool":2,"minecraft:chest":2,"minecraft:sugar_cane":17,"ms:food/light_grey_tulip_seeds":1,"minecraft:birch_sapling":4,"ms:slab/maple_slab":25,"minecraft:egg":4,"ms:armor/glass_boots":1,"ms:food/purple_tulip_seeds":2,"minecraft:raw_iron":35,"ms:food/grey_tulip_seeds":4,"ms:armor/glass_helmet":1,"ms:food/tomato_seeds":6,"minecraft:fire_charge":1,"minecraft:dark_oak_planks":1,"minecraft:arrow":10,"minecraft:hay_block":88,"ms:ore/deepslate_turquoise":3,"ms:materials/iron_rod":1,"tombstone:essence_of_undeath":1,"minecraft:gold_ingot":3,"ms:gem/amazonite":4,"ms:ore/deepslate_mithril":4,"minecraft:mutton":18,"ms:nature/tigerwood_log":4,"minecraft:white_wool":9,"ms:food/rice_seeds":2,"minecraft:glow_ink_sac":3,"ms:plant/purple_shroom":2,"ms:armor/bronze_helmet":1,"minecraft:leather":10,"ms:food/brown_tulip_seeds":3,"minecraft:birch_planks":12,"minecraft:oak_log":85,"ms:gem/sulfur":7,"ms:food/corn_seeds":3,"minecraft:gunpowder":9,"chococraft:chocobo_feather":10,"ms:armor/bronze_chest":2,"chococraft:gysahl_green":86,"minecraft:iron_ingot":9,"minecraft:stone_pickaxe":1,"ms:armor/bronze_legs":1,"minecraft:gray_bed":1,"minecraft:acacia_sapling":1,"minecraft:soul_sand":10,"ms:nature/silverbell_sapling":88,"minecraft:book":24,"ms:gem/olivine":3,"minecraft:dandelion":8,"ms:stair/maplestair":6,"minecraft:gravel":14,"ms:explosives/dynamite":7,"chococraft:gysahl_green_seeds":74,"minecraft:white_bed":6,"minecraft:spider_eye":5,"ms:tool/olivine_sword":1,"ms:gem/uranium":3,"ms:food/bell_pepper_seeds":2,"minecraft:stone_axe":1,"ms:plant/green_shroom":3,"ms:explosives/refined_dynamite":4,"evilcraft:dark_gem":9,"ms:gem/jet":1,"minecraft:gray_wool":2,"tombstone:magic_scroll":1,"minecraft:coal":83,"ms:armor/bronze_boots":1}},"DataVersion":3337}