{"stats":{"minecraft:picked_up":{"ms:nature/silverbell_sapling":1,"minecraft:stick":2,"ms:food/onion_seeds":1,"ms:food/light_blue_tulip_seeds":1,"minecraft:wheat_seeds":9,"ms:food/strawberry_seeds":1,"minecraft:gray_wool":1,"minecraft:light_gray_wool":2,"ms:food/pink_tulip_seeds":1,"minecraft:mutton":4,"ms:nature/tigerwood_log":4,"minecraft:acacia_sapling":1,"minecraft:dirt":2},"minecraft:crafted":{"ms:nature/tigerwood_planks":16,"minecraft:crafting_table":1},"minecraft:killed":{"minecraft:sheep":3},"minecraft:mined":{"minecraft:grass":42,"minecraft:grass_block":1,"ms:nature/tigerwood_log":4,"minecraft:tall_grass":12,"ms:plant/grass":8},"minecraft:used":{"minecraft:dirt":2,"minecraft:crafting_table":1,"alexsmobs:animal_dictionary":1},"minecraft:custom":{"minecraft:time_since_rest":17204,"minecraft:play_time":17204,"minecraft:sprint_one_cm":25051,"minecraft:damage_taken":20,"minecraft:walk_one_cm":23716,"minecraft:sneak_time":159,"minecraft:walk_under_water_one_cm":197,"minecraft:mob_kills":3,"minecraft:jump":168,"minecraft:damage_dealt":352,"minecraft:walk_on_water_one_cm":1259,"minecraft:time_since_death":17204,"minecraft:total_world_time":17204,"minecraft:interact_with_crafting_table":1,"minecraft:fall_one_cm":5819,"minecraft:fly_one_cm":37655}},"DataVersion":3337}