{"stats":{"minecraft:broken":{"minecraft:stone_shovel":7},"minecraft:picked_up":{"chococraft:loverly_gysahl_green":1,"minecraft:crafting_table":2,"minecraft:azure_bluet":15,"minecraft:chicken":4,"ms:food/cyan_tulip_seeds":4,"minecraft:anvil":1,"ms:food/black_tulip_seeds":4,"ms:tool/copper_sword":1,"minecraft:string":2,"ms:food/red_tulip_seeds":4,"minecraft:item_frame":2,"minecraft:armor_stand":2,"minecraft:sea_pickle":3,"ms:armor/glass_legs":1,"minecraft:beef":17,"minecraft:light_gray_wool":2,"ms:armor/glass_chest":1,"minecraft:sugar_cane":10,"minecraft:chest":2,"minecraft:egg":4,"ms:armor/glass_boots":1,"minecraft:stick":2,"ms:food/purple_tulip_seeds":1,"ms:food/grey_tulip_seeds":3,"ms:armor/glass_helmet":1,"ms:food/tomato_seeds":6,"minecraft:porkchop":1,"ms:tool/steel_sword":1,"ms:ore/tin":1,"minecraft:hay_block":14,"chococraft:chocobo_drumstick_raw":1,"minecraft:mutton":14,"ms:nature/tigerwood_log":4,"minecraft:cobblestone":76,"ms:food/pink_tulip_seeds":1,"minecraft:white_wool":3,"minecraft:birch_log":7,"minecraft:leather_chestplate":1,"minecraft:feather":6,"ms:food/rice_seeds":2,"ms:armor/bronze_helmet":1,"minecraft:leather":10,"ms:food/brown_tulip_seeds":3,"alexsmobs:bear_fur":1,"ms:nature/silverbell_log":11,"minecraft:flint":1,"minecraft:oak_log":6,"ms:food/corn_seeds":3,"minecraft:dirt":972,"minecraft:lantern":5,"minecraft:leather_boots":1,"ms:food/vanilla_seeds":3,"chococraft:chocobo_feather":7,"ms:armor/bronze_chest":1,"chococraft:gysahl_green":21,"minecraft:wheat_seeds":27,"ms:food/white_tulip_seeds":2,"ms:food/strawberry_seeds":4,"ms:armor/bronze_legs":1,"minecraft:oak_planks":4,"minecraft:acacia_sapling":1,"ms:food/lime_tulip_seeds":1,"ms:nature/silverbell_sapling":4,"ms:food/green_tulip_seeds":1,"ms:gem/onyx":3,"ms:food/light_blue_tulip_seeds":4,"minecraft:dandelion":1,"minecraft:gravel":13,"minecraft:stripped_spruce_log":4,"chococraft:gysahl_green_seeds":7,"minecraft:white_bed":2,"minecraft:spider_eye":2,"minecraft:barrel":6,"ms:food/magenta_tulip_seeds":1,"ms:food/onion_seeds":4,"ms:food/orange_tulip_seeds":3,"ms:food/bell_pepper_seeds":2,"minecraft:stone_axe":1,"ms:food/yellow_tulip_seeds":3,"ms:nature/tigerwood_planks":1,"minecraft:gray_wool":2,"minecraft:oak_sapling":1,"minecraft:coal":24,"ms:armor/bronze_boots":1},"minecraft:crafted":{"minecraft:wooden_sword":1,"minecraft:stone_shovel":7,"minecraft:furnace":1,"minecraft:cooked_mutton":10,"minecraft:stone_pickaxe":1,"ms:nature/tigerwood_planks":16,"minecraft:wheat":126,"minecraft:crafting_table":3,"minecraft:spruce_planks":16,"minecraft:wooden_pickaxe":1,"minecraft:stone_axe":1,"minecraft:bread":42,"minecraft:air":0,"minecraft:book":1,"minecraft:paper":3,"minecraft:stick":28,"minecraft:stone_sword":1,"chococraft:chocobo_saddle":1,"minecraft:torch":24},"minecraft:killed":{"minecraft:spider":2,"minecraft:chicken":4,"minecraft:pig":1,"alexsmobs:grizzly_bear":1,"minecraft:sheep":8,"alexsmobs:fly":1,"minecraft:cow":9,"chococraft:chocobo":1},"minecraft:mined":{"minecraft:white_bed":2,"ms:ore/tin":1,"ms:nature/silverbell_leaves":3,"minecraft:grass_block":434,"ms:nature/silverbell_log":11,"ms:plant/grass":54,"ms:nature/tigerwood_planks":1,"minecraft:hay_block":14,"minecraft:barrel":6,"minecraft:stripped_spruce_log":4,"minecraft:anvil":1,"minecraft:azure_bluet":2,"chococraft:gysahl_green":9,"minecraft:dirt_path":3,"minecraft:lantern":5,"minecraft:stone":76,"ms:ore/onyx":3,"ms:nature/tigerwood_log":4,"ms:nature/yellow_maple_leaves":1,"minecraft:crafting_table":1,"minecraft:poppy":1,"minecraft:chest":2,"minecraft:tall_grass":17,"minecraft:sugar_cane":6,"minecraft:sea_pickle":1,"minecraft:birch_log":7,"minecraft:grass":159,"minecraft:oak_log":6,"minecraft:coal_ore":24,"minecraft:gravel":14,"minecraft:dirt":525},"minecraft:dropped":{"ms:food/light_blue_tulip_seeds":2,"ms:food/cyan_tulip_seeds":2,"minecraft:wheat_seeds":2,"ms:food/bell_pepper_seeds":1,"ms:food/pink_tulip_seeds":1,"ms:food/purple_tulip_seeds":1,"ms:food/brown_tulip_seeds":3,"ms:nature/silverbell_sapling":4,"ms:food/corn_seeds":2,"ms:food/orange_tulip_seeds":3,"minecraft:mutton":1,"ms:food/rice_seeds":2,"tombstone:grave_dust":1,"minecraft:wooden_sword":1,"minecraft:white_wool":1,"ms:food/onion_seeds":2,"minecraft:dandelion":1,"ms:food/tomato_seeds":3,"minecraft:gravel":13,"ms:food/strawberry_seeds":1,"minecraft:stone_axe":1,"minecraft:stone_sword":1,"ms:food/green_tulip_seeds":1,"minecraft:azure_bluet":15,"ms:food/grey_tulip_seeds":1,"minecraft:leather_chestplate":2,"ms:food/black_tulip_seeds":1,"minecraft:leather_boots":2,"ms:food/vanilla_seeds":3,"minecraft:spider_eye":1,"minecraft:wooden_pickaxe":1,"minecraft:egg":1},"minecraft:killed_by":{"minecraft:player":1,"minecraft:zombie":1},"minecraft:custom":{"minecraft:mob_kills":27,"minecraft:interact_with_crafting_table":16,"minecraft:open_barrel":4,"minecraft:time_since_death":114915,"minecraft:climb_one_cm":144,"minecraft:sprint_one_cm":245788,"minecraft:walk_one_cm":254918,"minecraft:drop":46,"minecraft:talked_to_villager":1,"minecraft:play_time":137204,"minecraft:deaths":2,"minecraft:sneak_time":2381,"minecraft:walk_under_water_one_cm":2740,"minecraft:jump":1994,"minecraft:walk_on_water_one_cm":11051,"minecraft:total_world_time":137204,"minecraft:interact_with_furnace":3,"minecraft:interact_with_grindstone":2,"minecraft:sleep_in_bed":1,"minecraft:time_since_rest":101170,"minecraft:damage_taken":952,"minecraft:damage_dealt":3195,"minecraft:swim_one_cm":15607,"minecraft:fly_one_cm":428304,"minecraft:open_chest":18,"minecraft:crouch_one_cm":6129,"minecraft:fall_one_cm":65709},"minecraft:used":{"minecraft:stone_sword":33,"ms:tool/steel_sword":67,"minecraft:armor_stand":1,"minecraft:stone_shovel":933,"minecraft:chest":2,"minecraft:torch":3,"minecraft:dirt":237,"minecraft:acacia_sapling":1,"minecraft:furnace":1,"tombstone:gift":2,"minecraft:egg":3,"minecraft:stone_pickaxe":97,"minecraft:wooden_pickaxe":14,"minecraft:sugar_cane":1,"minecraft:crafting_table":5,"ms:nature/tigerwood_planks":1,"minecraft:white_bed":1,"minecraft:bread":19,"minecraft:chicken":1,"minecraft:stone_axe":71,"minecraft:porkchop":1,"alexsmobs:animal_dictionary":3}},"DataVersion":3337}