{"stats":{"minecraft:broken":{"ms:armor/bronze_helmet":1,"minecraft:stone_pickaxe":1,"minecraft:stone_shovel":7},"minecraft:picked_up":{"chococraft:loverly_gysahl_green":10,"minecraft:crafting_table":3,"minecraft:azure_bluet":15,"minecraft:chicken":4,"minecraft:anvil":1,"ms:food/cyan_tulip_seeds":4,"ms:food/black_tulip_seeds":4,"minecraft:gold_block":1,"minecraft:enchanted_book":1,"ms:tool/copper_sword":1,"ms:tool/uranium_sword":2,"alexsmobs:gazelle_horn":1,"minecraft:string":44,"ms:food/red_tulip_seeds":4,"minecraft:item_frame":2,"minecraft:armor_stand":2,"minecraft:sea_pickle":3,"ms:armor/glass_legs":1,"ms:tool/onyx_bow":1,"ms:gem/sapphire":1,"minecraft:cobbled_deepslate":1,"ms:armor/titanium_legs":2,"minecraft:beef":17,"minecraft:cobblestone_slab":1,"minecraft:iron_nugget":7,"minecraft:light_gray_wool":2,"ms:armor/glass_chest":1,"minecraft:sugar_cane":17,"minecraft:chest":2,"minecraft:egg":4,"minecraft:raw_iron":33,"ms:armor/glass_boots":1,"ms:food/purple_tulip_seeds":2,"minecraft:stick":2,"ms:food/grey_tulip_seeds":3,"ms:armor/glass_helmet":1,"ms:tool/turquoise_sword":1,"ms:ore/cobalt":1,"minecraft:torch":4,"ms:food/tomato_seeds":6,"minecraft:porkchop":1,"tombstone:grave_dust":4,"ms:tool/steel_sword":2,"ms:ore/tin":1,"minecraft:dark_oak_planks":1,"minecraft:arrow":5,"minecraft:rotten_flesh":21,"ms:ore/deepslate_turquoise":3,"minecraft:hay_block":53,"tombstone:essence_of_undeath":1,"ms:materials/iron_rod":1,"ms:ore/deepslate_mithril":4,"alexsmobs:emu_egg":3,"minecraft:gold_ingot":3,"ms:gem/amazonite":4,"chococraft:chocobo_drumstick_raw":1,"minecraft:mutton":18,"ms:nature/tigerwood_log":4,"ms:food/pink_tulip_seeds":1,"minecraft:white_wool":9,"minecraft:cobblestone":200,"minecraft:birch_log":7,"minecraft:leather_chestplate":1,"minecraft:feather":6,"ms:food/rice_seeds":2,"minecraft:glow_ink_sac":3,"ms:armor/bronze_helmet":1,"minecraft:leather":10,"ms:food/brown_tulip_seeds":3,"ms:gem/sulfur":7,"alexsmobs:bear_fur":1,"ms:nature/silverbell_log":11,"minecraft:flint":1,"minecraft:oak_log":6,"ms:food/corn_seeds":3,"evilcraft:flesh_humanoid":1,"minecraft:gunpowder":4,"minecraft:dirt":1001,"minecraft:lantern":5,"ms:food/raw_calamari":1,"minecraft:name_tag":1,"ms:tool/opal_sword":1,"ms:gem/opal":4,"minecraft:leather_boots":1,"ms:food/vanilla_seeds":3,"chococraft:chocobo_feather":10,"ms:armor/bronze_chest":2,"minecraft:bone":6,"chococraft:gysahl_green":86,"minecraft:wheat_seeds":28,"ms:stone/marble":4,"ms:food/white_tulip_seeds":2,"ms:food/strawberry_seeds":4,"minecraft:raw_gold":10,"minecraft:stone_pickaxe":1,"ms:armor/bronze_legs":1,"minecraft:oak_planks":24,"minecraft:acacia_sapling":1,"ms:food/lime_tulip_seeds":1,"ms:nature/silverbell_sapling":4,"minecraft:book":24,"ms:food/green_tulip_seeds":1,"ms:gem/onyx":4,"ms:gem/olivine":3,"ms:food/light_blue_tulip_seeds":4,"minecraft:dandelion":1,"minecraft:gravel":14,"ms:explosives/dynamite":7,"minecraft:stripped_spruce_log":4,"chococraft:gysahl_green_seeds":74,"ms:tool/olivine_sword":1,"ms:ore/mithril":3,"minecraft:white_bed":6,"ms:gem/uranium":3,"minecraft:spider_eye":4,"minecraft:barrel":12,"minecraft:bundle":1,"ms:armor/sapphire_chest":1,"ms:explosives/refined_dynamite":4,"ms:food/magenta_tulip_seeds":1,"ms:food/onion_seeds":4,"ms:food/orange_tulip_seeds":4,"tombstone:familiar_stone":2,"ms:food/bell_pepper_seeds":2,"ms:food/yellow_tulip_seeds":3,"minecraft:stone_axe":1,"evilcraft:dark_gem":9,"ms:gem/jet":1,"ms:nature/tigerwood_planks":1,"minecraft:gray_wool":2,"minecraft:oak_sapling":1,"minecraft:coal":79,"ms:armor/bronze_boots":1},"minecraft:crafted":{"minecraft:wooden_sword":1,"minecraft:oak_planks":24,"minecraft:stone_shovel":7,"ms:gem/uranium_ingot":2,"ms:tool/uranium_sword":1,"minecraft:furnace":1,"minecraft:cooked_mutton":10,"minecraft:stone_pickaxe":2,"ms:nature/tigerwood_planks":16,"ms:tool/opal_sword":1,"minecraft:wheat":216,"minecraft:crafting_table":6,"minecraft:spruce_planks":16,"minecraft:wooden_pickaxe":1,"chococraft:chocopedia":1,"minecraft:stone_axe":1,"minecraft:bread":72,"minecraft:air":0,"minecraft:book":1,"minecraft:paper":3,"minecraft:shield":1,"ms:materials/iron_rod":2,"minecraft:stick":44,"minecraft:iron_ingot":1,"minecraft:stone_sword":1,"minecraft:gold_ingot":9,"chococraft:chocobo_saddle":1,"minecraft:torch":72},"minecraft:killed":{"minecraft:cave_spider":3,"minecraft:witch":1,"minecraft:spider":6,"minecraft:skeleton":6,"minecraft:chicken":4,"alexsmobs:centipede_head":1,"alexsmobs:skreecher":1,"minecraft:pig":1,"alexsmobs:grizzly_bear":1,"minecraft:creeper":5,"minecraft:sheep":11,"minecraft:zombie":35,"alexsmobs:gazelle":2,"alexsmobs:fly":1,"minecraft:cow":9,"chococraft:chocobo":1},"minecraft:mined":{"minecraft:dark_oak_planks":1,"minecraft:white_bed":6,"ms:ore/jet":1,"minecraft:deepslate_diamond_ore":1,"ms:ore/tin":1,"alexsmobs:leafcutter_anthill":1,"ms:nature/silverbell_leaves":3,"ms:ore/deepslate_turquoise":2,"ms:ore/turquoise":1,"minecraft:grass_block":436,"ms:nature/silverbell_log":11,"ms:nature/pink_cherry_leaves":2,"ms:plant/grass":64,"minecraft:spawner":2,"ms:nature/tigerwood_planks":1,"minecraft:hay_block":54,"ms:ore/amazonite":3,"ms:stone/peridotite":1,"minecraft:iron_ore":19,"minecraft:barrel":6,"minecraft:stripped_spruce_log":4,"evilcraft:dark_ore":2,"minecraft:anvil":1,"minecraft:gold_block":1,"minecraft:azure_bluet":2,"minecraft:sculk_shrieker":1,"minecraft:bookshelf":8,"chococraft:gysahl_green":40,"minecraft:deepslate_iron_ore":15,"minecraft:cobblestone_slab":1,"minecraft:dirt_path":3,"minecraft:lantern":5,"minecraft:stone":117,"ms:ore/onyx":3,"minecraft:spruce_slab":2,"ms:nature/tigerwood_log":4,"ms:ore/cobalt":1,"ms:ore/olivine":2,"ms:ore/deepslate_sapphire":1,"ms:nature/yellow_maple_leaves":1,"minecraft:crafting_table":3,"minecraft:poppy":1,"minecraft:chest":2,"minecraft:sculk_sensor":15,"minecraft:tall_grass":17,"minecraft:cobblestone":3,"minecraft:sugar_cane":9,"minecraft:sculk":4,"ms:ore/mithril":3,"minecraft:birch_log":7,"minecraft:sea_pickle":1,"minecraft:birch_leaves":1,"ms:ore/deepslate_mithril":2,"minecraft:grass":182,"minecraft:coal_ore":87,"minecraft:oak_log":6,"minecraft:sunflower":3,"minecraft:gravel":14,"minecraft:dirt":530,"minecraft:cobweb":42,"minecraft:gold_ore":3,"minecraft:oak_leaves":2,"minecraft:deepslate":2},"minecraft:dropped":{"ms:food/light_blue_tulip_seeds":2,"ms:food/cyan_tulip_seeds":2,"chococraft:loverly_gysahl_green":5,"minecraft:wheat_seeds":3,"ms:tool/opal_sword":2,"ms:food/bell_pepper_seeds":1,"ms:food/pink_tulip_seeds":1,"ms:armor/bronze_chest":2,"minecraft:cobblestone":7,"ms:tool/steel_sword":2,"ms:gem/jet":1,"ms:food/purple_tulip_seeds":2,"ms:food/brown_tulip_seeds":3,"ms:nature/silverbell_sapling":4,"ms:materials/iron_rod":1,"ms:gem/sulfur":7,"minecraft:dirt":19,"ms:food/corn_seeds":2,"ms:food/orange_tulip_seeds":3,"minecraft:torch":6,"minecraft:mutton":6,"ms:explosives/dynamite":5,"ms:gem/amazonite":4,"ms:food/rice_seeds":2,"tombstone:grave_dust":5,"minecraft:wooden_sword":1,"ms:gem/olivine":3,"minecraft:white_wool":7,"ms:food/onion_seeds":2,"ms:armor/titanium_legs":2,"minecraft:dandelion":1,"minecraft:bone":6,"ms:food/tomato_seeds":3,"minecraft:gravel":13,"ms:food/strawberry_seeds":1,"minecraft:stone_axe":1,"minecraft:sugar_cane":10,"ms:tool/uranium_sword":2,"alexsmobs:gazelle_horn":1,"minecraft:iron_nugget":7,"minecraft:cobbled_deepslate":1,"minecraft:stone_sword":1,"ms:explosives/refined_dynamite":4,"ms:food/green_tulip_seeds":1,"minecraft:chicken":3,"evilcraft:box_of_eternal_closure":2,"minecraft:rotten_flesh":21,"minecraft:oak_planks":20,"minecraft:azure_bluet":15,"ms:food/grey_tulip_seeds":3,"ms:tool/olivine_sword":1,"ms:tool/turquoise_sword":1,"minecraft:leather_chestplate":2,"ms:food/black_tulip_seeds":1,"tombstone:essence_of_undeath":1,"ms:ore/deepslate_mithril":4,"minecraft:leather_boots":2,"ms:food/vanilla_seeds":3,"minecraft:spider_eye":3,"minecraft:barrel":11,"minecraft:stone_pickaxe":1,"minecraft:wooden_pickaxe":1,"minecraft:raw_gold":1,"minecraft:egg":1},"minecraft:killed_by":{"minecraft:player":2,"alexsmobs:elephant":1,"minecraft:zombie":1},"minecraft:custom":{"minecraft:mob_kills":86,"minecraft:interact_with_crafting_table":38,"minecraft:open_barrel":10,"minecraft:leave_game":3,"minecraft:time_since_death":100242,"minecraft:climb_one_cm":445,"minecraft:sprint_one_cm":743515,"minecraft:walk_one_cm":634992,"minecraft:damage_blocked_by_shield":640,"minecraft:drop":112,"minecraft:talked_to_villager":7,"minecraft:play_time":296463,"minecraft:deaths":4,"minecraft:sneak_time":7322,"minecraft:walk_under_water_one_cm":16088,"minecraft:jump":5637,"minecraft:walk_on_water_one_cm":44233,"minecraft:total_world_time":296463,"minecraft:interact_with_furnace":9,"tombstone:raider_killed":1,"minecraft:interact_with_cartography_table":2,"minecraft:interact_with_grindstone":2,"minecraft:sleep_in_bed":4,"minecraft:time_since_rest":60873,"minecraft:damage_taken":4914,"minecraft:damage_dealt":13781,"minecraft:swim_one_cm":44052,"minecraft:fly_one_cm":1073997,"minecraft:open_chest":36,"minecraft:crouch_one_cm":21242,"tombstone:undead_killed":41,"minecraft:fall_one_cm":200365},"minecraft:used":{"alexsmobs:emu_egg":3,"tombstone:scroll_of_lightning_resistance":10,"ms:tool/uranium_sword":68,"minecraft:stone_sword":33,"ms:tool/steel_sword":329,"minecraft:armor_stand":1,"minecraft:stone_shovel":933,"minecraft:chest":2,"minecraft:shield":16,"ms:explosives/refined_dynamite":1,"minecraft:torch":118,"minecraft:dirt":293,"minecraft:acacia_sapling":1,"evilcraft:box_of_eternal_closure":2,"minecraft:barrel":1,"minecraft:furnace":1,"tombstone:gift":6,"ms:tool/opal_sword":36,"minecraft:egg":3,"minecraft:water_bucket":8,"minecraft:stone_pickaxe":178,"minecraft:wooden_pickaxe":14,"minecraft:sugar_cane":1,"minecraft:crafting_table":9,"ms:nature/tigerwood_planks":1,"minecraft:white_bed":6,"ms:explosives/dynamite":15,"minecraft:chicken":1,"minecraft:bread":101,"minecraft:string":2,"minecraft:iron_pickaxe":120,"minecraft:stone_axe":83,"minecraft:cobblestone":45,"minecraft:porkchop":1,"minecraft:bucket":9,"alexsmobs:animal_dictionary":3}},"DataVersion":3337}