{"stats":{"minecraft:killed":{"aquaculture:bluegill":1,"minecraft:sheep":5},"minecraft:dropped":{"ms:food/tomato_seeds":1,"car:canola_seeds":7,"ms:food/cyan_tulip_seeds":2,"ms:food/light_grey_tulip_seeds":6,"ms:food/lime_tulip_seeds":1,"ms:food/green_tulip_seeds":8,"minecraft:cobblestone":8,"ms:food/purple_tulip_seeds":8,"chococraft:gysahl_green_seeds":2,"ms:food/white_tulip_seeds":3,"ms:food/orange_tulip_seeds":3,"ms:food/corn_seeds":1,"minecraft:stone":1,"ms:food/magenta_tulip_seeds":3,"minecraft:oak_sapling":1,"ms:food/vanilla_seeds":2,"ms:food/red_tulip_seeds":2,"minecraft:pumpkin":2,"ms:food/blue_tulip_seeds":2,"minecraft:wooden_pickaxe":1},"minecraft:crafted":{"minecraft:wooden_sword":1,"minecraft:oak_planks":56,"minecraft:wooden_shovel":1,"minecraft:crafting_table":4,"minecraft:wooden_pickaxe":2,"minecraft:furnace":3,"minecraft:stone":1,"minecraft:birch_planks":20,"minecraft:cooked_mutton":5,"minecraft:air":0,"minecraft:wooden_hoe":1,"minecraft:stick":32,"minecraft:iron_ingot":4,"minecraft:iron_pickaxe":1,"minecraft:stone_pickaxe":1,"minecraft:wooden_axe":1,"minecraft:torch":4},"minecraft:used":{"minecraft:wheat_seeds":21,"minecraft:cooked_mutton":5,"minecraft:stone_pickaxe":131,"minecraft:wooden_pickaxe":193,"minecraft:wooden_shovel":69,"aquaculture:bluegill":1,"minecraft:torch":1,"minecraft:dirt":49,"minecraft:crafting_table":7,"minecraft:wooden_axe":73,"minecraft:wooden_hoe":42,"minecraft:iron_pickaxe":57,"minecraft:wooden_sword":49,"minecraft:furnace":4,"alexsmobs:animal_dictionary":4},"minecraft:custom":{"minecraft:interact_with_furnace":10,"minecraft:mob_kills":6,"minecraft:interact_with_crafting_table":10,"minecraft:leave_game":4,"minecraft:time_since_death":59660,"minecraft:time_since_rest":59660,"minecraft:sprint_one_cm":123899,"minecraft:damage_taken":240,"minecraft:walk_one_cm":152399,"minecraft:drop":34,"minecraft:damage_dealt":506,"minecraft:swim_one_cm":23350,"minecraft:fly_one_cm":31682,"minecraft:open_chest":1,"minecraft:crouch_one_cm":2175,"minecraft:play_time":59660,"minecraft:sneak_time":1218,"minecraft:walk_under_water_one_cm":21086,"minecraft:jump":437,"minecraft:walk_on_water_one_cm":29610,"minecraft:total_world_time":59660,"minecraft:fall_one_cm":5701},"minecraft:mined":{"minecraft:crafting_table":4,"minecraft:granite":29,"minecraft:acacia_log":2,"minecraft:grass_block":45,"minecraft:tall_grass":7,"minecraft:lapis_ore":1,"ms:nature/pink_cherry_leaves":22,"ms:ore/sapphire":3,"minecraft:sugar_cane":2,"ms:plant/grass":78,"minecraft:diorite":29,"minecraft:wall_torch":1,"ms:stone/limestone":1,"ms:ore/amazonite":4,"minecraft:furnace":2,"ms:ore/mithril":2,"minecraft:birch_log":5,"minecraft:iron_ore":4,"ms:nature/cherry_log":5,"minecraft:andesite":52,"minecraft:birch_leaves":1,"minecraft:pumpkin":1,"minecraft:grass":189,"chococraft:gysahl_green":2,"minecraft:oak_log":43,"minecraft:coal_ore":25,"minecraft:dirt":19,"minecraft:stone":133,"minecraft:oak_leaves":9},"minecraft:broken":{"minecraft:stone_pickaxe":1,"minecraft:wooden_shovel":1,"minecraft:wooden_axe":1,"minecraft:wooden_pickaxe":2},"minecraft:picked_up":{"minecraft:birch_log":5,"minecraft:crafting_table":4,"ms:food/rice_seeds":7,"ms:food/black_tulip_seeds":4,"ms:food/cyan_tulip_seeds":2,"minecraft:andesite":52,"minecraft:brown_wool":1,"minecraft:wooden_pickaxe":1,"ms:nature/cherry_log":5,"ms:nature/cherry_sapling":2,"minecraft:oak_log":43,"ms:food/corn_seeds":1,"minecraft:lapis_lazuli":9,"minecraft:dirt":62,"ms:food/red_tulip_seeds":2,"ms:food/vanilla_seeds":2,"chococraft:gysahl_green":3,"ms:gem/sapphire":3,"minecraft:wheat_seeds":23,"ms:food/white_tulip_seeds":3,"aquaculture:bluegill":1,"minecraft:acacia_sapling":1,"minecraft:sugar_cane":5,"ms:food/light_grey_tulip_seeds":6,"minecraft:birch_sapling":2,"ms:food/lime_tulip_seeds":1,"minecraft:furnace":2,"ms:food/green_tulip_seeds":8,"minecraft:raw_iron":4,"minecraft:stick":3,"ms:food/purple_tulip_seeds":8,"minecraft:pumpkin":2,"minecraft:torch":1,"car:canola_seeds":7,"minecraft:acacia_log":1,"ms:food/tomato_seeds":1,"chococraft:gysahl_green_seeds":2,"ms:ore/mithril":2,"minecraft:diorite":27,"ms:food/magenta_tulip_seeds":8,"ms:food/orange_tulip_seeds":3,"ms:food/blue_tulip_seeds":2,"minecraft:granite":29,"ms:gem/amazonite":8,"minecraft:oak_sapling":1,"minecraft:black_wool":1,"minecraft:mutton":7,"minecraft:coal":24,"minecraft:white_wool":3,"minecraft:cobblestone":101}},"DataVersion":3337}