{"stats":{"minecraft:killed":{"aquaculture:bluegill":1,"minecraft:sheep":4},"minecraft:dropped":{"ms:food/tomato_seeds":1,"ms:food/corn_seeds":1,"minecraft:wooden_pickaxe":1},"minecraft:crafted":{"minecraft:wooden_sword":1,"minecraft:oak_planks":56,"minecraft:wooden_shovel":1,"minecraft:crafting_table":4,"minecraft:wooden_pickaxe":2,"minecraft:furnace":2,"minecraft:stone":1,"minecraft:birch_planks":20,"minecraft:cooked_mutton":5,"minecraft:air":0,"minecraft:wooden_hoe":1,"minecraft:stick":32,"minecraft:stone_pickaxe":1,"minecraft:wooden_axe":1},"minecraft:used":{"minecraft:wheat_seeds":12,"minecraft:cooked_mutton":3,"minecraft:stone_pickaxe":5,"minecraft:wooden_pickaxe":193,"minecraft:wooden_shovel":63,"aquaculture:bluegill":1,"minecraft:dirt":12,"minecraft:crafting_table":7,"minecraft:wooden_axe":1,"minecraft:wooden_hoe":19,"minecraft:wooden_sword":47,"minecraft:furnace":3,"alexsmobs:animal_dictionary":4},"minecraft:custom":{"minecraft:interact_with_furnace":5,"minecraft:mob_kills":5,"minecraft:interact_with_crafting_table":8,"minecraft:leave_game":4,"minecraft:time_since_death":35660,"minecraft:time_since_rest":35660,"minecraft:sprint_one_cm":60338,"minecraft:damage_taken":60,"minecraft:walk_one_cm":78340,"minecraft:drop":3,"minecraft:damage_dealt":410,"minecraft:swim_one_cm":11062,"minecraft:fly_one_cm":19138,"minecraft:open_chest":1,"minecraft:crouch_one_cm":549,"minecraft:play_time":35660,"minecraft:sneak_time":293,"minecraft:walk_under_water_one_cm":20036,"minecraft:jump":212,"minecraft:walk_on_water_one_cm":16346,"minecraft:total_world_time":35660,"minecraft:fall_one_cm":3821},"minecraft:mined":{"minecraft:crafting_table":3,"minecraft:granite":5,"minecraft:grass_block":39,"minecraft:tall_grass":7,"minecraft:sugar_cane":2,"ms:plant/grass":36,"minecraft:diorite":3,"ms:stone/limestone":1,"ms:ore/amazonite":4,"minecraft:furnace":1,"minecraft:birch_log":5,"minecraft:birch_leaves":1,"minecraft:pumpkin":1,"minecraft:grass":93,"minecraft:oak_log":14,"minecraft:coal_ore":3,"minecraft:dirt":19,"minecraft:stone":86,"minecraft:oak_leaves":9},"minecraft:broken":{"minecraft:wooden_pickaxe":2},"minecraft:picked_up":{"minecraft:birch_log":5,"minecraft:crafting_table":3,"ms:food/rice_seeds":4,"ms:food/cyan_tulip_seeds":2,"minecraft:brown_wool":1,"minecraft:wooden_pickaxe":1,"minecraft:oak_log":14,"ms:food/corn_seeds":1,"minecraft:dirt":56,"ms:food/red_tulip_seeds":2,"ms:food/vanilla_seeds":1,"minecraft:wheat_seeds":12,"ms:food/white_tulip_seeds":1,"aquaculture:bluegill":1,"minecraft:sugar_cane":5,"ms:food/light_grey_tulip_seeds":3,"minecraft:birch_sapling":2,"ms:food/lime_tulip_seeds":1,"minecraft:furnace":1,"ms:food/green_tulip_seeds":2,"minecraft:stick":1,"ms:food/purple_tulip_seeds":4,"minecraft:pumpkin":1,"car:canola_seeds":6,"ms:food/tomato_seeds":1,"minecraft:diorite":3,"ms:food/magenta_tulip_seeds":3,"ms:food/orange_tulip_seeds":3,"ms:food/blue_tulip_seeds":2,"minecraft:granite":5,"ms:gem/amazonite":8,"minecraft:oak_sapling":1,"minecraft:black_wool":1,"minecraft:mutton":5,"minecraft:coal":2,"minecraft:white_wool":2,"minecraft:cobblestone":81}},"DataVersion":3337}