{"stats":{"minecraft:killed":{"aquaculture:bluegill":1,"minecraft:skeleton":1,"minecraft:sheep":5},"minecraft:dropped":{"ms:food/tomato_seeds":1,"ms:food/yellow_tulip_seeds":1,"car:canola_seeds":7,"ms:food/cyan_tulip_seeds":3,"ms:food/light_grey_tulip_seeds":6,"minecraft:birch_sapling":2,"ms:food/lime_tulip_seeds":1,"ms:food/green_tulip_seeds":8,"minecraft:cobblestone":8,"ms:food/purple_tulip_seeds":8,"chococraft:gysahl_green_seeds":2,"ms:food/white_tulip_seeds":3,"ms:food/orange_tulip_seeds":3,"ms:food/corn_seeds":1,"minecraft:stone":1,"ms:food/black_tulip_seeds":5,"ms:food/magenta_tulip_seeds":7,"minecraft:wooden_hoe":1,"ms:food/rice_seeds":14,"minecraft:oak_sapling":1,"ms:food/vanilla_seeds":2,"ms:food/red_tulip_seeds":2,"minecraft:pumpkin":2,"ms:food/blue_tulip_seeds":2,"minecraft:wooden_pickaxe":1},"minecraft:crafted":{"minecraft:wooden_sword":1,"minecraft:oak_planks":56,"minecraft:wooden_shovel":2,"minecraft:crafting_table":4,"minecraft:wooden_pickaxe":2,"minecraft:furnace":3,"minecraft:stone":1,"minecraft:bone_meal":6,"minecraft:birch_planks":20,"minecraft:bread":1,"minecraft:cooked_mutton":7,"minecraft:air":0,"minecraft:wooden_hoe":1,"minecraft:stick":32,"minecraft:iron_ingot":4,"minecraft:iron_pickaxe":1,"minecraft:stone_pickaxe":1,"minecraft:wooden_axe":1,"minecraft:torch":4},"minecraft:used":{"minecraft:wheat_seeds":28,"minecraft:cooked_mutton":7,"ms:food/magenta_tulip_seeds":1,"minecraft:stone_pickaxe":131,"minecraft:wooden_pickaxe":193,"minecraft:wooden_shovel":85,"aquaculture:bluegill":1,"minecraft:torch":2,"minecraft:dirt":56,"minecraft:crafting_table":8,"minecraft:wooden_axe":73,"minecraft:wooden_hoe":42,"minecraft:bread":1,"minecraft:iron_pickaxe":224,"minecraft:wooden_sword":52,"minecraft:furnace":5,"alexsmobs:animal_dictionary":4,"car:canola_seeds":1,"minecraft:bone_meal":6},"minecraft:custom":{"minecraft:interact_with_furnace":13,"minecraft:mob_kills":7,"minecraft:interact_with_crafting_table":18,"minecraft:leave_game":4,"minecraft:time_since_death":71660,"minecraft:time_since_rest":71660,"minecraft:sprint_one_cm":134099,"minecraft:damage_taken":445,"minecraft:walk_one_cm":186262,"minecraft:drop":45,"minecraft:damage_dealt":656,"minecraft:swim_one_cm":23350,"minecraft:fly_one_cm":36435,"minecraft:open_chest":1,"minecraft:crouch_one_cm":2433,"minecraft:play_time":71660,"tombstone:undead_killed":1,"minecraft:sneak_time":1590,"minecraft:walk_under_water_one_cm":21571,"minecraft:jump":532,"minecraft:walk_on_water_one_cm":30236,"minecraft:total_world_time":71660,"minecraft:fall_one_cm":6806},"minecraft:mined":{"ms:ore/cobalt":2,"minecraft:crafting_table":4,"minecraft:granite":44,"minecraft:acacia_log":2,"minecraft:grass_block":55,"ms:ore/citrine":4,"minecraft:tall_grass":7,"minecraft:lapis_ore":1,"ms:nature/pink_cherry_leaves":22,"ms:ore/sapphire":3,"minecraft:sugar_cane":2,"ms:plant/grass":79,"minecraft:diorite":29,"minecraft:wall_torch":2,"ms:stone/limestone":20,"ms:ore/amazonite":6,"minecraft:furnace":2,"ms:ore/mithril":2,"minecraft:birch_log":5,"minecraft:iron_ore":4,"minecraft:wheat":4,"ms:nature/cherry_log":5,"minecraft:andesite":61,"minecraft:birch_leaves":1,"minecraft:pumpkin":1,"minecraft:grass":189,"chococraft:gysahl_green":2,"minecraft:oak_log":43,"minecraft:coal_ore":25,"minecraft:dirt_path":1,"minecraft:dirt":36,"ms:ore/chromite":3,"minecraft:stone":244,"minecraft:oak_leaves":9},"minecraft:broken":{"minecraft:stone_pickaxe":1,"minecraft:wooden_shovel":1,"minecraft:wooden_axe":1,"minecraft:wooden_pickaxe":2},"minecraft:picked_up":{"minecraft:birch_log":5,"minecraft:wheat":3,"minecraft:crafting_table":4,"ms:food/rice_seeds":14,"ms:stone/limestone":19,"ms:food/black_tulip_seeds":5,"ms:food/cyan_tulip_seeds":3,"minecraft:andesite":61,"minecraft:brown_wool":1,"minecraft:wooden_pickaxe":1,"ms:nature/cherry_log":5,"ms:nature/cherry_sapling":2,"minecraft:oak_log":43,"ms:food/corn_seeds":1,"minecraft:lapis_lazuli":9,"minecraft:dirt":89,"ms:gem/citrine":4,"ms:food/red_tulip_seeds":2,"ms:food/vanilla_seeds":2,"minecraft:bone":2,"chococraft:gysahl_green":3,"ms:gem/sapphire":3,"minecraft:wheat_seeds":30,"ms:food/white_tulip_seeds":3,"aquaculture:bluegill":1,"minecraft:acacia_sapling":1,"minecraft:sugar_cane":5,"ms:food/light_grey_tulip_seeds":6,"minecraft:birch_sapling":2,"ms:food/lime_tulip_seeds":1,"minecraft:furnace":2,"ms:food/green_tulip_seeds":8,"minecraft:raw_iron":4,"minecraft:stick":3,"ms:food/purple_tulip_seeds":8,"minecraft:pumpkin":2,"minecraft:torch":2,"car:canola_seeds":8,"minecraft:acacia_log":1,"ms:food/tomato_seeds":1,"chococraft:gysahl_green_seeds":2,"ms:ore/mithril":2,"minecraft:diorite":27,"minecraft:arrow":1,"ms:food/magenta_tulip_seeds":8,"ms:food/orange_tulip_seeds":3,"ms:food/yellow_tulip_seeds":1,"ms:food/blue_tulip_seeds":2,"minecraft:granite":44,"ms:gem/amazonite":12,"ms:ore/chromite":3,"minecraft:oak_sapling":1,"minecraft:black_wool":1,"minecraft:mutton":7,"minecraft:coal":24,"minecraft:white_wool":3,"minecraft:cobblestone":212}},"DataVersion":3337}