{"stats":{"minecraft:killed":{"aquaculture:bluegill":1,"minecraft:skeleton":1,"minecraft:sheep":5},"minecraft:dropped":{"ms:food/cyan_tulip_seeds":3,"ms:food/light_grey_tulip_seeds":6,"minecraft:cobblestone":28,"ms:food/purple_tulip_seeds":8,"chococraft:gysahl_green_seeds":2,"minecraft:dirt":33,"ms:food/corn_seeds":1,"ms:food/orange_tulip_seeds":3,"minecraft:wooden_hoe":1,"ms:food/rice_seeds":14,"ms:food/red_tulip_seeds":2,"minecraft:pumpkin":2,"ms:food/blue_tulip_seeds":2,"ms:food/tomato_seeds":1,"ms:food/yellow_tulip_seeds":1,"car:canola_seeds":7,"ms:food/lime_tulip_seeds":1,"minecraft:birch_sapling":2,"ms:food/green_tulip_seeds":8,"rftoolsbase:dimensionalshard":1,"ms:food/white_tulip_seeds":3,"minecraft:stone":1,"ms:food/black_tulip_seeds":10,"ms:food/magenta_tulip_seeds":7,"minecraft:acacia_sapling":1,"minecraft:oak_sapling":1,"ms:food/vanilla_seeds":2,"minecraft:arrow":1,"minecraft:wooden_pickaxe":1},"minecraft:crafted":{"ms:gem/mithril_ingot":2,"minecraft:wooden_sword":1,"minecraft:oak_planks":56,"minecraft:furnace":4,"minecraft:stone":1,"minecraft:bone_meal":6,"minecraft:cooked_mutton":7,"minecraft:stone_pickaxe":3,"minecraft:chest":1,"minecraft:wooden_shovel":2,"minecraft:crafting_table":6,"minecraft:wooden_pickaxe":2,"minecraft:birch_planks":20,"minecraft:bread":1,"minecraft:air":0,"minecraft:wooden_hoe":1,"minecraft:stick":32,"minecraft:iron_ingot":7,"minecraft:iron_pickaxe":2,"minecraft:wooden_axe":1,"minecraft:torch":32},"minecraft:used":{"ms:food/magenta_tulip_seeds":1,"minecraft:chest":1,"minecraft:wooden_shovel":85,"aquaculture:bluegill":1,"minecraft:torch":7,"minecraft:dirt":56,"minecraft:wooden_axe":73,"minecraft:furnace":6,"car:canola_seeds":5,"minecraft:wheat_seeds":33,"minecraft:cooked_mutton":7,"minecraft:stone_pickaxe":264,"minecraft:wooden_pickaxe":193,"minecraft:crafting_table":10,"minecraft:wooden_hoe":42,"minecraft:bread":1,"minecraft:iron_pickaxe":389,"minecraft:wooden_sword":55,"minecraft:cobblestone":4,"alexsmobs:animal_dictionary":4,"minecraft:bone_meal":6},"minecraft:custom":{"minecraft:mob_kills":7,"minecraft:interact_with_crafting_table":23,"minecraft:leave_game":4,"minecraft:time_since_death":101660,"minecraft:sprint_one_cm":135919,"minecraft:walk_one_cm":225844,"minecraft:drop":51,"minecraft:play_time":101660,"minecraft:sneak_time":1643,"minecraft:walk_under_water_one_cm":21571,"minecraft:jump":667,"minecraft:walk_on_water_one_cm":30236,"minecraft:total_world_time":101660,"minecraft:interact_with_furnace":17,"minecraft:time_since_rest":101660,"minecraft:damage_taken":445,"minecraft:damage_dealt":656,"minecraft:swim_one_cm":23350,"minecraft:fly_one_cm":37197,"minecraft:open_chest":2,"minecraft:crouch_one_cm":2452,"tombstone:undead_killed":1,"minecraft:fall_one_cm":7073},"minecraft:mined":{"ms:ore/jet":1,"minecraft:granite":44,"minecraft:acacia_log":2,"ms:ore/turquoise":2,"minecraft:grass_block":55,"ms:nature/pink_cherry_leaves":22,"ms:plant/grass":79,"ms:stone/marble":5,"ms:ore/amazonite":6,"minecraft:furnace":2,"minecraft:iron_ore":12,"minecraft:andesite":78,"minecraft:pumpkin":1,"chococraft:gysahl_green":2,"minecraft:dirt_path":1,"ms:ore/chromite":6,"minecraft:stone":461,"ms:ore/cobalt":4,"ms:ore/olivine":2,"minecraft:crafting_table":4,"car:canola":1,"ms:ore/citrine":4,"minecraft:tall_grass":7,"minecraft:lapis_ore":1,"minecraft:sugar_cane":2,"ms:ore/sapphire":9,"minecraft:diorite":44,"minecraft:wall_torch":2,"rftoolsbase:dimensionalshard_overworld":9,"ms:stone/limestone":20,"ms:ore/mithril":4,"minecraft:birch_log":5,"minecraft:wheat":6,"ms:nature/cherry_log":5,"minecraft:birch_leaves":1,"ms:plant/magenta_tulip_crop":1,"minecraft:grass":189,"minecraft:coal_ore":25,"minecraft:oak_log":43,"minecraft:dirt":36,"minecraft:gold_ore":9,"minecraft:oak_leaves":9},"minecraft:broken":{"minecraft:wooden_shovel":1,"minecraft:wooden_pickaxe":2,"minecraft:stone_pickaxe":2,"minecraft:iron_pickaxe":1,"minecraft:wooden_axe":1},"minecraft:picked_up":{"minecraft:crafting_table":4,"minecraft:wheat":4,"ms:ore/turquoise":2,"ms:food/cyan_tulip_seeds":3,"ms:stone/limestone":19,"ms:food/black_tulip_seeds":15,"minecraft:wooden_pickaxe":1,"ms:nature/cherry_log":5,"ms:nature/cherry_sapling":2,"ms:food/red_tulip_seeds":2,"ms:gem/citrine":4,"aquaculture:bluegill":1,"ms:gem/sapphire":9,"minecraft:sugar_cane":5,"ms:food/light_grey_tulip_seeds":6,"minecraft:birch_sapling":2,"minecraft:furnace":2,"ms:food/purple_tulip_seeds":8,"minecraft:stick":3,"minecraft:raw_iron":12,"minecraft:torch":2,"minecraft:acacia_log":1,"ms:ore/cobalt":4,"ms:food/tomato_seeds":1,"minecraft:diorite":42,"minecraft:arrow":1,"ms:gem/amazonite":12,"ms:ore/chromite":6,"minecraft:mutton":7,"minecraft:white_wool":3,"minecraft:cobblestone":425,"minecraft:birch_log":5,"ms:food/rice_seeds":14,"minecraft:andesite":75,"minecraft:brown_wool":1,"minecraft:oak_log":43,"ms:food/corn_seeds":1,"minecraft:lapis_lazuli":9,"minecraft:dirt":89,"ms:food/vanilla_seeds":2,"rftoolsbase:dimensionalshard":41,"minecraft:bone":2,"chococraft:gysahl_green":3,"ms:food/white_tulip_seeds":3,"minecraft:wheat_seeds":33,"ms:stone/marble":5,"minecraft:raw_gold":9,"car:canola":1,"minecraft:acacia_sapling":1,"ms:food/lime_tulip_seeds":1,"ms:food/green_tulip_seeds":8,"minecraft:pumpkin":2,"ms:gem/olivine":2,"car:canola_seeds":12,"chococraft:gysahl_green_seeds":2,"ms:ore/mithril":4,"ms:food/magenta_tulip_seeds":9,"ms:food/orange_tulip_seeds":3,"ms:food/blue_tulip_seeds":2,"ms:food/yellow_tulip_seeds":1,"minecraft:granite":44,"ms:gem/jet":1,"minecraft:oak_sapling":1,"minecraft:black_wool":1,"minecraft:coal":24}},"DataVersion":3337}