{"stats":{"minecraft:crafted":{"minecraft:oak_planks":32,"minecraft:birch_planks":20,"minecraft:crafting_table":1,"minecraft:stick":32},"minecraft:used":{"minecraft:crafting_table":2,"alexsmobs:animal_dictionary":4},"minecraft:custom":{"minecraft:open_chest":1,"minecraft:time_since_rest":11660,"minecraft:crouch_one_cm":50,"minecraft:play_time":11660,"minecraft:sprint_one_cm":32550,"minecraft:walk_one_cm":15348,"minecraft:sneak_time":62,"minecraft:walk_under_water_one_cm":215,"minecraft:jump":75,"minecraft:damage_dealt":10,"minecraft:time_since_death":11660,"minecraft:leave_game":4,"minecraft:walk_on_water_one_cm":4018,"minecraft:total_world_time":11660,"minecraft:interact_with_crafting_table":2,"minecraft:swim_one_cm":1539,"minecraft:fall_one_cm":2268,"minecraft:fly_one_cm":8878},"minecraft:mined":{"minecraft:grass_block":2,"minecraft:oak_log":8,"minecraft:birch_log":5,"minecraft:birch_leaves":1,"minecraft:oak_leaves":9,"minecraft:crafting_table":1},"minecraft:picked_up":{"minecraft:birch_log":5,"minecraft:crafting_table":1,"minecraft:stick":1,"minecraft:oak_log":8,"minecraft:oak_sapling":1,"minecraft:birch_sapling":2,"minecraft:dirt":2}},"DataVersion":3337}