{"stats":{"minecraft:broken":{"ms:tool/olivine_shovel":2,"minecraft:wooden_pickaxe":1,"minecraft:stone_pickaxe":2,"minecraft:wooden_sword":1,"minecraft:stone_axe":3,"minecraft:wooden_axe":2},"minecraft:picked_up":{"ms:food/lettuce_seeds":4,"minecraft:crafting_table":1,"chococraft:loverly_gysahl_green":2,"minecraft:chicken":7,"ms:food/cyan_tulip_seeds":3,"ms:food/black_tulip_seeds":10,"ms:tool/copper_sword":1,"minecraft:red_bed":2,"alexsmobs:gazelle_horn":2,"minecraft:armor_stand":1,"minecraft:raw_copper":51,"evilcraft:poison_sac":1,"ms:food/red_tulip_seeds":3,"minecraft:beef":8,"minecraft:cobblestone_slab":8,"ms:nature/maple_log":3,"alexsmobs:raccoon_tail":1,"minecraft:sugar_cane":10,"ms:food/light_grey_tulip_seeds":2,"minecraft:furnace":2,"minecraft:egg":1,"ms:food/purple_tulip_seeds":10,"minecraft:stick":15,"minecraft:raw_iron":3,"ms:food/grey_tulip_seeds":7,"minecraft:torch":1,"minecraft:acacia_log":17,"ms:food/tomato_seeds":3,"aquaculture:perch":1,"minecraft:porkchop":18,"tombstone:grave_dust":1,"minecraft:pointed_dripstone":5,"ms:tool/steel_sword":1,"ms:ore/tin":3,"ms:ore/silver":2,"minecraft:rotten_flesh":8,"ms:ore/chromite":2,"ms:nature/tigerwood_log":2,"minecraft:mutton":5,"ms:food/pink_tulip_seeds":7,"minecraft:white_wool":5,"minecraft:cobblestone":307,"minecraft:birch_log":68,"minecraft:feather":6,"ms:food/rice_seeds":5,"minecraft:birch_slab":8,"ms:berries/blackberry":6,"ms:armor/bronze_helmet":1,"minecraft:leather":7,"alexsmobs:acacia_blossom":1,"ms:food/brown_tulip_seeds":4,"ms:nature/silverbell_log":6,"minecraft:oak_log":242,"ms:food/corn_seeds":6,"minecraft:cobblestone_stairs":16,"minecraft:lapis_lazuli":13,"minecraft:dirt":690,"ms:food/blackberry":6,"ms:food/vanilla_seeds":4,"ms:armor/bronze_chest":1,"minecraft:bone":1,"chococraft:gysahl_green":24,"minecraft:acacia_planks":6,"minecraft:apple":1,"ms:food/white_tulip_seeds":5,"minecraft:wheat_seeds":25,"ms:stone/marble":1,"ms:food/strawberry_seeds":1,"ms:armor/bronze_legs":1,"minecraft:oak_planks":34,"ms:food/lime_tulip_seeds":6,"ms:food/green_tulip_seeds":5,"ms:gem/onyx":3,"minecraft:oak_slab":14,"minecraft:cooked_porkchop":1,"ms:gem/olivine":19,"ms:food/light_blue_tulip_seeds":3,"minecraft:dandelion":1,"chococraft:gysahl_green_seeds":10,"minecraft:white_bed":2,"minecraft:spider_eye":1,"ms:food/magenta_tulip_seeds":5,"ms:food/onion_seeds":2,"ms:food/orange_tulip_seeds":3,"minecraft:stone_axe":1,"ms:food/bell_pepper_seeds":4,"ms:food/blue_tulip_seeds":5,"ms:food/yellow_tulip_seeds":2,"ms:chest/acacia":1,"ms:gem/jet":2,"minecraft:gray_wool":1,"alexsmobs:maggot":1,"minecraft:oak_sapling":18,"minecraft:coal":78,"ms:armor/bronze_boots":1},"minecraft:crafted":{"minecraft:wooden_sword":2,"minecraft:oak_planks":968,"minecraft:cobblestone_slab":424,"minecraft:cooked_chicken":2,"minecraft:birch_slab":438,"ms:armor/coal_chest":1,"minecraft:furnace":2,"ms:nature/silverbell_wood":3,"minecraft:cobblestone_stairs":16,"ms:tool/olivine_sword":1,"ms:nature/maple_planks":12,"ms:tool/olivine_pickaxe":1,"minecraft:stone_pickaxe":3,"ms:nature/tigerwood_planks":8,"minecraft:cooked_beef":4,"minecraft:oak_slab":426,"minecraft:acacia_wood":3,"minecraft:wooden_shovel":1,"minecraft:cooked_porkchop":8,"ms:chest/acacia":2,"ms:tool/onyx_sword":1,"minecraft:crafting_table":6,"minecraft:wooden_pickaxe":2,"ms:door/maple":3,"ms:tool/olivine_shovel":3,"minecraft:birch_planks":268,"minecraft:stone_axe":4,"minecraft:air":0,"ms:nature/silverbell_planks":12,"minecraft:stick":64,"minecraft:iron_pickaxe":1,"minecraft:iron_ingot":3,"minecraft:wooden_axe":3,"minecraft:stone_sword":1,"minecraft:acacia_planks":64,"minecraft:torch":44},"minecraft:killed":{"alexsmobs:raccoon":1,"minecraft:spider":2,"minecraft:skeleton":2,"alexsmobs:blue_jay":1,"minecraft:chicken":7,"aquaculture:perch":1,"minecraft:pig":6,"minecraft:sheep":6,"evilcraft:poisonous_libelle":1,"minecraft:zombie":3,"alexsmobs:gazelle":2,"alexsmobs:fly":1,"alexsmobs:crow":1,"minecraft:cow":5},"minecraft:mined":{"minecraft:white_bed":2,"ms:ore/jet":2,"ms:ore/tin":3,"minecraft:cobblestone_stairs":16,"alexsmobs:leafcutter_anthill":1,"ms:nature/silverbell_leaves":1,"minecraft:acacia_log":17,"minecraft:grass_block":560,"minecraft:birch_slab":5,"ms:nature/silverbell_log":6,"ms:plant/grass":92,"ms:stone/marble":1,"minecraft:furnace":2,"minecraft:iron_ore":3,"ms:berries/blackberry":6,"ms:nature/maple_log":3,"chococraft:gysahl_green":10,"minecraft:pointed_dripstone":1,"minecraft:vine":2,"minecraft:cobblestone_slab":4,"minecraft:dirt_path":2,"ms:ore/chromite":2,"minecraft:stone":304,"ms:ore/onyx":3,"minecraft:red_bed":2,"minecraft:oak_slab":9,"ms:nature/tigerwood_log":2,"minecraft:acacia_leaves":2,"ms:ore/olivine":14,"minecraft:dandelion":2,"minecraft:crafting_table":1,"minecraft:torch":1,"minecraft:copper_ore":16,"minecraft:tall_grass":23,"minecraft:lapis_ore":2,"minecraft:sugar_cane":3,"minecraft:oak_planks":38,"ms:ore/silver":3,"minecraft:birch_log":68,"minecraft:birch_leaves":4,"minecraft:grass":152,"minecraft:coal_ore":51,"minecraft:oak_log":242,"minecraft:dirt":33,"minecraft:oak_leaves":61,"ms:chest/acacia":1},"minecraft:dropped":{"ms:food/light_blue_tulip_seeds":3,"minecraft:oak_slab":1,"ms:food/cyan_tulip_seeds":3,"chococraft:loverly_gysahl_green":1,"ms:berries/blackberry":6,"ms:armor/coal_chest":1,"ms:door/maple":1,"ms:food/light_grey_tulip_seeds":2,"ms:food/bell_pepper_seeds":1,"ms:food/pink_tulip_seeds":7,"minecraft:feather":1,"minecraft:cobblestone":1,"ms:food/purple_tulip_seeds":6,"ms:food/brown_tulip_seeds":3,"minecraft:dirt":324,"ms:food/corn_seeds":3,"ms:food/orange_tulip_seeds":2,"ms:nature/silverbell_planks":3,"minecraft:wooden_axe":1,"ms:food/rice_seeds":5,"ms:food/red_tulip_seeds":3,"minecraft:wooden_sword":1,"ms:food/blue_tulip_seeds":3,"minecraft:dandelion":1,"minecraft:armor_stand":1,"ms:food/tomato_seeds":1,"ms:food/yellow_tulip_seeds":2,"minecraft:stone_axe":1,"alexsmobs:maggot":1,"alexsmobs:acacia_blossom":1,"ms:food/lime_tulip_seeds":6,"ms:food/green_tulip_seeds":1,"minecraft:pointed_dripstone":5,"minecraft:rotten_flesh":8,"minecraft:oak_planks":1,"ms:food/grey_tulip_seeds":6,"ms:food/white_tulip_seeds":5,"ms:food/black_tulip_seeds":1,"ms:food/magenta_tulip_seeds":4,"ms:food/vanilla_seeds":4,"minecraft:spider_eye":1,"minecraft:egg":1},"minecraft:killed_by":{"minecraft:skeleton":1},"minecraft:custom":{"minecraft:mob_kills":39,"minecraft:interact_with_crafting_table":71,"minecraft:open_barrel":5,"minecraft:bell_ring":3,"minecraft:time_since_death":218643,"minecraft:climb_one_cm":1999,"minecraft:sprint_one_cm":685706,"minecraft:walk_one_cm":536765,"minecraft:drop":65,"minecraft:talked_to_villager":1,"minecraft:play_time":239615,"minecraft:deaths":1,"minecraft:sneak_time":2783,"minecraft:walk_under_water_one_cm":4084,"minecraft:jump":3500,"minecraft:walk_on_water_one_cm":36296,"minecraft:total_world_time":239615,"minecraft:interact_with_furnace":20,"minecraft:sleep_in_bed":14,"minecraft:time_since_rest":3055,"minecraft:damage_taken":990,"minecraft:damage_dealt":3915,"minecraft:swim_one_cm":28432,"minecraft:fly_one_cm":814401,"minecraft:player_kills":1,"minecraft:open_chest":38,"minecraft:crouch_one_cm":6485,"tombstone:undead_killed":5,"minecraft:fall_one_cm":85159},"minecraft:used":{"ms:nature/silverbell_log":1,"minecraft:stone_sword":30,"ms:tool/steel_sword":18,"minecraft:wooden_shovel":35,"minecraft:cooked_chicken":2,"minecraft:torch":26,"minecraft:dirt":125,"minecraft:mutton":5,"ms:tool/olivine_sword":62,"minecraft:wooden_axe":142,"minecraft:oak_sapling":12,"minecraft:furnace":3,"tombstone:gift":2,"minecraft:cooked_beef":2,"ms:tool/olivine_shovel":613,"ms:chest/acacia":3,"minecraft:cobblestone_stairs":28,"minecraft:stone_pickaxe":325,"minecraft:oak_planks":760,"minecraft:wooden_pickaxe":57,"ms:door/maple":2,"minecraft:cobblestone_slab":432,"minecraft:oak_slab":438,"minecraft:crafting_table":6,"minecraft:red_bed":1,"minecraft:white_bed":2,"ms:food/blackberry":6,"minecraft:apple":11,"ms:tool/olivine_pickaxe":1,"minecraft:birch_slab":423,"minecraft:bread":4,"minecraft:iron_pickaxe":84,"minecraft:stone_axe":433,"minecraft:wooden_sword":171,"minecraft:cobblestone":21,"minecraft:cooked_porkchop":9,"chococraft:gysahl_green":17,"alexsmobs:animal_dictionary":7}},"DataVersion":3337}