{"stats":{"minecraft:broken":{"minecraft:stone_pickaxe":2,"minecraft:wooden_sword":1,"minecraft:stone_axe":3,"minecraft:wooden_axe":2,"ms:tool/olivine_shovel":2,"minecraft:wooden_pickaxe":1,"ms:tool/turquoise_sword":1},"minecraft:picked_up":{"chococraft:loverly_gysahl_green":3,"minecraft:wheat":8,"ms:ore/turquoise":4,"ms:food/black_tulip_seeds":13,"minecraft:enchanted_book":1,"tombstone:grave_key":6,"minecraft:brewing_stand":1,"alexsmobs:gazelle_horn":2,"ms:nature/maple_planks":7,"minecraft:raw_copper":51,"minecraft:armor_stand":1,"minecraft:gold_nugget":81,"minecraft:cobbled_deepslate":6,"minecraft:cobblestone_slab":22,"ms:nature/maple_log":9,"alexsmobs:raccoon_tail":1,"minecraft:furnace":8,"ms:food/onion":4,"minecraft:stick":17,"ms:tool/turquoise_sword":1,"minecraft:acacia_log":19,"minecraft:torch":27,"ms:ore/cobalt":2,"minecraft:porkchop":20,"minecraft:pointed_dripstone":5,"tombstone:grave_dust":4,"ms:plant/nether_reed":4,"ms:tool/steel_sword":6,"ms:ore/tin":3,"evilcraft:box_of_eternal_closure":4,"minecraft:rotten_flesh":36,"alexsmobs:emu_egg":1,"minecraft:obsidian":12,"ms:stone/peridotite":2,"ms:food/pink_tulip_seeds":8,"minecraft:cobblestone":494,"minecraft:birch_log":86,"minecraft:feather":20,"minecraft:birch_slab":8,"minecraft:andesite":7,"alexsmobs:bear_fur":3,"ms:nature/silverbell_log":8,"minecraft:flint":1,"ms:nature/hellwood_log":2,"minecraft:lapis_lazuli":13,"minecraft:dirt":818,"ms:food/raw_calamari":1,"ms:tool/opal_sword":2,"ms:gem/opal":3,"ms:food/vanilla_seeds":4,"minecraft:bone":9,"minecraft:acacia_planks":6,"minecraft:wheat_seeds":34,"ms:stone/marble":1,"ms:food/white_tulip_seeds":10,"ms:food/strawberry_seeds":5,"minecraft:raw_gold":2,"minecraft:glowstone_dust":27,"minecraft:oak_planks":34,"ms:food/lime_tulip_seeds":6,"ms:food/green_tulip_seeds":6,"ms:gem/onyx":3,"minecraft:cooked_porkchop":1,"ms:food/light_blue_tulip_seeds":3,"minecraft:warped_wart_block":30,"minecraft:ink_sac":3,"minecraft:spectral_arrow":11,"ms:food/magenta_tulip_seeds":8,"ms:food/onion_seeds":8,"ms:food/orange_tulip_seeds":5,"ms:food/yellow_tulip_seeds":4,"minecraft:diamond":3,"ms:food/blue_tulip_seeds":6,"minecraft:bread":17,"alexsmobs:maggot":3,"minecraft:oak_sapling":18,"minecraft:netherrack":267,"minecraft:dark_oak_fence":7,"ms:food/lettuce_seeds":4,"minecraft:cocoa_beans":10,"minecraft:crafting_table":11,"minecraft:nether_wart":9,"minecraft:chicken":11,"ms:stone/limestone":8,"ms:food/cyan_tulip_seeds":3,"minecraft:chest_minecart":2,"minecraft:brown_mushroom":2,"ms:tool/copper_sword":1,"minecraft:red_bed":2,"ms:tool/uranium_sword":1,"evilcraft:poison_sac":1,"ms:food/red_tulip_seeds":3,"ms:gem/sapphire":3,"minecraft:beef":8,"ms:food/light_grey_tulip_seeds":2,"minecraft:sugar_cane":28,"minecraft:birch_sapling":3,"minecraft:egg":5,"ms:food/purple_tulip_seeds":10,"minecraft:raw_iron":29,"ms:food/grey_tulip_seeds":10,"ms:food/tomato_seeds":3,"aquaculture:perch":2,"ms:tool/onyx_sword":1,"ms:ore/silver":2,"minecraft:arrow":8,"minecraft:nether_bricks":4,"aquaculture:brown_trout":1,"minecraft:hay_block":20,"ms:ore/deepslate_turquoise":11,"tombstone:essence_of_undeath":1,"minecraft:gold_ingot":4,"ms:ore/chromite":2,"minecraft:mutton":8,"ms:nature/tigerwood_log":2,"minecraft:rail":1,"minecraft:white_wool":7,"minecraft:basalt":4,"ms:food/rice_seeds":6,"ms:berries/blackberry":12,"ms:plant/purple_shroom":1,"ms:armor/bronze_helmet":4,"minecraft:leather":7,"alexsmobs:acacia_blossom":1,"ms:food/brown_tulip_seeds":4,"minecraft:red_mushroom":1,"alexsmobs:skreecher_soul":1,"minecraft:oak_log":242,"ms:food/corn_seeds":7,"ms:gem/sulfur":7,"minecraft:nether_wart_block":24,"minecraft:cobblestone_stairs":42,"ms:food/blackberry":14,"ms:armor/bronze_chest":1,"chococraft:gysahl_green":36,"minecraft:apple":1,"minecraft:warped_stem":2,"minecraft:stone_pickaxe":1,"ms:armor/bronze_legs":1,"ms:food/gooseberry":18,"minecraft:oak_slab":14,"minecraft:warped_fungus":1,"ms:gem/olivine":19,"minecraft:dandelion":1,"minecraft:quartz":8,"minecraft:gravel":20,"ms:explosives/dynamite":5,"chococraft:gysahl_green_seeds":19,"minecraft:white_bed":3,"minecraft:spider_eye":3,"ms:ore/deepslate_demonite":4,"ms:food/bell_pepper_seeds":4,"minecraft:stone_axe":2,"ms:chest/acacia":1,"ms:gem/jet":2,"minecraft:gray_wool":1,"minecraft:coal":135,"ms:armor/bronze_boots":1},"minecraft:crafted":{"minecraft:smooth_stone":3,"minecraft:oak_planks":968,"minecraft:cobblestone_slab":478,"minecraft:cooked_chicken":9,"minecraft:birch_slab":450,"minecraft:stone":3,"ms:nature/silverbell_wood":3,"minecraft:cobblestone_stairs":88,"ms:misc/kitchen_knife":1,"ms:nature/hellwood_planks":8,"ms:tool/olivine_sword":1,"ms:nature/maple_planks":36,"ms:gem/turquoise_ingot":14,"ms:tool/turquoise_sword":1,"ms:gem/demonite_ingot":3,"ms:nature/tigerwood_planks":8,"minecraft:stone_hoe":1,"minecraft:oak_slab":426,"minecraft:wooden_shovel":1,"minecraft:acacia_wood":3,"minecraft:cooked_porkchop":15,"ms:chest/acacia":2,"ms:tool/onyx_sword":1,"minecraft:crafting_table":9,"minecraft:wooden_pickaxe":2,"minecraft:baked_potato":9,"ms:tool/olivine_shovel":3,"minecraft:birch_planks":340,"mining_helmet:mining_helmet":1,"minecraft:diamond_pickaxe":1,"minecraft:charcoal":1,"minecraft:shield":1,"minecraft:birch_fence":39,"minecraft:stick":100,"minecraft:iron_ingot":24,"minecraft:iron_pickaxe":1,"minecraft:stone_sword":1,"minecraft:gold_ingot":5,"minecraft:wooden_sword":3,"minecraft:smooth_stone_slab":6,"minecraft:iron_nugget":9,"ms:gem/uranium_ingot":1,"ms:armor/coal_chest":1,"minecraft:furnace":3,"ms:table/maple_table":6,"minecraft:bone_meal":9,"minecraft:flint_and_steel":1,"minecraft:lantern":1,"minecraft:iron_axe":1,"ms:tool/olivine_pickaxe":1,"minecraft:stone_pickaxe":3,"minecraft:golden_helmet":1,"minecraft:wheat":172,"minecraft:cooked_beef":7,"minecraft:sugar":4,"ms:gem/cobalt_ingot":2,"ms:door/maple":3,"ms:food/cooked_egg":1,"minecraft:bucket":3,"minecraft:stone_axe":4,"minecraft:air":0,"minecraft:bread":60,"ms:seat/maple_chair":4,"ms:nature/silverbell_planks":20,"minecraft:wooden_axe":3,"minecraft:armor_stand":1,"ms:vertical/maple":6,"minecraft:acacia_planks":72,"minecraft:torch":80,"ms:chest/maple":1,"ms:slab/maple_slab":12},"minecraft:killed":{"minecraft:spider":6,"minecraft:skeleton":10,"minecraft:chicken":11,"aquaculture:perch":1,"minecraft:piglin":1,"minecraft:pig":7,"alexsmobs:grizzly_bear":2,"minecraft:sheep":8,"minecraft:zombie":18,"alexsmobs:roadrunner":1,"alexsmobs:fly":3,"minecraft:cow":5,"alexsmobs:raccoon":1,"alexsmobs:rattlesnake":1,"alexsmobs:blue_jay":1,"aquaculture:brown_trout":1,"minecraft:drowned":1,"ms:nether_spider":3,"alexsmobs:rhinoceros":1,"evilcraft:poisonous_libelle":1,"alexsmobs:gazelle":2,"alexsmobs:crow":2,"minecraft:enderman":1},"minecraft:mined":{"minecraft:white_bed":3,"ms:ore/jet":2,"minecraft:cobblestone_stairs":42,"alexsmobs:leafcutter_anthill":1,"minecraft:jungle_leaves":2,"minecraft:brewing_stand":1,"minecraft:obsidian":12,"minecraft:granite":10,"minecraft:acacia_log":22,"minecraft:grass_block":587,"ms:ore/deepslate_turquoise":11,"ms:ore/turquoise":3,"ms:nature/silverbell_log":8,"minecraft:nether_wart":7,"minecraft:weeping_vines_plant":1,"minecraft:sculk_catalyst":1,"minecraft:glowstone":8,"ms:stone/peridotite":2,"minecraft:iron_ore":22,"minecraft:fire":13,"ms:berries/blackberry":10,"ms:nature/maple_log":9,"ms:plant/nether_reed":2,"minecraft:sculk_shrieker":1,"chococraft:gysahl_green":16,"minecraft:pointed_dripstone":1,"minecraft:dirt_path":2,"ms:ore/onyx":3,"ms:nature/tigerwood_log":2,"minecraft:brown_mushroom":2,"minecraft:red_bed":2,"minecraft:twisting_vines_plant":1,"ms:ore/deepslate_sapphire":3,"minecraft:torch":13,"minecraft:nether_quartz_ore":9,"minecraft:cobblestone":15,"minecraft:sugar_cane":21,"minecraft:oak_planks":38,"minecraft:warped_nylium":2,"minecraft:nether_wart_block":25,"minecraft:birch_log":88,"minecraft:warped_fungus":1,"ms:ore/deepslate_cobalt":1,"minecraft:grass":200,"minecraft:oak_log":242,"minecraft:dirt":79,"minecraft:netherrack":286,"minecraft:oak_leaves":69,"minecraft:deepslate":1,"minecraft:nether_gold_ore":21,"minecraft:deepslate_diamond_ore":2,"ms:ore/tin":3,"minecraft:nether_bricks":4,"ms:nature/silverbell_leaves":1,"minecraft:birch_slab":5,"ms:ore/sulfur":2,"minecraft:red_mushroom":1,"ms:plant/grass":120,"ms:stone/marble":1,"minecraft:sandstone":9,"minecraft:crimson_stem":4,"minecraft:hay_block":21,"minecraft:furnace":8,"ms:nature/hellwood_log":2,"minecraft:andesite":2,"minecraft:deepslate_iron_ore":1,"minecraft:cobblestone_slab":16,"minecraft:vine":2,"ms:ore/opal":4,"minecraft:warped_stem":3,"ms:ore/chromite":2,"minecraft:stone":476,"minecraft:oak_slab":9,"minecraft:acacia_leaves":2,"ms:ore/cobalt":1,"ms:ore/olivine":14,"minecraft:basalt":4,"minecraft:dandelion":2,"minecraft:crafting_table":11,"minecraft:sculk_sensor":6,"ms:crop/onion":2,"minecraft:tall_grass":26,"minecraft:copper_ore":16,"minecraft:lapis_ore":2,"ms:ore/deepslate_ruby":1,"minecraft:sculk":1,"ms:ore/silver":5,"minecraft:warped_wart_block":21,"ms:nature/hellwood_leaves":1,"ms:ore/deepslate_demonite":4,"evilcraft:infested_nether_netherrack":2,"minecraft:birch_leaves":11,"minecraft:coal_ore":56,"minecraft:cocoa":4,"minecraft:gravel":23,"ms:chest/acacia":1},"minecraft:dropped":{"ms:food/light_blue_tulip_seeds":3,"ms:food/cyan_tulip_seeds":3,"minecraft:brown_mushroom":1,"chococraft:loverly_gysahl_green":1,"ms:armor/coal_chest":1,"ms:armor/bronze_helmet":4,"ms:food/light_grey_tulip_seeds":2,"minecraft:chest_minecart":2,"ms:food/purple_tulip_seeds":6,"minecraft:rail":1,"minecraft:dirt":392,"ms:food/corn_seeds":3,"ms:food/orange_tulip_seeds":4,"ms:nature/silverbell_planks":3,"minecraft:dark_oak_fence":7,"ms:food/rice_seeds":5,"ms:food/red_tulip_seeds":3,"minecraft:wooden_sword":1,"minecraft:gold_nugget":2,"ms:gem/opal":3,"ms:food/blue_tulip_seeds":4,"minecraft:armor_stand":1,"minecraft:gold_ingot":4,"minecraft:bone":2,"ms:food/tomato_seeds":1,"ms:food/yellow_tulip_seeds":4,"ms:food/strawberry_seeds":2,"minecraft:stone_axe":2,"ms:tool/uranium_sword":1,"minecraft:cobbled_deepslate":3,"aquaculture:perch":2,"minecraft:pointed_dripstone":5,"minecraft:rotten_flesh":34,"minecraft:oak_planks":1,"ms:food/grey_tulip_seeds":10,"ms:tool/olivine_sword":1,"ms:tool/turquoise_sword":1,"ms:stone/limestone":8,"ms:food/magenta_tulip_seeds":7,"minecraft:arrow":6,"minecraft:warped_wart_block":14,"minecraft:egg":1,"minecraft:enchanted_book":1,"minecraft:bread":7,"minecraft:oak_slab":1,"minecraft:wheat_seeds":3,"ms:berries/blackberry":6,"ms:tool/opal_sword":2,"ms:door/maple":1,"ms:food/bell_pepper_seeds":1,"ms:food/pink_tulip_seeds":8,"minecraft:feather":20,"minecraft:cobblestone":1,"ms:tool/steel_sword":6,"chococraft:gysahl_green_seeds":7,"ms:food/brown_tulip_seeds":3,"ms:ore/turquoise":1,"ms:gem/sulfur":7,"minecraft:torch":13,"tombstone:grave_key":11,"minecraft:wooden_axe":1,"tombstone:grave_dust":3,"ms:tool/onyx_sword":1,"minecraft:dandelion":1,"alexsmobs:maggot":3,"alexsmobs:acacia_blossom":1,"minecraft:stone_sword":1,"ms:food/lime_tulip_seeds":6,"ms:food/green_tulip_seeds":2,"ms:tool/copper_sword":1,"evilcraft:box_of_eternal_closure":1,"minecraft:nether_bricks":4,"ms:food/white_tulip_seeds":10,"ms:stone/peridotite":2,"ms:food/black_tulip_seeds":1,"minecraft:andesite":7,"ms:food/vanilla_seeds":4,"minecraft:spider_eye":3,"tombstone:essence_of_undeath":1,"minecraft:stone_pickaxe":2},"minecraft:killed_by":{"minecraft:piglin":1,"alexsmobs:komodo_dragon":1,"alexsmobs:centipede_head":1,"minecraft:skeleton":2,"alexsmobs:crimson_mosquito":1},"minecraft:custom":{"minecraft:interact_with_crafting_table":113,"minecraft:open_barrel":6,"minecraft:bell_ring":6,"minecraft:leave_game":4,"minecraft:time_since_death":16443,"minecraft:sprint_one_cm":1933151,"minecraft:damage_blocked_by_shield":2005,"minecraft:drop":197,"minecraft:talked_to_villager":2,"minecraft:play_time":592756,"minecraft:deaths":19,"minecraft:jump":11449,"minecraft:walk_on_water_one_cm":105033,"minecraft:interact_with_furnace":80,"minecraft:sleep_in_bed":25,"minecraft:damage_dealt":14189,"minecraft:player_kills":1,"minecraft:crouch_one_cm":36710,"tombstone:undead_killed":29,"minecraft:mob_kills":90,"minecraft:climb_one_cm":10271,"minecraft:walk_one_cm":1293305,"minecraft:sneak_time":14427,"minecraft:walk_under_water_one_cm":19701,"minecraft:total_world_time":592756,"minecraft:time_since_rest":13389,"minecraft:damage_taken":10125,"minecraft:swim_one_cm":77770,"minecraft:fly_one_cm":2534489,"minecraft:open_chest":79,"minecraft:fall_one_cm":314618},"minecraft:used":{"alexsmobs:emu_egg":1,"minecraft:shield":72,"minecraft:rotten_flesh":1,"minecraft:mutton":5,"minecraft:obsidian":12,"minecraft:lava_bucket":1,"minecraft:warped_fungus":1,"minecraft:oak_sapling":12,"minecraft:furnace":11,"minecraft:egg":2,"ms:chest/maple":1,"minecraft:oak_planks":760,"minecraft:stone_pickaxe":325,"ms:food/cooked_egg":1,"ms:table/maple_table":6,"minecraft:wooden_pickaxe":57,"minecraft:sugar_cane":22,"ms:door/maple":2,"minecraft:birch_slab":435,"minecraft:bread":53,"minecraft:gravel":20,"ms:food/onion_seeds":6,"minecraft:nether_wart_block":16,"minecraft:wooden_sword":173,"chococraft:gysahl_green":36,"minecraft:bone_meal":9,"ms:nature/silverbell_log":1,"ms:seat/maple_chair":4,"ms:food/lotune":4,"minecraft:stone_sword":30,"minecraft:flint_and_steel":1,"ms:tool/steel_sword":142,"minecraft:armor_stand":1,"ms:food/onion":4,"ms:food/raw_calamari":1,"minecraft:stone_hoe":19,"minecraft:wooden_shovel":35,"minecraft:cooked_chicken":9,"minecraft:netherrack":140,"minecraft:torch":86,"minecraft:dirt":349,"minecraft:warped_wart_block":10,"ms:tool/olivine_sword":62,"minecraft:wooden_axe":142,"minecraft:iron_axe":32,"evilcraft:box_of_eternal_closure":3,"ms:food/corn_seeds":1,"minecraft:basalt":4,"minecraft:beef":1,"ms:food/gooseberry":18,"tombstone:gift":4,"minecraft:cooked_beef":5,"minecraft:cobbled_deepslate":3,"minecraft:wheat_seeds":1,"ms:chest/acacia":3,"ms:tool/olivine_shovel":709,"minecraft:water_bucket":17,"minecraft:warped_stem":2,"minecraft:cobblestone_stairs":94,"minecraft:baked_potato":10,"minecraft:brown_mushroom":1,"minecraft:cobblestone_slab":500,"ms:tool/onyx_sword":236,"minecraft:oak_slab":438,"minecraft:crafting_table":19,"minecraft:red_bed":2,"minecraft:red_mushroom":1,"minecraft:white_bed":3,"ms:tool/turquoise_sword":199,"ms:explosives/dynamite":5,"ms:food/blackberry":14,"minecraft:diamond_pickaxe":547,"minecraft:apple":29,"ms:tool/olivine_pickaxe":8,"minecraft:chicken":1,"ms:food/black_tulip_seeds":1,"minecraft:iron_pickaxe":246,"minecraft:stone_axe":495,"minecraft:cobblestone":62,"minecraft:cooked_porkchop":16,"minecraft:bucket":21,"alexsmobs:animal_dictionary":7}},"DataVersion":3337}