{"stats":{"minecraft:broken":{"minecraft:stone_axe":1,"minecraft:wooden_sword":1,"minecraft:wooden_axe":2,"minecraft:wooden_pickaxe":1},"minecraft:picked_up":{"ms:food/lettuce_seeds":3,"chococraft:loverly_gysahl_green":2,"minecraft:crafting_table":1,"ms:food/rice_seeds":3,"ms:food/cyan_tulip_seeds":1,"ms:berries/blackberry":6,"ms:food/black_tulip_seeds":7,"ms:food/brown_tulip_seeds":4,"alexsmobs:acacia_blossom":1,"ms:nature/silverbell_log":6,"minecraft:oak_log":83,"ms:food/corn_seeds":6,"alexsmobs:gazelle_horn":1,"minecraft:dirt":132,"ms:food/blackberry":6,"ms:food/red_tulip_seeds":3,"ms:food/vanilla_seeds":4,"minecraft:apple":1,"minecraft:bone":1,"minecraft:acacia_planks":6,"chococraft:gysahl_green":6,"ms:stone/marble":1,"minecraft:wheat_seeds":16,"ms:food/white_tulip_seeds":3,"ms:food/strawberry_seeds":1,"alexsmobs:raccoon_tail":1,"ms:food/light_grey_tulip_seeds":2,"minecraft:sugar_cane":10,"minecraft:oak_planks":18,"ms:food/lime_tulip_seeds":6,"minecraft:egg":1,"ms:food/green_tulip_seeds":4,"ms:gem/onyx":2,"minecraft:stick":11,"ms:food/purple_tulip_seeds":4,"ms:food/grey_tulip_seeds":5,"ms:gem/olivine":6,"ms:food/light_blue_tulip_seeds":1,"minecraft:acacia_log":12,"ms:food/tomato_seeds":1,"chococraft:gysahl_green_seeds":3,"minecraft:pointed_dripstone":5,"tombstone:grave_dust":1,"minecraft:white_bed":2,"ms:food/onion_seeds":1,"ms:ore/tin":2,"minecraft:spider_eye":1,"ms:food/magenta_tulip_seeds":3,"minecraft:rotten_flesh":8,"ms:food/orange_tulip_seeds":2,"ms:food/yellow_tulip_seeds":2,"ms:food/blue_tulip_seeds":4,"minecraft:gray_wool":1,"minecraft:oak_sapling":12,"minecraft:mutton":4,"ms:nature/tigerwood_log":2,"minecraft:coal":15,"ms:food/pink_tulip_seeds":3,"minecraft:white_wool":4,"minecraft:cobblestone":22},"minecraft:crafted":{"minecraft:wooden_sword":2,"minecraft:oak_planks":332,"minecraft:wooden_shovel":1,"minecraft:acacia_wood":3,"ms:chest/acacia":1,"minecraft:crafting_table":5,"minecraft:wooden_pickaxe":2,"ms:armor/coal_chest":1,"ms:nature/silverbell_wood":3,"ms:tool/olivine_shovel":1,"minecraft:stone_axe":1,"ms:nature/silverbell_planks":12,"minecraft:stick":20,"minecraft:stone_pickaxe":1,"minecraft:wooden_axe":2,"ms:nature/tigerwood_planks":8,"minecraft:acacia_planks":44},"minecraft:killed":{"alexsmobs:raccoon":1,"minecraft:spider":1,"minecraft:sheep":5,"minecraft:skeleton":1,"minecraft:zombie":3,"alexsmobs:gazelle":1},"minecraft:mined":{"minecraft:acacia_leaves":1,"ms:nature/tigerwood_log":2,"minecraft:white_bed":2,"ms:ore/olivine":4,"ms:ore/tin":2,"alexsmobs:leafcutter_anthill":1,"minecraft:crafting_table":1,"ms:nature/silverbell_leaves":1,"minecraft:acacia_log":12,"minecraft:grass_block":135,"minecraft:tall_grass":16,"ms:nature/silverbell_log":6,"minecraft:oak_planks":22,"minecraft:sugar_cane":3,"ms:plant/grass":73,"ms:stone/marble":1,"ms:berries/blackberry":6,"minecraft:oak_log":83,"minecraft:pointed_dripstone":1,"minecraft:grass":104,"minecraft:coal_ore":15,"chococraft:gysahl_green":3,"minecraft:vine":2,"minecraft:dirt":2,"minecraft:stone":22,"minecraft:oak_leaves":19,"ms:ore/onyx":2},"minecraft:dropped":{"chococraft:loverly_gysahl_green":1,"alexsmobs:acacia_blossom":1,"ms:berries/blackberry":6,"ms:food/pink_tulip_seeds":3,"ms:food/lime_tulip_seeds":4,"minecraft:pointed_dripstone":2,"minecraft:rotten_flesh":8,"ms:food/purple_tulip_seeds":1,"ms:food/grey_tulip_seeds":2,"ms:food/white_tulip_seeds":2,"minecraft:dirt":2,"ms:food/corn_seeds":3,"ms:nature/silverbell_planks":3,"ms:food/vanilla_seeds":3,"ms:food/red_tulip_seeds":1,"minecraft:spider_eye":1,"ms:food/blue_tulip_seeds":3},"minecraft:killed_by":{"minecraft:skeleton":1},"minecraft:custom":{"minecraft:mob_kills":12,"minecraft:interact_with_crafting_table":18,"minecraft:time_since_death":44643,"minecraft:sleep_in_bed":2,"minecraft:climb_one_cm":480,"minecraft:time_since_rest":3511,"minecraft:sprint_one_cm":196393,"minecraft:damage_taken":485,"minecraft:walk_one_cm":169234,"minecraft:drop":18,"minecraft:damage_dealt":1914,"minecraft:swim_one_cm":6144,"minecraft:fly_one_cm":221214,"minecraft:player_kills":1,"minecraft:open_chest":5,"minecraft:play_time":65615,"minecraft:crouch_one_cm":4002,"tombstone:undead_killed":4,"minecraft:deaths":1,"minecraft:sneak_time":1577,"minecraft:walk_under_water_one_cm":82,"minecraft:jump":1007,"minecraft:walk_on_water_one_cm":4229,"minecraft:total_world_time":65615,"minecraft:fall_one_cm":22290},"minecraft:used":{"ms:nature/silverbell_log":1,"ms:tool/olivine_shovel":178,"ms:chest/acacia":1,"minecraft:stone_pickaxe":26,"minecraft:oak_planks":260,"minecraft:wooden_pickaxe":57,"minecraft:wooden_shovel":2,"minecraft:dirt":79,"minecraft:mutton":4,"minecraft:crafting_table":6,"minecraft:white_bed":2,"minecraft:wooden_axe":118,"ms:food/blackberry":6,"minecraft:apple":11,"minecraft:stone_axe":132,"minecraft:wooden_sword":125,"tombstone:gift":2,"chococraft:gysahl_green":6,"alexsmobs:animal_dictionary":5}},"DataVersion":3337}