{"stats":{"minecraft:broken":{"minecraft:stone_pickaxe":2,"minecraft:wooden_sword":1,"minecraft:stone_axe":3,"minecraft:wooden_axe":2,"ms:tool/olivine_shovel":2,"minecraft:wooden_pickaxe":1},"minecraft:picked_up":{"chococraft:loverly_gysahl_green":2,"ms:ore/turquoise":4,"ms:food/black_tulip_seeds":10,"minecraft:enchanted_book":1,"alexsmobs:gazelle_horn":2,"minecraft:raw_copper":51,"minecraft:armor_stand":1,"minecraft:cobbled_deepslate":6,"minecraft:cobblestone_slab":8,"ms:nature/maple_log":3,"alexsmobs:raccoon_tail":1,"minecraft:furnace":8,"minecraft:stick":15,"ms:tool/turquoise_sword":1,"minecraft:acacia_log":17,"minecraft:torch":17,"ms:ore/cobalt":2,"minecraft:porkchop":18,"minecraft:pointed_dripstone":5,"tombstone:grave_dust":3,"ms:tool/steel_sword":6,"ms:ore/tin":3,"evilcraft:box_of_eternal_closure":4,"minecraft:rotten_flesh":34,"ms:food/pink_tulip_seeds":7,"minecraft:cobblestone":321,"minecraft:birch_log":68,"minecraft:feather":11,"minecraft:birch_slab":8,"minecraft:andesite":7,"ms:nature/silverbell_log":6,"minecraft:lapis_lazuli":13,"minecraft:dirt":761,"ms:tool/opal_sword":2,"ms:gem/opal":3,"ms:food/vanilla_seeds":4,"minecraft:bone":3,"minecraft:acacia_planks":6,"minecraft:wheat_seeds":26,"ms:stone/marble":1,"ms:food/white_tulip_seeds":5,"ms:food/strawberry_seeds":1,"minecraft:raw_gold":2,"minecraft:oak_planks":34,"ms:food/lime_tulip_seeds":6,"ms:food/green_tulip_seeds":5,"ms:gem/onyx":3,"minecraft:cooked_porkchop":1,"ms:food/light_blue_tulip_seeds":3,"ms:food/magenta_tulip_seeds":5,"ms:food/onion_seeds":2,"ms:food/orange_tulip_seeds":3,"ms:food/yellow_tulip_seeds":2,"minecraft:diamond":2,"ms:food/blue_tulip_seeds":5,"alexsmobs:maggot":1,"minecraft:oak_sapling":18,"minecraft:dark_oak_fence":7,"ms:food/lettuce_seeds":4,"minecraft:crafting_table":8,"minecraft:chicken":7,"ms:food/cyan_tulip_seeds":3,"ms:stone/limestone":8,"minecraft:chest_minecart":2,"ms:tool/copper_sword":1,"minecraft:red_bed":2,"ms:tool/uranium_sword":1,"evilcraft:poison_sac":1,"ms:food/red_tulip_seeds":3,"ms:gem/sapphire":3,"minecraft:beef":8,"minecraft:sugar_cane":10,"ms:food/light_grey_tulip_seeds":2,"minecraft:egg":1,"ms:food/purple_tulip_seeds":10,"minecraft:raw_iron":22,"ms:food/grey_tulip_seeds":9,"ms:food/tomato_seeds":3,"aquaculture:perch":2,"ms:ore/silver":2,"minecraft:arrow":4,"ms:ore/deepslate_turquoise":11,"tombstone:essence_of_undeath":1,"ms:ore/chromite":2,"ms:nature/tigerwood_log":2,"minecraft:mutton":5,"minecraft:white_wool":5,"minecraft:rail":1,"ms:food/rice_seeds":5,"ms:berries/blackberry":6,"ms:armor/bronze_helmet":1,"minecraft:leather":7,"alexsmobs:acacia_blossom":1,"ms:food/brown_tulip_seeds":4,"alexsmobs:skreecher_soul":1,"minecraft:oak_log":242,"ms:gem/sulfur":7,"ms:food/corn_seeds":6,"minecraft:cobblestone_stairs":16,"ms:food/blackberry":6,"ms:armor/bronze_chest":1,"chococraft:gysahl_green":24,"minecraft:apple":1,"minecraft:stone_pickaxe":1,"ms:armor/bronze_legs":1,"minecraft:oak_slab":14,"ms:gem/olivine":19,"minecraft:dandelion":1,"ms:explosives/dynamite":5,"chococraft:gysahl_green_seeds":10,"minecraft:white_bed":2,"minecraft:spider_eye":3,"ms:ore/deepslate_demonite":4,"ms:food/bell_pepper_seeds":4,"minecraft:stone_axe":1,"ms:chest/acacia":1,"ms:gem/jet":2,"minecraft:gray_wool":1,"minecraft:coal":135,"ms:armor/bronze_boots":1},"minecraft:crafted":{"minecraft:oak_planks":968,"minecraft:cobblestone_slab":424,"minecraft:cooked_chicken":7,"minecraft:birch_slab":438,"ms:nature/silverbell_wood":3,"minecraft:cobblestone_stairs":16,"ms:tool/olivine_sword":1,"ms:nature/maple_planks":12,"ms:gem/turquoise_ingot":3,"ms:tool/turquoise_sword":1,"ms:gem/demonite_ingot":3,"ms:nature/tigerwood_planks":8,"minecraft:oak_slab":426,"minecraft:wooden_shovel":1,"minecraft:acacia_wood":3,"ms:chest/acacia":2,"minecraft:cooked_porkchop":13,"ms:tool/onyx_sword":1,"minecraft:crafting_table":7,"minecraft:baked_potato":9,"minecraft:wooden_pickaxe":2,"ms:tool/olivine_shovel":3,"minecraft:birch_planks":268,"minecraft:charcoal":1,"minecraft:shield":1,"minecraft:stick":68,"minecraft:iron_ingot":17,"minecraft:iron_pickaxe":1,"minecraft:stone_sword":1,"minecraft:wooden_sword":2,"ms:gem/uranium_ingot":1,"ms:armor/coal_chest":1,"minecraft:furnace":3,"ms:tool/olivine_pickaxe":1,"minecraft:stone_pickaxe":3,"minecraft:cooked_beef":7,"ms:gem/cobalt_ingot":1,"ms:door/maple":3,"minecraft:bucket":1,"minecraft:stone_axe":4,"minecraft:air":0,"ms:nature/silverbell_planks":12,"minecraft:wooden_axe":3,"minecraft:acacia_planks":64,"minecraft:torch":80},"minecraft:killed":{"minecraft:spider":6,"minecraft:skeleton":7,"minecraft:chicken":7,"aquaculture:perch":1,"minecraft:pig":6,"minecraft:sheep":6,"minecraft:zombie":18,"alexsmobs:fly":1,"minecraft:cow":5,"alexsmobs:raccoon":1,"alexsmobs:blue_jay":1,"evilcraft:poisonous_libelle":1,"alexsmobs:gazelle":2,"alexsmobs:crow":1},"minecraft:mined":{"minecraft:white_bed":2,"ms:ore/jet":2,"minecraft:cobblestone_stairs":16,"alexsmobs:leafcutter_anthill":1,"minecraft:acacia_log":17,"minecraft:grass_block":560,"ms:ore/deepslate_turquoise":11,"ms:ore/turquoise":3,"ms:nature/silverbell_log":6,"minecraft:sculk_catalyst":1,"minecraft:iron_ore":15,"ms:berries/blackberry":6,"ms:nature/maple_log":3,"minecraft:sculk_shrieker":1,"chococraft:gysahl_green":10,"minecraft:pointed_dripstone":1,"minecraft:dirt_path":2,"ms:ore/onyx":3,"ms:nature/tigerwood_log":2,"minecraft:red_bed":2,"ms:ore/deepslate_sapphire":3,"minecraft:torch":3,"minecraft:sugar_cane":3,"minecraft:oak_planks":38,"minecraft:birch_log":68,"ms:ore/deepslate_cobalt":1,"minecraft:grass":152,"minecraft:oak_log":242,"minecraft:dirt":44,"minecraft:oak_leaves":61,"minecraft:deepslate":1,"minecraft:deepslate_diamond_ore":2,"ms:ore/tin":3,"ms:nature/silverbell_leaves":1,"minecraft:birch_slab":5,"ms:ore/sulfur":2,"ms:plant/grass":92,"ms:stone/marble":1,"minecraft:furnace":8,"minecraft:andesite":1,"minecraft:cobblestone_slab":4,"minecraft:deepslate_iron_ore":1,"minecraft:vine":2,"ms:ore/opal":4,"ms:ore/chromite":2,"minecraft:stone":309,"minecraft:oak_slab":9,"minecraft:acacia_leaves":2,"ms:ore/cobalt":1,"ms:ore/olivine":14,"minecraft:dandelion":2,"minecraft:crafting_table":8,"minecraft:sculk_sensor":6,"minecraft:tall_grass":23,"minecraft:copper_ore":16,"minecraft:lapis_ore":2,"ms:ore/deepslate_ruby":1,"minecraft:sculk":1,"ms:ore/silver":3,"ms:ore/deepslate_demonite":4,"minecraft:birch_leaves":4,"minecraft:coal_ore":56,"ms:chest/acacia":1},"minecraft:dropped":{"ms:food/light_blue_tulip_seeds":3,"ms:food/cyan_tulip_seeds":3,"chococraft:loverly_gysahl_green":1,"ms:armor/coal_chest":1,"ms:food/light_grey_tulip_seeds":2,"minecraft:chest_minecart":2,"ms:food/purple_tulip_seeds":6,"minecraft:rail":1,"minecraft:dirt":388,"ms:food/corn_seeds":3,"ms:food/orange_tulip_seeds":2,"ms:nature/silverbell_planks":3,"minecraft:dark_oak_fence":7,"ms:food/rice_seeds":5,"ms:food/red_tulip_seeds":3,"minecraft:wooden_sword":1,"ms:gem/opal":3,"ms:food/blue_tulip_seeds":3,"minecraft:bone":2,"minecraft:armor_stand":1,"ms:food/tomato_seeds":1,"ms:food/yellow_tulip_seeds":2,"minecraft:stone_axe":1,"minecraft:cobbled_deepslate":3,"ms:tool/uranium_sword":1,"aquaculture:perch":2,"minecraft:pointed_dripstone":5,"minecraft:rotten_flesh":33,"minecraft:oak_planks":1,"ms:food/grey_tulip_seeds":9,"ms:tool/olivine_sword":1,"ms:tool/turquoise_sword":1,"ms:stone/limestone":8,"ms:food/magenta_tulip_seeds":4,"minecraft:arrow":2,"minecraft:egg":1,"minecraft:enchanted_book":1,"minecraft:oak_slab":1,"minecraft:wheat_seeds":3,"ms:berries/blackberry":6,"ms:tool/opal_sword":2,"ms:door/maple":1,"ms:food/bell_pepper_seeds":1,"ms:food/pink_tulip_seeds":7,"minecraft:feather":11,"minecraft:cobblestone":1,"ms:tool/steel_sword":6,"ms:food/brown_tulip_seeds":3,"ms:ore/turquoise":1,"ms:gem/sulfur":7,"minecraft:torch":13,"minecraft:wooden_axe":1,"tombstone:grave_dust":2,"minecraft:dandelion":1,"alexsmobs:maggot":1,"alexsmobs:acacia_blossom":1,"minecraft:stone_sword":1,"ms:food/lime_tulip_seeds":6,"ms:food/green_tulip_seeds":1,"ms:tool/copper_sword":1,"evilcraft:box_of_eternal_closure":1,"ms:food/white_tulip_seeds":5,"ms:food/black_tulip_seeds":1,"minecraft:andesite":7,"ms:food/vanilla_seeds":4,"minecraft:spider_eye":2,"tombstone:essence_of_undeath":1,"minecraft:stone_pickaxe":2},"minecraft:killed_by":{"alexsmobs:centipede_head":1,"minecraft:skeleton":1},"minecraft:custom":{"minecraft:interact_with_crafting_table":83,"minecraft:open_barrel":6,"minecraft:bell_ring":3,"minecraft:leave_game":2,"minecraft:time_since_death":5612,"minecraft:sprint_one_cm":959552,"minecraft:damage_blocked_by_shield":890,"minecraft:drop":133,"minecraft:talked_to_villager":1,"minecraft:play_time":329152,"minecraft:deaths":2,"minecraft:jump":5426,"minecraft:walk_on_water_one_cm":60311,"minecraft:interact_with_furnace":51,"minecraft:sleep_in_bed":14,"minecraft:damage_dealt":9386,"minecraft:player_kills":1,"minecraft:crouch_one_cm":23382,"tombstone:undead_killed":25,"minecraft:mob_kills":66,"minecraft:climb_one_cm":2309,"minecraft:walk_one_cm":742848,"minecraft:sneak_time":7786,"minecraft:walk_under_water_one_cm":10052,"minecraft:total_world_time":329152,"minecraft:time_since_rest":5731,"minecraft:damage_taken":3019,"minecraft:swim_one_cm":33029,"minecraft:fly_one_cm":1222377,"minecraft:open_chest":38,"minecraft:fall_one_cm":146386},"minecraft:used":{"minecraft:shield":34,"minecraft:rotten_flesh":1,"minecraft:mutton":5,"minecraft:lava_bucket":1,"minecraft:furnace":10,"minecraft:oak_sapling":12,"minecraft:stone_pickaxe":325,"minecraft:oak_planks":760,"minecraft:wooden_pickaxe":57,"ms:door/maple":2,"minecraft:birch_slab":423,"minecraft:bread":9,"minecraft:wooden_sword":171,"chococraft:gysahl_green":17,"ms:nature/silverbell_log":1,"minecraft:stone_sword":30,"ms:tool/steel_sword":142,"minecraft:wooden_shovel":35,"minecraft:cooked_chicken":7,"minecraft:torch":73,"minecraft:dirt":232,"ms:tool/olivine_sword":62,"minecraft:wooden_axe":142,"evilcraft:box_of_eternal_closure":3,"minecraft:beef":1,"tombstone:gift":4,"minecraft:cooked_beef":2,"ms:tool/olivine_shovel":623,"ms:chest/acacia":3,"minecraft:water_bucket":4,"minecraft:cobblestone_stairs":28,"minecraft:baked_potato":7,"minecraft:cobblestone_slab":432,"minecraft:oak_slab":438,"minecraft:crafting_table":14,"minecraft:red_bed":2,"minecraft:white_bed":2,"ms:tool/turquoise_sword":182,"ms:food/blackberry":6,"minecraft:apple":29,"ms:explosives/dynamite":5,"ms:tool/olivine_pickaxe":8,"minecraft:iron_pickaxe":153,"minecraft:stone_axe":441,"minecraft:cobblestone":21,"minecraft:cooked_porkchop":14,"minecraft:bucket":6,"alexsmobs:animal_dictionary":7}},"DataVersion":3337}