{"stats":{"minecraft:broken":{"minecraft:wooden_sword":1,"minecraft:wooden_axe":2,"minecraft:wooden_pickaxe":1},"minecraft:picked_up":{"ms:food/lettuce_seeds":2,"chococraft:loverly_gysahl_green":2,"minecraft:crafting_table":1,"ms:berries/blackberry":6,"ms:food/black_tulip_seeds":3,"ms:food/brown_tulip_seeds":1,"alexsmobs:acacia_blossom":1,"ms:nature/silverbell_log":6,"ms:food/corn_seeds":3,"alexsmobs:gazelle_horn":1,"minecraft:dirt":4,"ms:food/blackberry":6,"ms:food/red_tulip_seeds":1,"ms:food/vanilla_seeds":3,"minecraft:bone":1,"chococraft:gysahl_green":6,"ms:stone/marble":1,"minecraft:wheat_seeds":8,"ms:food/white_tulip_seeds":2,"alexsmobs:raccoon_tail":1,"minecraft:sugar_cane":10,"ms:food/lime_tulip_seeds":4,"minecraft:egg":1,"ms:food/green_tulip_seeds":3,"ms:gem/onyx":2,"ms:food/grey_tulip_seeds":2,"ms:gem/olivine":6,"minecraft:acacia_log":12,"chococraft:gysahl_green_seeds":3,"minecraft:pointed_dripstone":5,"tombstone:grave_dust":1,"minecraft:white_bed":2,"ms:ore/tin":2,"minecraft:spider_eye":1,"ms:food/magenta_tulip_seeds":1,"minecraft:rotten_flesh":8,"ms:food/orange_tulip_seeds":1,"ms:food/blue_tulip_seeds":3,"minecraft:gray_wool":1,"minecraft:mutton":4,"ms:nature/tigerwood_log":2,"minecraft:coal":15,"minecraft:white_wool":4,"minecraft:cobblestone":22},"minecraft:crafted":{"minecraft:wooden_sword":2,"minecraft:wooden_shovel":1,"minecraft:acacia_wood":3,"minecraft:crafting_table":4,"minecraft:wooden_pickaxe":2,"ms:armor/coal_chest":1,"ms:nature/silverbell_wood":3,"ms:tool/olivine_shovel":1,"minecraft:stone_axe":1,"ms:nature/silverbell_planks":12,"minecraft:stick":20,"minecraft:stone_pickaxe":1,"minecraft:wooden_axe":2,"ms:nature/tigerwood_planks":8,"minecraft:acacia_planks":32},"minecraft:killed":{"alexsmobs:raccoon":1,"minecraft:spider":1,"minecraft:sheep":5,"minecraft:skeleton":1,"minecraft:zombie":3,"alexsmobs:gazelle":1},"minecraft:mined":{"minecraft:acacia_leaves":1,"ms:nature/tigerwood_log":2,"minecraft:white_bed":2,"ms:ore/olivine":4,"ms:ore/tin":2,"alexsmobs:leafcutter_anthill":1,"minecraft:crafting_table":1,"ms:nature/silverbell_leaves":1,"minecraft:acacia_log":12,"minecraft:grass_block":7,"minecraft:tall_grass":11,"ms:nature/silverbell_log":6,"minecraft:sugar_cane":3,"ms:plant/grass":41,"ms:stone/marble":1,"ms:berries/blackberry":6,"minecraft:pointed_dripstone":1,"minecraft:grass":57,"minecraft:coal_ore":15,"chococraft:gysahl_green":3,"minecraft:vine":2,"minecraft:dirt":2,"minecraft:stone":22,"ms:ore/onyx":2},"minecraft:dropped":{"chococraft:loverly_gysahl_green":1,"alexsmobs:acacia_blossom":1,"ms:berries/blackberry":6,"ms:food/lime_tulip_seeds":4,"minecraft:pointed_dripstone":2,"minecraft:rotten_flesh":8,"ms:food/grey_tulip_seeds":2,"ms:food/white_tulip_seeds":2,"minecraft:dirt":2,"ms:food/corn_seeds":3,"ms:nature/silverbell_planks":3,"ms:food/vanilla_seeds":3,"ms:food/red_tulip_seeds":1,"minecraft:spider_eye":1,"ms:food/blue_tulip_seeds":3},"minecraft:killed_by":{"minecraft:skeleton":1},"minecraft:custom":{"minecraft:mob_kills":12,"minecraft:interact_with_crafting_table":13,"minecraft:time_since_death":20643,"minecraft:climb_one_cm":453,"minecraft:time_since_rest":20672,"minecraft:sprint_one_cm":119249,"minecraft:damage_taken":485,"minecraft:walk_one_cm":90561,"minecraft:drop":16,"minecraft:damage_dealt":1874,"minecraft:swim_one_cm":5443,"minecraft:fly_one_cm":145647,"minecraft:player_kills":1,"minecraft:open_chest":3,"minecraft:play_time":41615,"minecraft:crouch_one_cm":276,"tombstone:undead_killed":4,"minecraft:deaths":1,"minecraft:sneak_time":165,"minecraft:walk_under_water_one_cm":82,"minecraft:jump":670,"minecraft:walk_on_water_one_cm":2926,"minecraft:total_world_time":41615,"minecraft:fall_one_cm":17725},"minecraft:used":{"ms:nature/silverbell_log":1,"ms:tool/olivine_shovel":4,"minecraft:stone_pickaxe":26,"minecraft:wooden_pickaxe":57,"minecraft:wooden_shovel":1,"minecraft:dirt":2,"minecraft:mutton":4,"minecraft:crafting_table":5,"minecraft:white_bed":1,"minecraft:wooden_axe":118,"ms:food/blackberry":6,"minecraft:apple":6,"minecraft:stone_axe":1,"minecraft:wooden_sword":118,"tombstone:gift":2,"chococraft:gysahl_green":6,"alexsmobs:animal_dictionary":5}},"DataVersion":3337}