{"stats":{"minecraft:used":{"chococraft:choco_disguise_helmet":1,"aquaculture:tackle_box":1,"chococraft:yellow_chocobo_spawn_egg":3,"minetraps:troll_block":4},"minecraft:custom":{"minecraft:jump":36,"minecraft:time_since_rest":11714,"minecraft:damage_dealt":10,"minecraft:crouch_one_cm":43,"minecraft:sprint_one_cm":3792,"minecraft:play_time":11714,"minecraft:time_since_death":11714,"minecraft:walk_one_cm":6534,"minecraft:sneak_time":104,"minecraft:total_world_time":11714,"minecraft:fall_one_cm":209,"minecraft:fly_one_cm":86527},"minecraft:picked_up":{"minecraft:spruce_sapling":4,"minecraft:spruce_log":2,"minecraft:dirt":16}},"DataVersion":3337}