{"stats":{"minecraft:broken":{"ms:tool/olivine_shovel":2,"minecraft:wooden_pickaxe":1,"minecraft:stone_pickaxe":2,"minecraft:wooden_sword":1,"minecraft:stone_axe":1,"minecraft:wooden_axe":2},"minecraft:picked_up":{"ms:food/lettuce_seeds":3,"minecraft:crafting_table":1,"chococraft:loverly_gysahl_green":2,"minecraft:chicken":2,"ms:food/cyan_tulip_seeds":3,"ms:food/black_tulip_seeds":10,"alexsmobs:gazelle_horn":1,"ms:food/red_tulip_seeds":3,"minecraft:cobblestone_slab":6,"alexsmobs:raccoon_tail":1,"minecraft:sugar_cane":10,"ms:food/light_grey_tulip_seeds":2,"minecraft:egg":1,"ms:food/purple_tulip_seeds":10,"minecraft:stick":11,"minecraft:raw_iron":2,"ms:food/grey_tulip_seeds":6,"minecraft:acacia_log":12,"ms:food/tomato_seeds":2,"minecraft:porkchop":6,"tombstone:grave_dust":1,"minecraft:pointed_dripstone":5,"ms:ore/tin":2,"minecraft:rotten_flesh":8,"ms:nature/tigerwood_log":2,"minecraft:mutton":5,"ms:food/pink_tulip_seeds":4,"minecraft:white_wool":5,"minecraft:cobblestone":282,"minecraft:feather":1,"ms:food/rice_seeds":5,"ms:berries/blackberry":6,"alexsmobs:acacia_blossom":1,"ms:food/brown_tulip_seeds":4,"ms:nature/silverbell_log":6,"minecraft:oak_log":108,"ms:food/corn_seeds":6,"minecraft:lapis_lazuli":13,"minecraft:dirt":546,"ms:food/blackberry":6,"ms:food/vanilla_seeds":4,"minecraft:bone":1,"chococraft:gysahl_green":6,"minecraft:acacia_planks":6,"minecraft:apple":1,"ms:food/white_tulip_seeds":5,"minecraft:wheat_seeds":22,"ms:stone/marble":1,"ms:food/strawberry_seeds":1,"minecraft:oak_planks":30,"ms:food/lime_tulip_seeds":6,"ms:food/green_tulip_seeds":5,"ms:gem/onyx":2,"minecraft:oak_slab":6,"ms:gem/olivine":14,"ms:food/light_blue_tulip_seeds":3,"chococraft:gysahl_green_seeds":3,"minecraft:white_bed":2,"minecraft:spider_eye":1,"ms:food/magenta_tulip_seeds":4,"ms:food/onion_seeds":2,"ms:food/orange_tulip_seeds":2,"ms:food/bell_pepper_seeds":4,"ms:food/blue_tulip_seeds":5,"ms:food/yellow_tulip_seeds":2,"minecraft:gray_wool":1,"minecraft:oak_sapling":12,"minecraft:coal":17},"minecraft:crafted":{"minecraft:wooden_sword":2,"minecraft:oak_planks":432,"minecraft:cobblestone_slab":424,"minecraft:cooked_chicken":2,"ms:armor/coal_chest":1,"minecraft:furnace":1,"ms:nature/silverbell_wood":3,"minecraft:cobblestone_stairs":12,"minecraft:stone_pickaxe":3,"ms:nature/tigerwood_planks":8,"minecraft:oak_slab":198,"minecraft:acacia_wood":3,"minecraft:wooden_shovel":1,"ms:chest/acacia":1,"minecraft:crafting_table":5,"minecraft:wooden_pickaxe":2,"ms:tool/olivine_shovel":3,"minecraft:stone_axe":2,"minecraft:air":0,"ms:nature/silverbell_planks":12,"minecraft:stick":20,"minecraft:wooden_axe":3,"minecraft:acacia_planks":44},"minecraft:killed":{"alexsmobs:raccoon":1,"minecraft:spider":1,"minecraft:skeleton":1,"minecraft:chicken":2,"minecraft:pig":2,"minecraft:sheep":6,"minecraft:zombie":3,"alexsmobs:gazelle":1,"alexsmobs:crow":1},"minecraft:mined":{"minecraft:white_bed":2,"ms:ore/tin":2,"alexsmobs:leafcutter_anthill":1,"ms:nature/silverbell_leaves":1,"minecraft:acacia_log":12,"minecraft:grass_block":558,"ms:nature/silverbell_log":6,"ms:plant/grass":86,"ms:stone/marble":1,"minecraft:iron_ore":2,"ms:berries/blackberry":6,"chococraft:gysahl_green":3,"minecraft:pointed_dripstone":1,"minecraft:vine":2,"minecraft:cobblestone_slab":3,"minecraft:dirt_path":2,"minecraft:stone":279,"ms:ore/onyx":2,"minecraft:oak_slab":4,"ms:nature/tigerwood_log":2,"minecraft:acacia_leaves":1,"ms:ore/olivine":10,"minecraft:dandelion":1,"minecraft:crafting_table":1,"minecraft:tall_grass":18,"minecraft:lapis_ore":2,"minecraft:sugar_cane":3,"minecraft:oak_planks":33,"minecraft:grass":123,"minecraft:coal_ore":17,"minecraft:oak_log":108,"minecraft:dirt":19,"minecraft:oak_leaves":30},"minecraft:dropped":{"ms:food/light_blue_tulip_seeds":3,"ms:food/cyan_tulip_seeds":3,"chococraft:loverly_gysahl_green":1,"ms:berries/blackberry":6,"ms:food/light_grey_tulip_seeds":2,"ms:food/bell_pepper_seeds":1,"ms:food/pink_tulip_seeds":4,"minecraft:feather":1,"minecraft:cobblestone":1,"ms:food/purple_tulip_seeds":6,"ms:food/brown_tulip_seeds":3,"minecraft:dirt":2,"ms:food/corn_seeds":3,"ms:food/orange_tulip_seeds":1,"ms:nature/silverbell_planks":3,"ms:food/rice_seeds":5,"ms:food/red_tulip_seeds":3,"ms:food/blue_tulip_seeds":3,"ms:food/tomato_seeds":1,"ms:food/yellow_tulip_seeds":2,"alexsmobs:acacia_blossom":1,"ms:food/lime_tulip_seeds":6,"ms:food/green_tulip_seeds":1,"minecraft:pointed_dripstone":2,"minecraft:rotten_flesh":8,"minecraft:oak_planks":1,"ms:food/grey_tulip_seeds":6,"ms:food/white_tulip_seeds":5,"ms:food/black_tulip_seeds":1,"ms:food/magenta_tulip_seeds":3,"ms:food/vanilla_seeds":4,"minecraft:spider_eye":1},"minecraft:killed_by":{"minecraft:skeleton":1},"minecraft:custom":{"minecraft:mob_kills":18,"minecraft:interact_with_crafting_table":36,"minecraft:time_since_death":92643,"minecraft:climb_one_cm":480,"minecraft:sprint_one_cm":290392,"minecraft:walk_one_cm":313736,"minecraft:drop":43,"minecraft:play_time":113615,"minecraft:deaths":1,"minecraft:sneak_time":2318,"minecraft:walk_under_water_one_cm":1496,"minecraft:jump":1426,"minecraft:walk_on_water_one_cm":14248,"minecraft:total_world_time":113615,"minecraft:interact_with_furnace":6,"minecraft:sleep_in_bed":6,"minecraft:time_since_rest":305,"minecraft:damage_taken":535,"minecraft:damage_dealt":2263,"minecraft:swim_one_cm":8946,"minecraft:fly_one_cm":295277,"minecraft:player_kills":1,"minecraft:open_chest":15,"minecraft:crouch_one_cm":5634,"tombstone:undead_killed":4,"minecraft:fall_one_cm":29730},"minecraft:used":{"ms:nature/silverbell_log":1,"minecraft:wooden_shovel":35,"minecraft:cooked_chicken":2,"minecraft:dirt":97,"minecraft:mutton":5,"minecraft:wooden_axe":129,"minecraft:oak_sapling":12,"minecraft:furnace":1,"tombstone:gift":2,"ms:tool/olivine_shovel":596,"ms:chest/acacia":1,"minecraft:cobblestone_stairs":12,"minecraft:stone_pickaxe":300,"minecraft:oak_planks":357,"minecraft:wooden_pickaxe":57,"minecraft:cobblestone_slab":428,"minecraft:oak_slab":146,"minecraft:crafting_table":6,"minecraft:white_bed":2,"ms:food/blackberry":6,"minecraft:apple":11,"minecraft:bread":1,"minecraft:stone_axe":173,"minecraft:wooden_sword":165,"chococraft:gysahl_green":6,"alexsmobs:animal_dictionary":5}},"DataVersion":3337}