{"stats":{"minecraft:broken":{"minecraft:wooden_axe":1},"minecraft:picked_up":{"ms:food/green_tulip_seeds":2,"ms:food/grey_tulip_seeds":2,"ms:berries/blackberry":6,"ms:food/black_tulip_seeds":1,"alexsmobs:acacia_blossom":1,"ms:food/brown_tulip_seeds":1,"minecraft:acacia_log":12,"ms:nature/silverbell_log":5,"ms:food/corn_seeds":1,"chococraft:gysahl_green_seeds":1,"alexsmobs:gazelle_horn":1,"minecraft:dirt":2,"ms:food/vanilla_seeds":1,"ms:food/blackberry":6,"ms:food/red_tulip_seeds":1,"ms:food/magenta_tulip_seeds":1,"chococraft:gysahl_green":3,"minecraft:wheat_seeds":4,"minecraft:gray_wool":1,"minecraft:mutton":4,"ms:nature/tigerwood_log":2,"minecraft:white_wool":2},"minecraft:crafted":{"minecraft:acacia_wood":3,"ms:nature/silverbell_planks":12,"minecraft:crafting_table":3,"minecraft:stick":8,"minecraft:wooden_pickaxe":1,"minecraft:wooden_axe":1,"ms:nature/tigerwood_planks":8,"ms:nature/silverbell_wood":3,"minecraft:acacia_planks":24},"minecraft:mined":{"ms:nature/tigerwood_log":2,"minecraft:acacia_leaves":1,"ms:berries/blackberry":6,"ms:nature/silverbell_leaves":1,"minecraft:grass":15,"minecraft:acacia_log":12,"chococraft:gysahl_green":1,"minecraft:grass_block":3,"minecraft:vine":2,"minecraft:tall_grass":4,"ms:nature/silverbell_log":5,"ms:plant/grass":8},"minecraft:killed":{"minecraft:sheep":3,"alexsmobs:gazelle":1},"minecraft:used":{"ms:nature/silverbell_log":1,"minecraft:wooden_axe":56,"ms:food/blackberry":6,"minecraft:wooden_pickaxe":35,"minecraft:dirt":2,"minecraft:crafting_table":3,"alexsmobs:animal_dictionary":4},"minecraft:custom":{"minecraft:time_since_rest":17615,"minecraft:sprint_one_cm":44520,"minecraft:damage_taken":145,"minecraft:walk_one_cm":24255,"minecraft:mob_kills":4,"minecraft:damage_dealt":509,"minecraft:interact_with_crafting_table":4,"minecraft:fly_one_cm":61992,"minecraft:play_time":17615,"minecraft:sneak_time":64,"minecraft:jump":261,"minecraft:time_since_death":17615,"minecraft:total_world_time":17615,"minecraft:fall_one_cm":7942}},"DataVersion":3337}