{"stats":{"minecraft:broken":{"ms:tool/olivine_shovel":2,"minecraft:wooden_pickaxe":1,"minecraft:stone_pickaxe":1,"minecraft:wooden_sword":1,"minecraft:stone_axe":1,"minecraft:wooden_axe":2},"minecraft:picked_up":{"ms:food/lettuce_seeds":3,"minecraft:crafting_table":1,"chococraft:loverly_gysahl_green":2,"minecraft:chicken":2,"ms:food/cyan_tulip_seeds":3,"ms:food/black_tulip_seeds":9,"alexsmobs:gazelle_horn":1,"ms:food/red_tulip_seeds":3,"minecraft:cobblestone_slab":5,"alexsmobs:raccoon_tail":1,"minecraft:sugar_cane":10,"ms:food/light_grey_tulip_seeds":2,"minecraft:egg":1,"ms:food/purple_tulip_seeds":6,"minecraft:stick":11,"minecraft:raw_iron":2,"ms:food/grey_tulip_seeds":6,"minecraft:acacia_log":12,"ms:food/tomato_seeds":1,"minecraft:porkchop":6,"tombstone:grave_dust":1,"minecraft:pointed_dripstone":5,"ms:ore/tin":2,"minecraft:rotten_flesh":8,"ms:nature/tigerwood_log":2,"minecraft:mutton":5,"ms:food/pink_tulip_seeds":4,"minecraft:white_wool":5,"minecraft:cobblestone":172,"minecraft:feather":1,"ms:food/rice_seeds":3,"ms:berries/blackberry":6,"alexsmobs:acacia_blossom":1,"ms:food/brown_tulip_seeds":4,"ms:nature/silverbell_log":6,"minecraft:oak_log":83,"ms:food/corn_seeds":6,"minecraft:dirt":471,"ms:food/blackberry":6,"ms:food/vanilla_seeds":4,"minecraft:bone":1,"chococraft:gysahl_green":6,"minecraft:acacia_planks":6,"minecraft:apple":1,"ms:food/white_tulip_seeds":5,"minecraft:wheat_seeds":19,"ms:stone/marble":1,"ms:food/strawberry_seeds":1,"minecraft:oak_planks":18,"ms:food/lime_tulip_seeds":6,"ms:food/green_tulip_seeds":4,"ms:gem/onyx":2,"ms:gem/olivine":14,"ms:food/light_blue_tulip_seeds":3,"chococraft:gysahl_green_seeds":3,"minecraft:white_bed":2,"minecraft:spider_eye":1,"ms:food/magenta_tulip_seeds":3,"ms:food/onion_seeds":2,"ms:food/orange_tulip_seeds":2,"ms:food/bell_pepper_seeds":3,"ms:food/blue_tulip_seeds":5,"ms:food/yellow_tulip_seeds":2,"minecraft:gray_wool":1,"minecraft:oak_sapling":12,"minecraft:coal":17},"minecraft:crafted":{"minecraft:wooden_sword":2,"minecraft:oak_planks":332,"minecraft:cobblestone_slab":280,"minecraft:cooked_chicken":2,"ms:armor/coal_chest":1,"minecraft:furnace":1,"ms:nature/silverbell_wood":3,"minecraft:stone_pickaxe":2,"ms:nature/tigerwood_planks":8,"minecraft:acacia_wood":3,"minecraft:wooden_shovel":1,"ms:chest/acacia":1,"minecraft:crafting_table":5,"minecraft:wooden_pickaxe":2,"ms:tool/olivine_shovel":3,"minecraft:stone_axe":1,"minecraft:air":0,"ms:nature/silverbell_planks":12,"minecraft:stick":20,"minecraft:wooden_axe":2,"minecraft:acacia_planks":44},"minecraft:killed":{"alexsmobs:raccoon":1,"minecraft:spider":1,"minecraft:skeleton":1,"minecraft:chicken":2,"minecraft:pig":2,"minecraft:sheep":6,"minecraft:zombie":3,"alexsmobs:gazelle":1,"alexsmobs:crow":1},"minecraft:mined":{"minecraft:white_bed":2,"ms:ore/tin":2,"alexsmobs:leafcutter_anthill":1,"ms:nature/silverbell_leaves":1,"minecraft:acacia_log":12,"minecraft:grass_block":498,"ms:nature/silverbell_log":6,"ms:plant/grass":80,"ms:stone/marble":1,"minecraft:iron_ore":2,"ms:berries/blackberry":6,"chococraft:gysahl_green":3,"minecraft:pointed_dripstone":1,"minecraft:vine":2,"minecraft:cobblestone_slab":2,"minecraft:dirt_path":2,"minecraft:stone":170,"ms:ore/onyx":2,"ms:nature/tigerwood_log":2,"minecraft:acacia_leaves":1,"ms:ore/olivine":10,"minecraft:dandelion":1,"minecraft:crafting_table":1,"minecraft:tall_grass":18,"minecraft:sugar_cane":3,"minecraft:oak_planks":22,"minecraft:grass":119,"minecraft:coal_ore":17,"minecraft:oak_log":83,"minecraft:dirt":6,"minecraft:oak_leaves":19},"minecraft:dropped":{"chococraft:loverly_gysahl_green":1,"ms:berries/blackberry":6,"ms:food/light_grey_tulip_seeds":2,"ms:food/bell_pepper_seeds":1,"ms:food/pink_tulip_seeds":3,"minecraft:feather":1,"ms:food/purple_tulip_seeds":2,"minecraft:dirt":2,"ms:food/corn_seeds":3,"ms:food/orange_tulip_seeds":1,"ms:nature/silverbell_planks":3,"ms:food/red_tulip_seeds":1,"ms:food/blue_tulip_seeds":3,"ms:food/tomato_seeds":1,"alexsmobs:acacia_blossom":1,"ms:food/lime_tulip_seeds":4,"minecraft:pointed_dripstone":2,"minecraft:rotten_flesh":8,"ms:food/grey_tulip_seeds":2,"ms:food/white_tulip_seeds":3,"ms:food/vanilla_seeds":4,"minecraft:spider_eye":1},"minecraft:killed_by":{"minecraft:skeleton":1},"minecraft:custom":{"minecraft:mob_kills":18,"minecraft:interact_with_crafting_table":27,"minecraft:time_since_death":68643,"minecraft:climb_one_cm":480,"minecraft:sprint_one_cm":235392,"minecraft:walk_one_cm":246426,"minecraft:drop":26,"minecraft:play_time":89615,"minecraft:deaths":1,"minecraft:sneak_time":1691,"minecraft:walk_under_water_one_cm":1067,"minecraft:jump":1236,"minecraft:walk_on_water_one_cm":10896,"minecraft:total_world_time":89615,"minecraft:interact_with_furnace":5,"minecraft:sleep_in_bed":4,"minecraft:time_since_rest":1730,"minecraft:damage_taken":505,"minecraft:damage_dealt":2263,"minecraft:swim_one_cm":6703,"minecraft:fly_one_cm":252596,"minecraft:player_kills":1,"minecraft:open_chest":11,"minecraft:crouch_one_cm":4038,"tombstone:undead_killed":4,"minecraft:fall_one_cm":26745},"minecraft:used":{"ms:nature/silverbell_log":1,"minecraft:wooden_shovel":35,"minecraft:cooked_chicken":1,"minecraft:dirt":85,"minecraft:mutton":5,"minecraft:wooden_axe":118,"minecraft:furnace":1,"tombstone:gift":2,"ms:tool/olivine_shovel":521,"ms:chest/acacia":1,"minecraft:stone_pickaxe":188,"minecraft:oak_planks":260,"minecraft:wooden_pickaxe":57,"minecraft:cobblestone_slab":276,"minecraft:crafting_table":6,"minecraft:white_bed":2,"ms:food/blackberry":6,"minecraft:apple":11,"minecraft:bread":1,"minecraft:stone_axe":132,"minecraft:wooden_sword":165,"chococraft:gysahl_green":6,"alexsmobs:animal_dictionary":5}},"DataVersion":3337}