{"stats":{"minecraft:killed":{"minecraft:spider":9,"minecraft:skeleton":18,"minecraft:chicken":14,"aquaculture:perch":1,"minecraft:piglin":1,"minecraft:pig":7,"alexsmobs:grizzly_bear":2,"minecraft:zombie_villager":1,"minecraft:creeper":1,"minecraft:sheep":8,"minecraft:pillager":2,"minecraft:zombie":26,"alexsmobs:roadrunner":1,"alexsmobs:fly":3,"minecraft:cow":7,"alexsmobs:raccoon":2,"alexsmobs:rattlesnake":1,"alexsmobs:blue_jay":1,"aquaculture:brown_trout":1,"minecraft:drowned":1,"ms:nether_spider":3,"alexsmobs:rhinoceros":1,"minecraft:squid":1,"evilcraft:poisonous_libelle":1,"alexsmobs:gazelle":2,"alexsmobs:crow":4,"minecraft:enderman":2},"minecraft:killed_by":{"minecraft:piglin":1,"alexsmobs:komodo_dragon":1,"alexsmobs:centipede_head":1,"minecraft:skeleton":2,"alexsmobs:crimson_mosquito":1},"minecraft:dropped":{"ms:food/light_blue_tulip_seeds":4,"ms:food/cyan_tulip_seeds":3,"minecraft:brown_mushroom":1,"chococraft:loverly_gysahl_green":1,"ms:armor/coal_chest":1,"ms:armor/bronze_helmet":4,"aquaculture:brown_trout":1,"ms:food/light_grey_tulip_seeds":2,"minecraft:dark_oak_sapling":1,"measurements:tape_measure":1,"minecraft:leather":2,"minecraft:chest_minecart":2,"ms:food/purple_tulip_seeds":6,"minecraft:rail":1,"minecraft:birch_slab":1,"minecraft:item_frame":1,"minecraft:dirt":399,"ms:food/corn_seeds":3,"ms:food/orange_tulip_seeds":4,"ms:nature/silverbell_planks":3,"minecraft:dark_oak_fence":7,"ms:food/rice_seeds":6,"ms:food/red_tulip_seeds":3,"minecraft:wooden_sword":1,"minecraft:gold_nugget":2,"ms:gem/opal":3,"ms:food/blue_tulip_seeds":4,"minecraft:fishing_rod":1,"minecraft:armor_stand":1,"minecraft:gold_ingot":4,"minecraft:bone":2,"ms:food/tomato_seeds":1,"ms:food/yellow_tulip_seeds":4,"ms:food/strawberry_seeds":2,"minecraft:stone_axe":2,"minecraft:cobbled_deepslate":3,"ms:tool/uranium_sword":1,"ms:food/lettuce_seeds":1,"aquaculture:perch":2,"minecraft:birch_sapling":9,"minecraft:pointed_dripstone":5,"minecraft:rotten_flesh":38,"minecraft:oak_planks":1,"minecraft:azure_bluet":1,"ms:food/grey_tulip_seeds":10,"ms:tool/olivine_sword":1,"ms:tool/turquoise_sword":1,"ms:stone/limestone":8,"ms:food/magenta_tulip_seeds":8,"minecraft:arrow":8,"minecraft:warped_wart_block":14,"minecraft:egg":2,"minecraft:enchanted_book":1,"minecraft:bread":7,"minecraft:oak_slab":1,"minecraft:wheat_seeds":3,"ms:berries/blackberry":12,"ms:tool/opal_sword":2,"ms:door/maple":1,"ms:food/bell_pepper_seeds":1,"ms:food/pink_tulip_seeds":8,"minecraft:feather":22,"minecraft:cobblestone":65,"ms:tool/steel_sword":7,"chococraft:gysahl_green_seeds":7,"ms:food/brown_tulip_seeds":3,"ms:ore/turquoise":1,"minecraft:stick":1,"ms:gem/sulfur":7,"minecraft:ink_sac":3,"minecraft:torch":13,"tombstone:grave_key":11,"minecraft:wooden_axe":1,"tombstone:grave_dust":3,"ms:tool/onyx_sword":2,"minecraft:dandelion":2,"alexsmobs:maggot":3,"alexsmobs:acacia_blossom":1,"minecraft:stone_sword":1,"minecraft:smooth_stone_slab":1,"ms:food/onion":1,"ms:food/lime_tulip_seeds":7,"ms:tool/copper_sword":1,"ms:food/green_tulip_seeds":2,"evilcraft:box_of_eternal_closure":1,"minecraft:nether_bricks":4,"ms:food/white_tulip_seeds":11,"ms:stone/peridotite":2,"ms:food/black_tulip_seeds":3,"minecraft:oak_button":1,"minecraft:andesite":7,"ms:food/vanilla_seeds":4,"minecraft:spider_eye":4,"tombstone:essence_of_undeath":1,"minecraft:stone_pickaxe":2},"minecraft:crafted":{"minecraft:black_dye":3,"minecraft:yellow_wool":2,"minecraft:smooth_stone":3,"minecraft:oak_planks":1208,"minecraft:cobblestone_slab":1224,"ms:tool/cobalt_shovel":1,"minecraft:lightning_rod":1,"minecraft:cooked_chicken":12,"minecraft:birch_slab":450,"minecraft:cobblestone_stairs":156,"ms:nature/silverbell_wood":3,"minecraft:stone":3,"ms:misc/kitchen_knife":1,"ms:chest/birch":2,"ms:nature/hellwood_planks":8,"minecraft:gray_wool":3,"ms:tool/olivine_sword":1,"minecraft:cooked_mutton":3,"ms:nature/maple_planks":36,"ms:gem/turquoise_ingot":14,"ms:tool/turquoise_sword":1,"ms:gem/demonite_ingot":3,"minecraft:birch_fence_gate":6,"minecraft:chest":7,"ms:nature/tigerwood_planks":8,"minecraft:stone_hoe":2,"ms:crafting/oak_cheese_bin":1,"minecraft:oak_slab":438,"minecraft:wooden_shovel":1,"minecraft:acacia_wood":3,"minecraft:cooked_porkchop":15,"ms:chest/acacia":2,"ms:tool/onyx_sword":1,"minecraft:crafting_table":10,"minecraft:wooden_pickaxe":2,"minecraft:baked_potato":28,"minecraft:copper_ingot":4,"measurements:tape_measure":1,"ms:tool/olivine_shovel":3,"minecraft:birch_planks":340,"mining_helmet:mining_helmet":1,"minecraft:diamond_pickaxe":1,"minecraft:charcoal":3,"minecraft:yellow_dye":2,"minecraft:shield":1,"aquaculture:iron_hook":1,"ms:nature/apple_sapling":1,"minecraft:birch_fence":57,"minecraft:stick":158,"minecraft:iron_ingot":27,"minecraft:iron_pickaxe":1,"minecraft:stone_sword":1,"minecraft:gold_ingot":5,"minecraft:light_gray_dye":4,"minecraft:shears":1,"minecraft:wooden_sword":3,"minecraft:fishing_rod":1,"minecraft:smooth_stone_slab":6,"minecraft:iron_nugget":9,"ms:gem/uranium_ingot":1,"ms:armor/coal_chest":1,"minecraft:furnace":4,"ms:tool/turquoise_shovel":1,"minecraft:light_gray_wool":1,"ms:table/maple_table":6,"minecraft:gray_dye":6,"minecraft:bone_meal":39,"minecraft:flint_and_steel":1,"minecraft:lantern":1,"minecraft:iron_axe":1,"ms:tool/olivine_pickaxe":2,"minecraft:stone_pickaxe":4,"ms:vertical/cobblestone":6,"minecraft:golden_helmet":1,"minecraft:wheat":172,"minecraft:cooked_beef":7,"minecraft:sugar":4,"ms:gem/cobalt_ingot":2,"ms:tool/turquoise_pickaxe":2,"ms:seat/oak_chair":2,"ms:door/maple":3,"ms:food/cooked_egg":1,"minecraft:bucket":4,"minecraft:stone_axe":4,"minecraft:bread":64,"minecraft:air":0,"ms:seat/maple_chair":4,"ms:nature/silverbell_planks":20,"minecraft:white_dye":3,"minecraft:wooden_axe":3,"minecraft:armor_stand":1,"ms:vertical/maple":6,"ms:vertical/oak":12,"minecraft:acacia_planks":92,"ms:table/oak_table":3,"minecraft:torch":116,"ms:chest/maple":1,"ms:slab/maple_slab":12},"minecraft:used":{"alexsmobs:emu_egg":4,"minecraft:chest":7,"minecraft:shield":90,"ms:tool/turquoise_shovel":199,"minecraft:rotten_flesh":1,"minecraft:mutton":5,"ms:food/strawberry_seeds":3,"minecraft:obsidian":12,"minecraft:lava_bucket":2,"minecraft:lantern":3,"minecraft:grass_block":1,"ms:nature/apple_sapling":1,"minecraft:item_frame":1,"minecraft:warped_fungus":1,"minecraft:oak_sapling":36,"minecraft:furnace":13,"ms:food/tomato_seeds":4,"minecraft:egg":27,"minecraft:potato":13,"ms:tool/turquoise_pickaxe":396,"ms:chest/maple":1,"minecraft:oak_planks":761,"minecraft:diorite":4,"minecraft:stone_pickaxe":399,"ms:armor/bronze_chest":1,"ms:food/cooked_egg":1,"minecraft:wooden_pickaxe":57,"ms:table/maple_table":6,"minecraft:sugar_cane":22,"ms:door/maple":2,"minecraft:white_wool":1,"minecraft:lightning_rod":1,"minecraft:birch_fence":56,"minecraft:birch_fence_gate":6,"minecraft:birch_slab":457,"minecraft:bread":81,"minecraft:gravel":20,"ms:tool/cobalt_shovel":328,"ms:food/onion_seeds":16,"minecraft:nether_wart_block":16,"minecraft:wooden_sword":173,"minecraft:grindstone":1,"chococraft:gysahl_green":36,"minecraft:smooth_stone_slab":5,"ms:table/oak_table":3,"minecraft:bone_meal":39,"ms:nature/silverbell_log":1,"ms:seat/maple_chair":6,"ms:food/lotune":4,"minecraft:stone_sword":30,"minecraft:flint_and_steel":1,"ms:tool/steel_sword":353,"minecraft:armor_stand":3,"ms:crafting/oak_cheese_bin":2,"ms:food/onion":12,"ms:food/raw_calamari":1,"minecraft:stone_hoe":165,"minecraft:wooden_shovel":35,"minecraft:cooked_chicken":12,"minecraft:netherrack":140,"minecraft:torch":138,"minecraft:dirt":840,"minecraft:warped_wart_block":10,"minecraft:anvil":1,"ms:tool/olivine_sword":62,"minecraft:golden_chestplate":1,"minecraft:wooden_axe":142,"minecraft:iron_axe":177,"evilcraft:box_of_eternal_closure":3,"minecraft:barrel":4,"ms:food/corn_seeds":1,"minecraft:basalt":4,"minecraft:beef":4,"ms:food/gooseberry":18,"ms:food/strawberry":1,"tombstone:gift":4,"minecraft:cooked_beef":5,"minecraft:cobbled_deepslate":3,"minecraft:water_bucket":69,"ms:chest/acacia":3,"minecraft:wheat_seeds":18,"minecraft:cooked_mutton":3,"ms:tool/olivine_shovel":744,"tombstone:scroll_of_knowledge":1,"minecraft:warped_stem":2,"minecraft:birch_planks":4,"minecraft:cobblestone_stairs":218,"minecraft:baked_potato":28,"minecraft:brown_mushroom":1,"ms:seat/oak_chair":2,"minecraft:cobblestone_slab":1258,"ms:tool/onyx_sword":329,"minecraft:crafting_table":21,"minecraft:oak_slab":438,"minecraft:red_bed":2,"minecraft:red_mushroom":1,"minecraft:white_bed":5,"ms:tool/turquoise_sword":199,"ms:explosives/dynamite":5,"minecraft:flower_pot":1,"ms:food/blackberry":45,"minecraft:diamond_pickaxe":1473,"minecraft:apple":29,"ms:tool/olivine_pickaxe":236,"minecraft:chicken":1,"ms:food/black_tulip_seeds":1,"minecraft:iron_pickaxe":246,"minecraft:stone_axe":495,"minecraft:cobblestone":91,"ms:chest/birch":2,"minecraft:cooked_porkchop":16,"minecraft:bucket":73,"alexsmobs:animal_dictionary":7,"ms:vertical/cobblestone":7},"minecraft:custom":{"minecraft:animals_bred":11,"minecraft:interact_with_crafting_table":170,"minecraft:open_barrel":35,"minecraft:bell_ring":6,"minecraft:leave_game":8,"minecraft:time_since_death":371313,"minecraft:sprint_one_cm":2866106,"minecraft:damage_blocked_by_shield":2405,"minecraft:drop":237,"minecraft:talked_to_villager":2,"minecraft:play_time":947626,"minecraft:deaths":19,"minecraft:jump":15452,"minecraft:walk_on_water_one_cm":137293,"minecraft:interact_with_furnace":123,"minecraft:sleep_in_bed":40,"minecraft:damage_dealt":19359,"minecraft:player_kills":1,"minecraft:crouch_one_cm":54426,"tombstone:undead_killed":46,"minecraft:mob_kills":122,"minecraft:climb_one_cm":10650,"minecraft:walk_one_cm":2284431,"minecraft:sneak_time":21396,"minecraft:walk_under_water_one_cm":25075,"minecraft:total_world_time":947626,"tombstone:raider_killed":2,"minecraft:raid_trigger":1,"minecraft:interact_with_grindstone":1,"minecraft:time_since_rest":12488,"minecraft:damage_taken":11656,"minecraft:swim_one_cm":95607,"minecraft:fly_one_cm":3472566,"minecraft:open_chest":144,"minecraft:fall_one_cm":407722},"minecraft:mined":{"minecraft:oak_sapling":1,"minecraft:farmland":2,"minecraft:white_bed":5,"ms:ore/jet":7,"minecraft:cobblestone_stairs":73,"alexsmobs:leafcutter_anthill":1,"minecraft:jungle_leaves":2,"minecraft:brewing_stand":1,"minecraft:obsidian":12,"minecraft:granite":10,"minecraft:grass_block":679,"ms:ore/deepslate_turquoise":11,"minecraft:acacia_log":27,"ms:ore/turquoise":3,"ms:nature/silverbell_log":20,"minecraft:oxeye_daisy":4,"minecraft:nether_wart":7,"minecraft:weeping_vines_plant":1,"minecraft:tall_seagrass":3,"minecraft:sculk_catalyst":1,"minecraft:glowstone":8,"ms:stone/peridotite":76,"minecraft:iron_ore":24,"minecraft:barrel":4,"minecraft:fire":13,"ms:berries/blackberry":10,"ms:nature/maple_log":9,"minecraft:anvil":1,"minecraft:azure_bluet":1,"ms:plant/nether_reed":2,"minecraft:pointed_dripstone":1,"minecraft:sculk_shrieker":1,"chococraft:gysahl_green":16,"minecraft:dirt_path":3,"ms:vertical/cobblestone":1,"ms:ore/onyx":4,"ms:nature/tigerwood_log":2,"minecraft:brown_mushroom":2,"minecraft:red_bed":2,"minecraft:twisting_vines_plant":1,"ms:ore/deepslate_sapphire":3,"minecraft:torch":20,"minecraft:cobblestone":27,"minecraft:nether_quartz_ore":9,"minecraft:grindstone":1,"minecraft:oak_planks":39,"minecraft:sugar_cane":100,"minecraft:wall_torch":4,"minecraft:seagrass":2,"minecraft:white_terracotta":2,"minecraft:warped_nylium":2,"minecraft:nether_wart_block":25,"minecraft:birch_log":88,"minecraft:warped_fungus":1,"minecraft:stone_brick_stairs":1,"ms:ore/deepslate_cobalt":1,"minecraft:grass":238,"minecraft:oak_log":313,"ms:crafting/oak_cheese_bin":1,"minecraft:dirt":549,"minecraft:netherrack":286,"minecraft:oak_leaves":69,"minecraft:deepslate":1,"minecraft:nether_gold_ore":21,"minecraft:deepslate_diamond_ore":2,"ms:ore/tin":3,"minecraft:nether_bricks":4,"ms:nature/silverbell_leaves":1,"minecraft:birch_slab":5,"ms:ore/sulfur":2,"minecraft:red_mushroom":1,"ms:plant/grass":134,"minecraft:sandstone":9,"ms:stone/marble":20,"minecraft:crimson_stem":4,"minecraft:hay_block":21,"ms:ore/amazonite":5,"minecraft:potted_dark_oak_sapling":1,"minecraft:furnace":9,"ms:nature/hellwood_log":2,"minecraft:andesite":2,"evilcraft:dark_ore":3,"minecraft:potatoes":1,"minecraft:cobblestone_slab":35,"minecraft:deepslate_iron_ore":1,"minecraft:vine":2,"ms:ore/opal":4,"minecraft:lantern":3,"minecraft:warped_stem":3,"minecraft:stripped_oak_log":1,"ms:ore/chromite":2,"minecraft:stone":1845,"minecraft:white_wool":1,"minecraft:birch_stairs":1,"minecraft:oak_slab":9,"minecraft:acacia_leaves":6,"minecraft:scaffolding":1,"ms:ore/cobalt":1,"ms:ore/olivine":18,"minecraft:lily_of_the_valley":3,"minecraft:basalt":4,"minecraft:dandelion":5,"minecraft:crafting_table":12,"minecraft:sculk_sensor":6,"minecraft:campfire":1,"ms:crop/onion":3,"minecraft:copper_ore":29,"minecraft:tall_grass":28,"minecraft:lapis_ore":4,"ms:ore/deepslate_ruby":1,"minecraft:diorite":19,"minecraft:sculk":1,"ms:ore/silver":5,"minecraft:warped_wart_block":21,"ms:nature/hellwood_leaves":1,"ms:ore/deepslate_demonite":4,"evilcraft:infested_nether_netherrack":2,"minecraft:birch_leaves":11,"ms:seat/maple_chair":2,"minecraft:coal_ore":81,"minecraft:cocoa":4,"minecraft:gravel":23,"minecraft:birch_fence":2,"minecraft:infested_stone":2,"ms:chest/acacia":1},"minecraft:broken":{"minecraft:golden_helmet":1,"ms:tool/turquoise_pickaxe":2,"minecraft:stone_pickaxe":2,"minecraft:wooden_sword":1,"minecraft:stone_axe":3,"minecraft:wooden_axe":2,"ms:tool/olivine_shovel":3,"minecraft:stone_hoe":1,"minecraft:wooden_pickaxe":1,"minecraft:shield":1,"ms:armor/bronze_boots":1,"ms:tool/turquoise_shovel":1,"ms:tool/turquoise_sword":1,"ms:tool/olivine_pickaxe":1},"minecraft:picked_up":{"chococraft:loverly_gysahl_green":3,"minecraft:wheat":21,"minecraft:flower_pot":1,"minecraft:anvil":1,"ms:ore/turquoise":4,"ms:food/black_tulip_seeds":15,"ms:food/tomato":1,"minecraft:enchanted_book":1,"minecraft:stone_brick_stairs":1,"tombstone:grave_key":6,"minecraft:brewing_stand":1,"alexsmobs:gazelle_horn":2,"minecraft:string":3,"ms:nature/maple_planks":7,"minecraft:raw_copper":95,"minecraft:smooth_stone_slab":1,"minecraft:armor_stand":3,"ms:armor/glass_legs":1,"minecraft:cobbled_deepslate":6,"minecraft:gold_nugget":81,"ms:tool/onyx_bow":1,"minecraft:cobblestone_slab":50,"ms:nature/maple_log":9,"alexsmobs:raccoon_tail":1,"ms:armor/glass_chest":1,"minecraft:furnace":9,"ms:food/onion":19,"minecraft:stick":44,"ms:tool/turquoise_sword":1,"minecraft:acacia_log":24,"minecraft:torch":43,"ms:ore/cobalt":2,"minecraft:porkchop":20,"minecraft:pointed_dripstone":5,"tombstone:grave_dust":4,"minecraft:diorite":17,"ms:vertical/cobblestone":1,"ms:plant/nether_reed":4,"ms:tool/steel_sword":8,"ms:ore/tin":3,"evilcraft:box_of_eternal_closure":4,"minecraft:rotten_flesh":39,"alexsmobs:emu_egg":4,"minecraft:white_terracotta":2,"minecraft:obsidian":12,"ms:stone/peridotite":75,"ms:food/pink_tulip_seeds":10,"minecraft:cobblestone":1898,"minecraft:birch_log":86,"minecraft:feather":27,"minecraft:birch_slab":9,"minecraft:andesite":7,"minecraft:brown_wool":2,"minecraft:flint":1,"minecraft:potato":31,"ms:nature/silverbell_log":8,"alexsmobs:bear_fur":3,"ms:nature/hellwood_log":2,"minecraft:lapis_lazuli":28,"minecraft:dirt":1414,"minecraft:lantern":3,"ms:food/raw_calamari":2,"ms:tool/opal_sword":2,"ms:gem/opal":3,"ms:food/vanilla_seeds":4,"minecraft:bone":12,"minecraft:acacia_planks":6,"minecraft:bow":1,"minecraft:wheat_seeds":69,"ms:stone/marble":11,"ms:food/white_tulip_seeds":11,"ms:food/strawberry_seeds":10,"minecraft:raw_gold":2,"minecraft:grindstone":1,"ms:crafting/oak_cheese_bin":1,"minecraft:glowstone_dust":27,"minecraft:oak_planks":35,"ms:food/lime_tulip_seeds":7,"ms:food/green_tulip_seeds":6,"ms:gem/onyx":4,"minecraft:cooked_porkchop":1,"car:canola_seeds":2,"ms:food/light_blue_tulip_seeds":4,"minecraft:warped_wart_block":30,"minecraft:ink_sac":6,"minecraft:grass_block":1,"minecraft:lily_of_the_valley":3,"minecraft:spectral_arrow":11,"minecraft:barrel":4,"ms:food/magenta_tulip_seeds":11,"ms:food/onion_seeds":25,"ms:food/orange_tulip_seeds":5,"ms:food/blue_tulip_seeds":8,"minecraft:diamond":3,"ms:food/yellow_tulip_seeds":4,"minecraft:bread":17,"alexsmobs:maggot":3,"minecraft:oak_sapling":52,"minecraft:netherrack":267,"minecraft:dark_oak_fence":7,"minecraft:fishing_rod":1,"minecraft:charcoal":2,"ms:food/lettuce_seeds":6,"minecraft:cocoa_beans":10,"minecraft:crafting_table":12,"minecraft:azure_bluet":1,"minecraft:chicken":14,"minecraft:nether_wart":9,"ms:stone/limestone":8,"ms:food/cyan_tulip_seeds":3,"minecraft:chest_minecart":2,"minecraft:brown_mushroom":2,"ms:tool/copper_sword":2,"minecraft:red_bed":2,"ms:tool/uranium_sword":1,"evilcraft:poison_sac":1,"ms:food/red_tulip_seeds":3,"ms:food/strawberry":1,"minecraft:item_frame":2,"minecraft:birch_fence":2,"ms:gem/sapphire":3,"minecraft:beef":11,"minecraft:sugar_cane":170,"ms:food/light_grey_tulip_seeds":2,"minecraft:birch_sapling":9,"minecraft:egg":34,"ms:armor/glass_boots":1,"minecraft:dark_oak_sapling":1,"minecraft:raw_iron":31,"ms:food/purple_tulip_seeds":10,"ms:food/grey_tulip_seeds":10,"ms:armor/glass_helmet":1,"ms:food/tomato_seeds":5,"aquaculture:perch":2,"ms:tool/onyx_sword":1,"measurements:tape_measure":1,"ms:ore/silver":2,"minecraft:arrow":15,"minecraft:nether_bricks":4,"aquaculture:brown_trout":1,"minecraft:hay_block":20,"ms:ore/deepslate_turquoise":11,"minecraft:gold_ingot":4,"tombstone:essence_of_undeath":1,"ms:gem/amazonite":7,"ms:ore/chromite":2,"minecraft:mutton":8,"ms:nature/tigerwood_log":2,"minecraft:rail":1,"minecraft:white_wool":21,"minecraft:oxeye_daisy":4,"minecraft:stripped_oak_log":1,"ms:food/rice_seeds":8,"minecraft:basalt":4,"ms:berries/blackberry":12,"ms:armor/bronze_helmet":4,"ms:plant/purple_shroom":1,"minecraft:leather":9,"alexsmobs:acacia_blossom":1,"ms:food/brown_tulip_seeds":4,"minecraft:red_mushroom":1,"alexsmobs:skreecher_soul":1,"ms:plant/black_tulip":1,"minecraft:oak_log":311,"ms:gem/sulfur":7,"ms:food/corn_seeds":8,"minecraft:nether_wart_block":24,"minecraft:cobblestone_stairs":73,"ms:food/blackberry":45,"chococraft:chocobo_feather":1,"ms:armor/bronze_chest":2,"chococraft:gysahl_green":36,"minecraft:apple":5,"minecraft:warped_stem":2,"minecraft:stone_pickaxe":1,"ms:armor/bronze_legs":1,"ms:food/gooseberry":18,"minecraft:acacia_sapling":1,"minecraft:scaffolding":1,"minecraft:oak_slab":14,"minecraft:warped_fungus":1,"ms:gem/olivine":25,"minecraft:quartz":8,"minecraft:dandelion":4,"ms:seat/maple_chair":2,"minecraft:gravel":20,"ms:explosives/dynamite":5,"minecraft:birch_stairs":1,"chococraft:gysahl_green_seeds":19,"minecraft:white_bed":5,"minecraft:spider_eye":4,"ms:ore/deepslate_demonite":4,"ms:food/bell_pepper_seeds":4,"minecraft:stone_axe":2,"ms:chest/acacia":1,"evilcraft:dark_gem":14,"ms:gem/jet":7,"minecraft:gray_wool":1,"minecraft:oak_button":1,"minecraft:black_wool":3,"minecraft:coal":159,"ms:armor/bronze_boots":1}},"DataVersion":3337}