{"stats":{"minecraft:picked_up":{"ms:food/lettuce_seeds":1,"chococraft:loverly_gysahl_green":1,"minecraft:crafting_table":10,"minecraft:chicken":5,"minecraft:wooden_pickaxe":1,"minecraft:string":7,"alexsmobs:emu_feather":2,"minecraft:beef":13,"minecraft:oak_boat":3,"ms:nature/maple_log":1,"minecraft:furnace":3,"minecraft:egg":2,"minecraft:raw_iron":2,"minecraft:stick":7,"ms:food/grey_tulip_seeds":1,"minecraft:torch":12,"minecraft:acacia_log":10,"minecraft:porkchop":7,"tombstone:grave_dust":1,"ms:ore/tin":10,"minecraft:rotten_flesh":6,"minecraft:arrow":3,"alexsmobs:emu_egg":1,"ms:gem/amazonite":11,"minecraft:mutton":8,"ms:stone/peridotite":1,"minecraft:white_wool":5,"minecraft:cobblestone":30,"minecraft:feather":7,"ms:food/rice_seeds":2,"minecraft:andesite":2,"minecraft:brown_wool":1,"minecraft:leather":5,"ms:food/brown_tulip_seeds":1,"minecraft:oak_log":20,"minecraft:dirt":15,"ms:food/blackberry":20,"ms:food/vanilla_seeds":1,"chococraft:chocobo_feather":3,"minecraft:bone":3,"chococraft:gysahl_green":6,"minecraft:wheat_seeds":1,"ms:food/gooseberry":14,"minecraft:oak_planks":5,"minecraft:acacia_sapling":3,"ms:food/green_tulip_seeds":1,"ms:gem/onyx":3,"ms:gem/olivine":11,"ms:food/light_blue_tulip_seeds":1,"chococraft:gysahl_green_seeds":3,"minecraft:spider_eye":1,"ms:food/magenta_tulip_seeds":1,"ms:food/onion_seeds":1,"evilcraft:dark_gem":20,"minecraft:granite":3,"ms:gem/jet":3,"minecraft:coal":27,"minecraft:wooden_axe":1},"minecraft:crafted":{"minecraft:oak_planks":80,"minecraft:cooked_chicken":5,"minecraft:furnace":1,"minecraft:cooked_mutton":3,"ms:nature/maple_planks":4,"ms:tool/olivine_pickaxe":1,"minecraft:stone_pickaxe":1,"ms:armor/tin_chest":1,"minecraft:cooked_porkchop":7,"ms:tool/onyx_sword":1,"minecraft:crafting_table":2,"minecraft:wooden_pickaxe":1,"ms:gem/tin_ingot":10,"minecraft:air":0,"minecraft:oak_boat":1,"minecraft:stick":12,"minecraft:iron_ingot":2,"minecraft:wooden_axe":1,"chococraft:chocobo_saddle":1,"minecraft:white_bed":1,"minecraft:acacia_planks":40,"minecraft:torch":4,"ms:tool/olivine_axe":1},"minecraft:killed":{"minecraft:spider":2,"alexsmobs:sugar_glider":1,"minecraft:skeleton":2,"minecraft:chicken":5,"minecraft:drowned":1,"minecraft:pig":3,"alexsmobs:emu":1,"minecraft:sheep":6,"minecraft:zombie":7,"alexsmobs:gazelle":1,"minecraft:enderman":1,"minecraft:cow":6,"chococraft:chocobo":1},"minecraft:mined":{"ms:ore/jet":3,"ms:ore/tin":10,"minecraft:granite":3,"minecraft:dark_oak_fence":6,"minecraft:acacia_log":10,"minecraft:grass_block":2,"ms:plant/grass":5,"ms:ore/amazonite":8,"minecraft:furnace":3,"ms:stone/peridotite":1,"minecraft:iron_ore":2,"minecraft:andesite":2,"ms:nature/maple_log":1,"evilcraft:dark_ore":4,"chococraft:gysahl_green":3,"minecraft:dirt_path":1,"minecraft:stone":30,"ms:ore/onyx":3,"ms:ore/olivine":8,"minecraft:crafting_table":10,"minecraft:torch":6,"minecraft:tall_grass":2,"minecraft:wall_torch":4,"minecraft:grass":10,"minecraft:oak_log":20,"minecraft:coal_ore":27,"minecraft:dirt":1,"minecraft:oak_leaves":5},"minecraft:dropped":{"ms:food/light_blue_tulip_seeds":1,"minecraft:wheat_seeds":1,"ms:gem/jet":3,"chococraft:gysahl_green_seeds":3,"minecraft:granite":3,"ms:food/brown_tulip_seeds":1,"minecraft:dirt":3,"minecraft:torch":2,"minecraft:wooden_axe":2,"ms:food/rice_seeds":2,"minecraft:white_wool":2,"ms:food/lettuce_seeds":1,"chococraft:chocobo_feather":2,"ms:food/green_tulip_seeds":1,"minecraft:rotten_flesh":2,"ms:food/grey_tulip_seeds":1,"ms:stone/peridotite":1,"ms:food/magenta_tulip_seeds":1,"minecraft:andesite":2,"minecraft:acacia_sapling":3,"ms:food/vanilla_seeds":1,"minecraft:spider_eye":1,"ms:nature/maple_planks":4,"minecraft:wooden_pickaxe":1},"minecraft:custom":{"minecraft:mob_kills":37,"minecraft:interact_with_crafting_table":25,"minecraft:bell_ring":1,"minecraft:leave_game":1,"minecraft:time_since_death":72053,"minecraft:climb_one_cm":890,"minecraft:sprint_one_cm":170521,"minecraft:walk_one_cm":90767,"minecraft:drop":32,"minecraft:talked_to_villager":3,"minecraft:play_time":72053,"minecraft:sneak_time":2310,"minecraft:walk_under_water_one_cm":750,"minecraft:boat_one_cm":78211,"minecraft:jump":1388,"minecraft:interact_with_brewingstand":2,"minecraft:walk_on_water_one_cm":3618,"minecraft:total_world_time":72053,"minecraft:interact_with_furnace":39,"minecraft:time_since_rest":72053,"minecraft:damage_taken":483,"minecraft:damage_dealt":5015,"minecraft:swim_one_cm":15066,"minecraft:fly_one_cm":301476,"minecraft:open_chest":9,"minecraft:crouch_one_cm":5986,"tombstone:undead_killed":10,"minecraft:fall_one_cm":43644},"minecraft:used":{"alexsmobs:emu_egg":1,"minecraft:cooked_chicken":4,"minecraft:torch":12,"minecraft:dirt":12,"minecraft:wooden_axe":26,"minecraft:furnace":3,"ms:food/gooseberry":14,"tombstone:gift":2,"minecraft:egg":2,"minecraft:cooked_mutton":3,"minecraft:stone_pickaxe":84,"minecraft:wooden_pickaxe":22,"ms:tool/onyx_sword":77,"minecraft:crafting_table":11,"ms:tool/olivine_axe":38,"ms:food/blackberry":20,"minecraft:cobblestone":2,"minecraft:cooked_porkchop":1,"chococraft:gysahl_green":5,"alexsmobs:animal_dictionary":3,"minecraft:oak_boat":3}},"DataVersion":3337}