{"stats":{"minecraft:picked_up":{"ms:food/green_tulip_seeds":1,"ms:food/rice_seeds":1,"chococraft:chocobo_feather":2},"minecraft:mined":{"ms:plant/grass":2},"minecraft:dropped":{"chococraft:chocobo_feather":2,"ms:food/rice_seeds":1,"ms:food/green_tulip_seeds":1},"minecraft:used":{"alexsmobs:animal_dictionary":1},"minecraft:custom":{"minecraft:jump":41,"minecraft:time_since_rest":1165,"minecraft:leave_game":1,"minecraft:walk_on_water_one_cm":203,"minecraft:crouch_one_cm":51,"minecraft:sprint_one_cm":5684,"minecraft:play_time":1165,"minecraft:time_since_death":1165,"minecraft:walk_one_cm":1009,"minecraft:sneak_time":30,"minecraft:total_world_time":1165,"minecraft:drop":3,"minecraft:fall_one_cm":1672,"minecraft:fly_one_cm":12644}},"DataVersion":3337}