{"stats":{"minecraft:broken":{"minecraft:iron_shovel":4,"minecraft:iron_pickaxe":1},"minecraft:picked_up":{"minecraft:wooden_axe":1,"chococraft:loverly_gysahl_green":7,"ms:food/black_tulip_seeds":3,"minecraft:gilded_blackstone":1,"minecraft:nether_brick":7,"minecraft:string":34,"ms:gem/tanzanite":10,"alexsmobs:dropbear_claw":2,"alexsmobs:blood_sac":1,"alexsmobs:emu_feather":6,"minecraft:gold_nugget":127,"minecraft:cobbled_deepslate":11,"ms:nature/maple_log":1,"ms:nature/hellwood_sapling":4,"minecraft:iron_pickaxe":2,"minecraft:melon_slice":31,"minecraft:furnace":10,"minecraft:stick":38,"minecraft:acacia_log":10,"minecraft:torch":38,"minecraft:porkchop":18,"minecraft:diorite":6,"tombstone:grave_dust":9,"alexsmobs:centipede_leg":2,"ms:tool/steel_sword":1,"ms:ore/tin":10,"minecraft:rotten_flesh":17,"minecraft:tropical_fish":1,"alexsmobs:emu_egg":1,"ms:food/pink_tulip_seeds":2,"ms:stone/peridotite":8,"ms:gem/hellfire_crystal":1,"minecraft:cobblestone":46,"minecraft:birch_log":89,"minecraft:feather":8,"minecraft:andesite":11,"minecraft:jungle_log":5,"minecraft:brown_wool":1,"ms:nature/hellwood_log":41,"minecraft:dirt":1034,"ms:food/vanilla_seeds":3,"minecraft:bone":7,"minecraft:acacia_planks":1,"minecraft:wheat_seeds":3,"ms:food/white_tulip_seeds":3,"ms:food/strawberry_seeds":2,"ms:gem/tin_ingot":2,"minecraft:oak_planks":35,"ms:food/lime_tulip_seeds":2,"ms:gem/triterium_dust":7,"ms:food/green_tulip_seeds":3,"ms:gem/onyx":5,"ms:food/light_blue_tulip_seeds":5,"minecraft:warped_wart_block":57,"ms:gem/foulite_dust":4,"minecraft:ink_sac":4,"ms:gem/white_opal":2,"minecraft:spectral_arrow":10,"minecraft:mossy_cobblestone":1,"ms:food/magenta_tulip_seeds":9,"ms:food/onion_seeds":7,"ms:food/orange_tulip_seeds":4,"minecraft:diamond":14,"ms:food/yellow_tulip_seeds":1,"ms:food/blue_tulip_seeds":1,"minecraft:cracked_polished_blackstone_bricks":6,"minecraft:granite":13,"minecraft:oak_sapling":6,"minecraft:netherrack":49,"ms:food/lettuce_seeds":3,"minecraft:crafting_table":24,"minecraft:splash_potion":2,"minecraft:chicken":6,"ms:food/cyan_tulip_seeds":4,"ms:food/raspberry":14,"minecraft:wooden_pickaxe":3,"minecraft:gold_block":2,"ms:tool/copper_sword":1,"ms:food/red_tulip_seeds":4,"minecraft:beef":40,"minecraft:oak_boat":13,"minecraft:chest":1,"ms:food/light_grey_tulip_seeds":2,"minecraft:birch_sapling":24,"minecraft:egg":2,"ms:food/purple_tulip_seeds":2,"minecraft:raw_iron":38,"ms:food/grey_tulip_seeds":3,"ms:food/tomato_seeds":2,"minecraft:polished_blackstone_bricks":26,"minecraft:arrow":12,"ms:berries/raspberry":1,"minecraft:gold_ingot":4,"ms:gem/amazonite":11,"minecraft:mutton":8,"minecraft:white_wool":5,"evilcraft:environmental_accumulation_core":1,"minecraft:basalt":2,"ms:food/rice_seeds":7,"ms:ore/neridium":2,"ms:plant/purple_shroom":1,"minecraft:leather":22,"ms:food/brown_tulip_seeds":8,"minecraft:crimson_fungus":2,"ms:food/corn_seeds":7,"minecraft:oak_log":35,"ms:gem/sulfur":3,"minecraft:nether_wart_block":1,"ms:food/blackberry":20,"chococraft:chocobo_feather":5,"rftoolsbase:dimensionalshard":5,"chococraft:gysahl_green":43,"minecraft:apple":1,"chococraft:gold_gysahl":1,"minecraft:warped_stem":15,"minecraft:stone_pickaxe":1,"ms:food/gooseberry":14,"minecraft:acacia_sapling":3,"ms:gem/olivine":11,"chococraft:gysahl_green_seeds":18,"minecraft:white_bed":5,"minecraft:spider_eye":2,"ms:food/bell_pepper_seeds":3,"ms:plant/green_shroom":3,"evilcraft:dark_gem":20,"ms:gem/jet":3,"tombstone:magic_scroll":1,"minecraft:coal":29,"minecraft:ender_pearl":1},"minecraft:crafted":{"minecraft:oak_planks":140,"minecraft:cooked_chicken":5,"ms:nature/hellwood_planks":164,"minecraft:cooked_mutton":8,"minecraft:warped_planks":60,"ms:nature/maple_planks":4,"minecraft:chest":3,"ms:materials/tanned_leather":4,"minecraft:golden_boots":1,"ms:chest/acacia":1,"minecraft:cooked_porkchop":18,"ms:tool/onyx_sword":1,"minecraft:crafting_table":11,"minecraft:wooden_pickaxe":1,"minecraft:birch_planks":356,"minecraft:diamond_pickaxe":1,"minecraft:stick":16,"minecraft:iron_ingot":38,"minecraft:iron_pickaxe":1,"minecraft:gold_ingot":32,"minecraft:furnace":1,"ms:materials/bound_leather":4,"minecraft:leather":37,"ms:tool/olivine_pickaxe":1,"minecraft:stone_pickaxe":1,"minecraft:cooked_beef":24,"ms:armor/tin_chest":1,"ms:gem/tin_ingot":10,"minecraft:bucket":1,"minecraft:bread":4,"minecraft:air":0,"minecraft:oak_boat":1,"minecraft:wooden_axe":1,"minecraft:iron_shovel":4,"chococraft:chocobo_saddle":1,"minecraft:white_bed":1,"minecraft:acacia_planks":40,"minecraft:torch":36,"ms:tool/olivine_axe":1},"minecraft:killed":{"minecraft:spider":8,"minecraft:skeleton":12,"alexsmobs:leafcutter_ant":1,"minecraft:chicken":6,"alexsmobs:centipede_head":1,"minecraft:piglin_brute":2,"minecraft:piglin":8,"minecraft:pig":3,"alexsmobs:crimson_mosquito":1,"minecraft:sheep":6,"minecraft:pillager":2,"minecraft:zombie":21,"minecraft:cow":15,"chococraft:chocobo":1,"alexsmobs:dropbear":1,"alexsmobs:sugar_glider":1,"minecraft:drowned":2,"alexsmobs:bison":1,"alexsmobs:skunk":1,"ms:nether_spider":3,"minecraft:hoglin":4,"alexsmobs:emu":1,"alexsmobs:gazelle":1,"minecraft:wither_skeleton":1,"minecraft:enderman":4},"minecraft:mined":{"minecraft:white_bed":4,"ms:ore/jet":4,"minecraft:cave_vines_plant":1,"minecraft:granite":13,"minecraft:acacia_log":10,"minecraft:grass_block":625,"minecraft:jungle_log":5,"minecraft:cracked_polished_blackstone_bricks":6,"minecraft:crimson_fungus":1,"minecraft:gilded_blackstone":1,"minecraft:polished_blackstone_bricks":26,"minecraft:weeping_vines_plant":1,"ms:stone/peridotite":8,"minecraft:iron_ore":7,"minecraft:fire":47,"ms:nature/maple_log":1,"chococraft:gysahl_green":17,"minecraft:cave_vines":1,"ms:plant/purple_shroom":1,"minecraft:dirt_path":1,"ms:ore/deepslate_tanzanite":10,"ms:ore/onyx":5,"minecraft:tripwire":5,"ms:berries/raspberry":1,"minecraft:torch":13,"minecraft:melon":5,"minecraft:chest":1,"minecraft:cobblestone":3,"minecraft:wall_torch":15,"ms:ore/triterium":5,"minecraft:nether_wart_block":1,"minecraft:birch_log":89,"minecraft:grass":32,"minecraft:oak_log":35,"minecraft:dirt":400,"minecraft:netherrack":53,"minecraft:oak_leaves":11,"minecraft:deepslate":12,"minecraft:nether_gold_ore":31,"minecraft:tuff":4,"ms:ore/foulite":2,"minecraft:mossy_cobblestone":2,"minecraft:deepslate_diamond_ore":14,"ms:ore/tin":10,"minecraft:glow_lichen":1,"minecraft:dark_oak_fence":6,"evilcraft:environmental_accumulator":1,"minecraft:redstone_wire":1,"ms:ore/sulfur":1,"minecraft:moss_block":1,"ms:plant/grass":28,"minecraft:spore_blossom":1,"ms:ore/amazonite":8,"minecraft:furnace":10,"ms:nature/hellwood_log":41,"ms:plant/green_shroom":2,"ms:ore/hellfire":1,"minecraft:andesite":11,"evilcraft:dark_ore":4,"minecraft:gold_block":2,"minecraft:deepslate_iron_ore":31,"minecraft:cobblestone_slab":1,"minecraft:vine":7,"minecraft:warped_stem":16,"minecraft:stone":36,"ms:ore/olivine":8,"minecraft:basalt":2,"minecraft:crafting_table":22,"rftoolsbase:dimensionalshard_nether":1,"minecraft:tall_grass":8,"minecraft:deepslate_coal_ore":2,"ms:ore/deepslate_white_opal":1,"minecraft:diorite":6,"minecraft:warped_wart_block":58,"ms:nature/hellwood_leaves":46,"ms:ore/neridium":2,"minecraft:birch_leaves":3,"minecraft:coal_ore":27,"evilcraft:blood_stain":1,"minecraft:acacia_planks":1},"minecraft:dropped":{"ms:food/light_blue_tulip_seeds":2,"ms:food/cyan_tulip_seeds":1,"chococraft:loverly_gysahl_green":2,"ms:armor/bronze_helmet":1,"minecraft:crafting_table":1,"ms:food/purple_tulip_seeds":1,"minecraft:saddle":1,"minecraft:dirt":3,"ms:food/orange_tulip_seeds":2,"ms:gem/amazonite":7,"ms:food/rice_seeds":2,"alexsmobs:emu_feather":4,"minecraft:iron_pickaxe":2,"ms:ore/neridium":2,"ms:gem/olivine":5,"minecraft:white_wool":2,"minecraft:gold_ingot":9,"minecraft:bone":3,"minecraft:crimson_fungus":2,"minecraft:cobbled_deepslate":2,"ms:food/lettuce_seeds":1,"minecraft:birch_sapling":7,"minecraft:wheat":1,"minecraft:rotten_flesh":2,"minecraft:oak_planks":30,"ms:food/grey_tulip_seeds":3,"ms:food/magenta_tulip_seeds":2,"minecraft:jungle_log":5,"minecraft:acacia_sapling":3,"ms:plant/green_shroom":3,"ms:gem/white_opal":2,"minecraft:iron_ingot":1,"minecraft:wheat_seeds":2,"ms:armor/bronze_boots":1,"minecraft:feather":8,"minecraft:cobblestone":1,"ms:gem/jet":3,"chococraft:gysahl_green_seeds":18,"minecraft:granite":3,"minecraft:tropical_fish":1,"ms:food/brown_tulip_seeds":2,"minecraft:stick":6,"ms:gem/sulfur":3,"minecraft:ink_sac":4,"minecraft:torch":10,"minecraft:wooden_axe":2,"ms:armor/glass_helmet":1,"tombstone:grave_dust":1,"ms:tool/onyx_sword":1,"ms:plant/purple_shroom":1,"minecraft:string":6,"ms:gem/tin_ingot":4,"chococraft:chocobo_feather":4,"ms:food/lime_tulip_seeds":1,"ms:food/green_tulip_seeds":1,"ms:gem/hellfire_crystal":1,"ms:armor/bronze_legs":1,"ms:stone/peridotite":1,"minecraft:andesite":2,"ms:food/vanilla_seeds":2,"minecraft:spider_eye":2,"ms:nature/maple_planks":4,"minecraft:stone_pickaxe":2,"minecraft:wooden_pickaxe":4,"chococraft:gysahl_green":35},"minecraft:killed_by":{"alexsmobs:tiger":1},"minecraft:custom":{"minecraft:animals_bred":1,"minecraft:interact_with_crafting_table":65,"minecraft:open_barrel":9,"minecraft:bell_ring":1,"minecraft:leave_game":2,"minecraft:time_since_death":7340,"minecraft:sprint_one_cm":841397,"minecraft:drop":120,"minecraft:talked_to_villager":5,"minecraft:play_time":281595,"minecraft:deaths":3,"minecraft:jump":6052,"minecraft:interact_with_brewingstand":2,"minecraft:walk_on_water_one_cm":18496,"minecraft:interact_with_furnace":89,"minecraft:sleep_in_bed":3,"minecraft:damage_dealt":20231,"minecraft:crouch_one_cm":57809,"tombstone:undead_killed":36,"minecraft:interact_with_smoker":2,"minecraft:inspect_dispenser":4,"minecraft:mob_kills":108,"minecraft:interact_with_anvil":5,"minecraft:climb_one_cm":3186,"minecraft:walk_one_cm":555700,"minecraft:sneak_time":17779,"minecraft:walk_under_water_one_cm":3775,"minecraft:boat_one_cm":337067,"minecraft:total_world_time":281595,"tombstone:raider_killed":2,"minecraft:interact_with_grindstone":5,"minecraft:time_since_rest":7500,"minecraft:damage_taken":3991,"minecraft:swim_one_cm":43010,"minecraft:fly_one_cm":1166495,"minecraft:open_chest":91,"minecraft:fall_one_cm":166910},"minecraft:used":{"ms:nature/hellwood_planks":19,"minecraft:iron_shovel":1007,"minecraft:chest":4,"tombstone:scroll_of_purification":1,"minecraft:axolotl_bucket":2,"ms:berries/raspberry":1,"minecraft:furnace":10,"minecraft:egg":2,"ms:armor/bronze_boots":2,"minecraft:diorite":6,"minecraft:stone_pickaxe":84,"ms:armor/bronze_helmet":2,"minecraft:wooden_pickaxe":22,"minecraft:melon_slice":6,"minecraft:bread":4,"minecraft:brown_wool":1,"minecraft:nether_wart_block":1,"minecraft:andesite":9,"chococraft:gysahl_green":8,"minecraft:oak_boat":13,"ms:tool/steel_sword":107,"minecraft:cooked_chicken":5,"minecraft:netherrack":49,"minecraft:torch":30,"minecraft:dirt":27,"minecraft:warped_wart_block":57,"minecraft:granite":10,"minecraft:wooden_axe":26,"ms:food/raspberry":14,"ms:stone/peridotite":7,"minecraft:beef":4,"ms:food/gooseberry":14,"tombstone:gift":4,"minecraft:cooked_beef":24,"minecraft:cobbled_deepslate":9,"minecraft:acacia_planks":9,"minecraft:golden_axe":2,"minecraft:cooked_mutton":8,"ms:chest/acacia":1,"minecraft:water_bucket":4,"ms:tool/onyx_sword":290,"minecraft:polished_blackstone_bricks":21,"minecraft:crafting_table":24,"ms:tool/olivine_axe":211,"minecraft:white_bed":5,"minecraft:warped_planks":48,"ms:food/blackberry":20,"minecraft:diamond_pickaxe":31,"ms:armor/bronze_legs":2,"ms:tool/olivine_pickaxe":70,"minecraft:chicken":1,"minecraft:iron_pickaxe":198,"minecraft:cobblestone":34,"minecraft:cooked_porkchop":10,"minecraft:bucket":7,"alexsmobs:animal_dictionary":13,"alexsmobs:emu_egg":1}},"DataVersion":3337}