{"stats":{"minecraft:picked_up":{"ms:food/lettuce_seeds":1,"chococraft:loverly_gysahl_green":5,"minecraft:crafting_table":17,"minecraft:chicken":5,"ms:food/cyan_tulip_seeds":1,"minecraft:wooden_pickaxe":3,"ms:tool/copper_sword":1,"minecraft:string":13,"alexsmobs:emu_feather":2,"minecraft:beef":27,"minecraft:oak_boat":6,"ms:nature/maple_log":1,"minecraft:furnace":5,"minecraft:egg":2,"minecraft:raw_iron":38,"minecraft:stick":7,"ms:food/grey_tulip_seeds":2,"minecraft:torch":19,"minecraft:acacia_log":10,"minecraft:porkchop":7,"tombstone:grave_dust":4,"ms:tool/steel_sword":1,"ms:ore/tin":10,"minecraft:rotten_flesh":12,"minecraft:arrow":12,"alexsmobs:emu_egg":1,"ms:gem/amazonite":11,"minecraft:mutton":8,"ms:stone/peridotite":1,"minecraft:white_wool":5,"minecraft:cobblestone":37,"minecraft:feather":7,"ms:food/rice_seeds":2,"minecraft:andesite":2,"minecraft:brown_wool":1,"minecraft:leather":9,"ms:food/brown_tulip_seeds":1,"ms:gem/sulfur":3,"minecraft:oak_log":20,"minecraft:dirt":15,"ms:food/blackberry":20,"ms:food/vanilla_seeds":1,"chococraft:chocobo_feather":5,"minecraft:bone":4,"chococraft:gysahl_green":40,"chococraft:gold_gysahl":1,"minecraft:wheat_seeds":1,"minecraft:stone_pickaxe":1,"ms:gem/tin_ingot":2,"ms:food/gooseberry":14,"minecraft:oak_planks":5,"minecraft:acacia_sapling":3,"ms:food/green_tulip_seeds":1,"ms:gem/onyx":5,"ms:gem/olivine":11,"ms:food/light_blue_tulip_seeds":1,"chococraft:gysahl_green_seeds":17,"minecraft:spider_eye":1,"ms:food/magenta_tulip_seeds":1,"ms:food/onion_seeds":1,"minecraft:diamond":14,"evilcraft:dark_gem":20,"minecraft:granite":3,"ms:gem/jet":3,"minecraft:coal":29,"minecraft:wooden_axe":1},"minecraft:crafted":{"minecraft:oak_planks":80,"minecraft:cooked_chicken":5,"minecraft:furnace":1,"minecraft:cooked_mutton":8,"ms:materials/bound_leather":1,"ms:nature/maple_planks":4,"ms:tool/olivine_pickaxe":1,"minecraft:stone_pickaxe":1,"ms:materials/tanned_leather":1,"minecraft:cooked_beef":13,"ms:armor/tin_chest":1,"minecraft:cooked_porkchop":7,"ms:tool/onyx_sword":1,"minecraft:crafting_table":2,"minecraft:wooden_pickaxe":1,"ms:gem/tin_ingot":10,"minecraft:bucket":1,"minecraft:bread":4,"minecraft:air":0,"minecraft:oak_boat":1,"minecraft:diamond_pickaxe":1,"minecraft:stick":12,"minecraft:iron_ingot":7,"minecraft:iron_pickaxe":1,"minecraft:wooden_axe":1,"chococraft:chocobo_saddle":1,"minecraft:white_bed":1,"minecraft:acacia_planks":40,"minecraft:torch":4,"ms:tool/olivine_axe":1},"minecraft:killed":{"minecraft:spider":5,"alexsmobs:sugar_glider":1,"minecraft:skeleton":9,"minecraft:chicken":5,"alexsmobs:bison":1,"minecraft:drowned":2,"minecraft:pig":3,"alexsmobs:skunk":1,"alexsmobs:emu":1,"minecraft:sheep":6,"minecraft:pillager":2,"minecraft:zombie":15,"alexsmobs:gazelle":1,"minecraft:enderman":2,"minecraft:cow":9,"chococraft:chocobo":1},"minecraft:mined":{"minecraft:tuff":4,"ms:ore/jet":4,"minecraft:deepslate_diamond_ore":14,"ms:ore/tin":10,"minecraft:glow_lichen":1,"minecraft:granite":3,"minecraft:dark_oak_fence":6,"minecraft:acacia_log":10,"minecraft:grass_block":3,"ms:ore/sulfur":1,"minecraft:moss_block":1,"ms:plant/grass":9,"ms:ore/amazonite":8,"minecraft:furnace":5,"ms:stone/peridotite":1,"minecraft:iron_ore":7,"minecraft:andesite":2,"ms:nature/maple_log":1,"evilcraft:dark_ore":4,"chococraft:gysahl_green":16,"minecraft:deepslate_iron_ore":31,"minecraft:dirt_path":1,"minecraft:stone":32,"ms:ore/onyx":5,"ms:ore/olivine":8,"minecraft:crafting_table":16,"minecraft:torch":7,"minecraft:tall_grass":5,"minecraft:deepslate_coal_ore":2,"minecraft:wall_torch":10,"minecraft:grass":11,"minecraft:oak_log":20,"minecraft:coal_ore":27,"evilcraft:blood_stain":1,"minecraft:dirt":1,"minecraft:deepslate":1,"minecraft:oak_leaves":5},"minecraft:dropped":{"ms:food/light_blue_tulip_seeds":1,"minecraft:iron_ingot":1,"ms:food/cyan_tulip_seeds":1,"chococraft:loverly_gysahl_green":1,"minecraft:wheat_seeds":1,"minecraft:crafting_table":1,"minecraft:feather":7,"ms:gem/jet":3,"chococraft:gysahl_green_seeds":17,"minecraft:granite":3,"ms:food/brown_tulip_seeds":1,"ms:gem/sulfur":3,"minecraft:dirt":3,"minecraft:torch":2,"ms:gem/amazonite":7,"ms:armor/glass_helmet":1,"minecraft:wooden_axe":2,"ms:food/rice_seeds":2,"minecraft:white_wool":2,"minecraft:bone":1,"ms:gem/tin_ingot":4,"ms:food/lettuce_seeds":1,"chococraft:chocobo_feather":3,"minecraft:wheat":1,"ms:food/green_tulip_seeds":1,"minecraft:rotten_flesh":2,"ms:food/grey_tulip_seeds":2,"ms:stone/peridotite":1,"ms:food/magenta_tulip_seeds":1,"minecraft:andesite":2,"minecraft:acacia_sapling":3,"ms:food/vanilla_seeds":1,"minecraft:spider_eye":1,"ms:nature/maple_planks":4,"minecraft:stone_pickaxe":2,"minecraft:wooden_pickaxe":4,"chococraft:gysahl_green":35},"minecraft:custom":{"minecraft:interact_with_anvil":2,"minecraft:mob_kills":63,"minecraft:animals_bred":1,"minecraft:interact_with_crafting_table":34,"minecraft:open_barrel":5,"minecraft:bell_ring":1,"minecraft:leave_game":1,"minecraft:time_since_death":120053,"minecraft:climb_one_cm":1286,"minecraft:sprint_one_cm":298279,"minecraft:walk_one_cm":180616,"minecraft:drop":61,"minecraft:talked_to_villager":5,"minecraft:play_time":120053,"minecraft:sneak_time":4003,"minecraft:walk_under_water_one_cm":2103,"minecraft:boat_one_cm":287502,"minecraft:jump":2344,"minecraft:interact_with_brewingstand":2,"minecraft:walk_on_water_one_cm":8222,"minecraft:total_world_time":120053,"minecraft:interact_with_furnace":42,"tombstone:raider_killed":2,"minecraft:interact_with_grindstone":3,"minecraft:time_since_rest":120053,"minecraft:damage_taken":1123,"minecraft:damage_dealt":10931,"minecraft:swim_one_cm":19909,"minecraft:fly_one_cm":482925,"minecraft:open_chest":12,"minecraft:crouch_one_cm":10879,"tombstone:undead_killed":26,"minecraft:interact_with_smoker":2,"minecraft:fall_one_cm":72595},"minecraft:used":{"alexsmobs:emu_egg":1,"minecraft:cooked_chicken":5,"minecraft:torch":18,"minecraft:dirt":12,"minecraft:wooden_axe":26,"minecraft:furnace":5,"ms:food/gooseberry":14,"tombstone:gift":2,"minecraft:egg":2,"minecraft:cooked_mutton":8,"ms:armor/bronze_boots":1,"minecraft:stone_pickaxe":84,"ms:armor/bronze_helmet":1,"minecraft:wooden_pickaxe":22,"ms:tool/onyx_sword":205,"minecraft:crafting_table":17,"ms:tool/olivine_axe":44,"ms:food/blackberry":20,"ms:armor/bronze_legs":1,"ms:tool/olivine_pickaxe":52,"minecraft:bread":1,"minecraft:brown_wool":1,"minecraft:iron_pickaxe":18,"minecraft:cobblestone":2,"minecraft:cooked_porkchop":6,"minecraft:bucket":1,"chococraft:gysahl_green":5,"alexsmobs:animal_dictionary":3,"minecraft:oak_boat":6}},"DataVersion":3337}