{"stats":{"minecraft:broken":{"minecraft:iron_shovel":4,"ms:tool/olivine_axe":1,"minecraft:iron_pickaxe":1},"minecraft:picked_up":{"minecraft:wooden_axe":1,"chococraft:loverly_gysahl_green":9,"ms:food/black_tulip_seeds":3,"minecraft:gilded_blackstone":1,"minecraft:nether_brick":7,"minecraft:string":36,"ms:gem/tanzanite":10,"alexsmobs:dropbear_claw":2,"alexsmobs:blood_sac":1,"alexsmobs:emu_feather":6,"minecraft:gold_nugget":218,"minecraft:cobbled_deepslate":11,"ms:nature/maple_log":1,"ms:nature/hellwood_sapling":15,"minecraft:iron_pickaxe":2,"minecraft:melon_slice":31,"alexsmobs:leafcutter_ant_chamber":16,"minecraft:furnace":11,"minecraft:stick":55,"minecraft:acacia_log":10,"minecraft:torch":70,"minecraft:porkchop":18,"minecraft:diorite":6,"tombstone:grave_dust":10,"alexsmobs:centipede_leg":2,"ms:tool/steel_sword":1,"ms:ore/tin":10,"minecraft:rotten_flesh":19,"minecraft:tropical_fish":1,"alexsmobs:emu_egg":1,"ms:food/pink_tulip_seeds":2,"ms:stone/peridotite":8,"ms:gem/hellfire_crystal":1,"minecraft:cobblestone":46,"minecraft:birch_log":90,"minecraft:feather":8,"minecraft:andesite":11,"minecraft:jungle_log":5,"minecraft:brown_wool":1,"evilcraft:flesh_humanoid":1,"ms:nature/hellwood_log":69,"minecraft:dirt":1041,"ms:food/vanilla_seeds":3,"minecraft:bone":9,"minecraft:acacia_planks":1,"minecraft:wheat_seeds":3,"ms:food/white_tulip_seeds":3,"ms:food/strawberry_seeds":2,"ms:gem/tin_ingot":2,"minecraft:oak_planks":35,"ms:food/lime_tulip_seeds":2,"ms:gem/triterium_dust":7,"ms:food/green_tulip_seeds":3,"ms:gem/onyx":5,"ms:food/light_blue_tulip_seeds":5,"minecraft:warped_wart_block":76,"ms:gem/foulite_dust":4,"minecraft:ink_sac":4,"ms:gem/white_opal":2,"minecraft:spectral_arrow":10,"minecraft:mossy_cobblestone":1,"ms:food/magenta_tulip_seeds":9,"ms:food/onion_seeds":7,"ms:food/orange_tulip_seeds":4,"minecraft:diamond":14,"ms:food/yellow_tulip_seeds":1,"ms:food/blue_tulip_seeds":1,"minecraft:cracked_polished_blackstone_bricks":7,"minecraft:granite":13,"minecraft:oak_sapling":6,"minecraft:netherrack":55,"minecraft:crimson_roots":4,"ms:food/lettuce_seeds":3,"minecraft:coarse_dirt":5,"minecraft:crafting_table":27,"minecraft:splash_potion":2,"minecraft:chicken":6,"ms:food/cyan_tulip_seeds":4,"ms:food/raspberry":14,"minecraft:wooden_pickaxe":3,"minecraft:gold_block":2,"ms:tool/copper_sword":1,"ms:food/red_tulip_seeds":4,"minecraft:beef":40,"minecraft:oak_boat":13,"minecraft:chest":1,"ms:food/light_grey_tulip_seeds":2,"minecraft:birch_sapling":24,"minecraft:egg":2,"ms:food/purple_tulip_seeds":2,"minecraft:raw_iron":38,"ms:food/grey_tulip_seeds":3,"ms:food/tomato_seeds":2,"minecraft:polished_blackstone_bricks":33,"alexsmobs:leafcutter_ant_pupa":1,"minecraft:arrow":12,"ms:berries/raspberry":1,"minecraft:gold_ingot":4,"ms:gem/amazonite":11,"minecraft:mutton":8,"minecraft:white_wool":5,"evilcraft:environmental_accumulation_core":1,"minecraft:basalt":2,"ms:food/rice_seeds":7,"ms:ore/neridium":2,"ms:plant/purple_shroom":1,"minecraft:leather":22,"ms:food/brown_tulip_seeds":8,"minecraft:crimson_fungus":2,"ms:food/corn_seeds":7,"minecraft:oak_log":35,"ms:gem/sulfur":3,"minecraft:golden_boots":1,"minecraft:nether_wart_block":1,"ms:food/blackberry":20,"chococraft:chocobo_feather":5,"rftoolsbase:dimensionalshard":5,"chococraft:gysahl_green":70,"minecraft:apple":1,"chococraft:gold_gysahl":1,"minecraft:warped_stem":15,"minecraft:stone_pickaxe":1,"ms:food/gooseberry":14,"minecraft:acacia_sapling":3,"ms:gem/olivine":11,"chococraft:gysahl_green_seeds":29,"minecraft:white_bed":5,"minecraft:spider_eye":2,"ms:food/bell_pepper_seeds":3,"ms:plant/green_shroom":3,"evilcraft:dark_gem":20,"ms:gem/jet":3,"tombstone:magic_scroll":1,"minecraft:coal":29,"minecraft:ender_pearl":1},"minecraft:crafted":{"minecraft:oak_planks":140,"minecraft:cooked_chicken":5,"ms:nature/hellwood_planks":276,"minecraft:cooked_mutton":8,"minecraft:warped_planks":60,"ms:nature/maple_planks":4,"minecraft:chest":3,"ms:materials/tanned_leather":6,"minecraft:golden_boots":1,"ms:chest/acacia":1,"minecraft:cooked_porkchop":23,"ms:tool/onyx_sword":1,"minecraft:crafting_table":16,"minecraft:wooden_pickaxe":1,"minecraft:birch_planks":356,"minecraft:diamond_pickaxe":1,"minecraft:stick":16,"minecraft:iron_ingot":38,"minecraft:iron_pickaxe":1,"minecraft:gold_ingot":41,"minecraft:furnace":1,"ms:materials/bound_leather":6,"minecraft:leather":38,"minecraft:iron_axe":1,"ms:tool/olivine_pickaxe":1,"minecraft:stone_pickaxe":1,"minecraft:netherite_scrap":1,"minecraft:cooked_beef":24,"ms:armor/tin_chest":1,"ms:gem/tin_ingot":10,"minecraft:bucket":1,"minecraft:bread":4,"minecraft:air":0,"minecraft:oak_boat":1,"minecraft:wooden_axe":1,"minecraft:iron_shovel":4,"chococraft:chocobo_saddle":1,"minecraft:white_bed":1,"minecraft:acacia_planks":40,"minecraft:torch":36,"ms:tool/olivine_axe":1},"minecraft:killed":{"minecraft:spider":9,"minecraft:skeleton":14,"alexsmobs:leafcutter_ant":1,"minecraft:chicken":6,"alexsmobs:centipede_head":1,"minecraft:piglin_brute":2,"minecraft:piglin":10,"minecraft:pig":3,"alexsmobs:crimson_mosquito":1,"minecraft:sheep":6,"minecraft:pillager":2,"minecraft:zombie":22,"minecraft:cow":15,"chococraft:chocobo":1,"alexsmobs:dropbear":1,"alexsmobs:sugar_glider":1,"minecraft:drowned":2,"alexsmobs:bison":1,"alexsmobs:skunk":1,"ms:nether_spider":3,"minecraft:hoglin":5,"alexsmobs:emu":1,"alexsmobs:gazelle":1,"minecraft:wither_skeleton":1,"minecraft:enderman":4},"minecraft:mined":{"minecraft:white_bed":4,"ms:ore/jet":4,"minecraft:cave_vines_plant":1,"minecraft:granite":13,"minecraft:acacia_log":10,"minecraft:grass_block":626,"minecraft:jungle_log":5,"minecraft:cracked_polished_blackstone_bricks":7,"minecraft:crimson_fungus":1,"minecraft:gilded_blackstone":1,"minecraft:polished_blackstone_bricks":33,"minecraft:weeping_vines_plant":1,"ms:stone/peridotite":8,"minecraft:iron_ore":7,"minecraft:fire":54,"ms:nature/maple_log":1,"chococraft:gysahl_green":28,"minecraft:cave_vines":1,"ms:plant/purple_shroom":1,"minecraft:dirt_path":1,"ms:ore/deepslate_tanzanite":10,"ms:ore/onyx":5,"minecraft:tripwire":5,"ms:berries/raspberry":1,"minecraft:torch":13,"minecraft:melon":5,"minecraft:chest":1,"minecraft:cobblestone":3,"minecraft:wall_torch":15,"ms:ore/triterium":5,"minecraft:nether_wart_block":1,"minecraft:birch_log":91,"minecraft:grass":32,"minecraft:oak_log":35,"minecraft:dirt":406,"minecraft:netherrack":57,"minecraft:oak_leaves":11,"minecraft:deepslate":12,"minecraft:nether_gold_ore":52,"minecraft:tuff":4,"ms:ore/foulite":2,"minecraft:mossy_cobblestone":2,"minecraft:deepslate_diamond_ore":14,"ms:ore/tin":10,"minecraft:glow_lichen":1,"minecraft:dark_oak_fence":6,"minecraft:crimson_roots":2,"evilcraft:environmental_accumulator":1,"minecraft:redstone_wire":1,"alexsmobs:leafcutter_ant_chamber":17,"ms:ore/sulfur":1,"minecraft:moss_block":1,"ms:plant/grass":28,"minecraft:spore_blossom":1,"ms:ore/amazonite":8,"minecraft:furnace":11,"ms:nature/hellwood_log":69,"ms:plant/green_shroom":2,"ms:ore/hellfire":1,"minecraft:andesite":11,"evilcraft:dark_ore":4,"minecraft:gold_block":2,"minecraft:deepslate_iron_ore":31,"minecraft:cobblestone_slab":1,"minecraft:vine":7,"minecraft:warped_stem":16,"minecraft:stone":36,"ms:ore/olivine":8,"minecraft:basalt":2,"minecraft:crafting_table":25,"rftoolsbase:dimensionalshard_nether":1,"minecraft:tall_grass":8,"minecraft:deepslate_coal_ore":2,"ms:ore/deepslate_white_opal":1,"minecraft:diorite":6,"minecraft:warped_wart_block":69,"ms:nature/hellwood_leaves":61,"minecraft:coarse_dirt":6,"ms:ore/neridium":2,"minecraft:birch_leaves":3,"minecraft:coal_ore":27,"evilcraft:blood_stain":1,"minecraft:acacia_planks":1},"minecraft:dropped":{"ms:food/light_blue_tulip_seeds":5,"ms:food/cyan_tulip_seeds":4,"chococraft:loverly_gysahl_green":2,"ms:armor/bronze_helmet":1,"ms:food/light_grey_tulip_seeds":2,"minecraft:crafting_table":2,"ms:food/purple_tulip_seeds":2,"minecraft:saddle":1,"minecraft:dirt":4,"ms:food/orange_tulip_seeds":4,"minecraft:crimson_roots":3,"ms:gem/amazonite":7,"ms:food/rice_seeds":2,"ms:food/red_tulip_seeds":4,"minecraft:gilded_blackstone":1,"minecraft:gold_nugget":10,"alexsmobs:emu_feather":4,"minecraft:polished_blackstone_bricks":2,"ms:food/blue_tulip_seeds":1,"minecraft:iron_pickaxe":2,"ms:ore/neridium":2,"ms:gem/olivine":5,"minecraft:birch_log":1,"minecraft:white_wool":2,"minecraft:gold_ingot":9,"minecraft:bone":5,"ms:food/yellow_tulip_seeds":1,"minecraft:crimson_fungus":2,"minecraft:cobbled_deepslate":2,"ms:food/lettuce_seeds":1,"minecraft:birch_sapling":7,"minecraft:wheat":1,"minecraft:rotten_flesh":3,"minecraft:oak_planks":30,"ms:food/grey_tulip_seeds":3,"ms:food/magenta_tulip_seeds":9,"minecraft:jungle_log":5,"minecraft:acacia_sapling":3,"ms:plant/green_shroom":3,"ms:gem/white_opal":2,"minecraft:warped_wart_block":12,"minecraft:netherrack":5,"minecraft:golden_boots":1,"minecraft:iron_ingot":1,"minecraft:wheat_seeds":2,"ms:armor/bronze_boots":1,"ms:food/pink_tulip_seeds":2,"minecraft:feather":8,"minecraft:cobblestone":1,"ms:gem/jet":3,"chococraft:gysahl_green_seeds":18,"minecraft:granite":3,"minecraft:tropical_fish":1,"ms:food/brown_tulip_seeds":8,"minecraft:stick":18,"ms:gem/sulfur":3,"minecraft:ink_sac":4,"minecraft:torch":10,"minecraft:wooden_axe":2,"ms:armor/glass_helmet":1,"tombstone:grave_dust":2,"ms:tool/onyx_sword":1,"ms:plant/purple_shroom":1,"minecraft:string":6,"ms:gem/tin_ingot":4,"minecraft:coarse_dirt":5,"chococraft:chocobo_feather":4,"ms:food/lime_tulip_seeds":2,"ms:food/green_tulip_seeds":3,"ms:gem/hellfire_crystal":1,"ms:food/white_tulip_seeds":3,"ms:armor/bronze_legs":1,"ms:stone/peridotite":1,"ms:food/black_tulip_seeds":3,"minecraft:andesite":2,"ms:food/vanilla_seeds":2,"minecraft:spider_eye":2,"ms:nature/maple_planks":4,"minecraft:stone_pickaxe":2,"minecraft:wooden_pickaxe":4,"chococraft:gysahl_green":35},"minecraft:killed_by":{"alexsmobs:tiger":1},"minecraft:custom":{"minecraft:animals_bred":1,"minecraft:interact_with_crafting_table":75,"minecraft:open_barrel":9,"minecraft:bell_ring":1,"minecraft:leave_game":2,"minecraft:time_since_death":42212,"minecraft:sprint_one_cm":1016445,"minecraft:drop":160,"minecraft:talked_to_villager":7,"minecraft:play_time":329595,"minecraft:deaths":5,"minecraft:jump":7125,"minecraft:interact_with_brewingstand":2,"minecraft:walk_on_water_one_cm":19399,"minecraft:interact_with_furnace":111,"minecraft:sleep_in_bed":4,"minecraft:damage_dealt":21896,"minecraft:crouch_one_cm":64651,"tombstone:undead_killed":39,"minecraft:interact_with_smoker":2,"minecraft:inspect_dispenser":4,"minecraft:mob_kills":117,"minecraft:interact_with_anvil":5,"minecraft:climb_one_cm":3735,"minecraft:walk_one_cm":635599,"minecraft:sneak_time":19738,"minecraft:walk_under_water_one_cm":3869,"minecraft:boat_one_cm":337067,"minecraft:total_world_time":329595,"tombstone:raider_killed":2,"minecraft:interact_with_grindstone":5,"minecraft:time_since_rest":7780,"minecraft:damage_taken":4771,"minecraft:swim_one_cm":54436,"minecraft:fly_one_cm":1390424,"minecraft:open_chest":147,"minecraft:fall_one_cm":194438},"minecraft:used":{"ms:nature/hellwood_planks":46,"minecraft:iron_shovel":1007,"minecraft:chest":4,"tombstone:scroll_of_purification":1,"minecraft:axolotl_bucket":2,"minecraft:crimson_roots":1,"ms:berries/raspberry":1,"minecraft:furnace":12,"minecraft:egg":2,"ms:armor/bronze_boots":2,"minecraft:diorite":6,"minecraft:stone_pickaxe":84,"ms:armor/bronze_helmet":2,"minecraft:wooden_pickaxe":22,"minecraft:melon_slice":6,"minecraft:bread":4,"minecraft:brown_wool":1,"minecraft:nether_wart_block":1,"minecraft:andesite":9,"chococraft:gysahl_green":8,"minecraft:oak_boat":13,"ms:tool/steel_sword":140,"minecraft:cooked_chicken":5,"minecraft:netherrack":50,"minecraft:torch":37,"minecraft:dirt":33,"minecraft:warped_wart_block":64,"minecraft:granite":10,"minecraft:wooden_axe":26,"minecraft:iron_axe":8,"ms:nature/hellwood_sapling":3,"evilcraft:flesh_humanoid":1,"ms:food/raspberry":14,"ms:stone/peridotite":7,"minecraft:beef":4,"ms:food/gooseberry":14,"tombstone:gift":4,"minecraft:cooked_beef":24,"minecraft:cobbled_deepslate":9,"minecraft:acacia_planks":9,"minecraft:golden_axe":13,"minecraft:cooked_mutton":8,"ms:chest/acacia":1,"minecraft:water_bucket":4,"ms:tool/onyx_sword":290,"minecraft:polished_blackstone_bricks":31,"minecraft:crafting_table":27,"ms:tool/olivine_axe":232,"minecraft:white_bed":6,"minecraft:warped_planks":52,"ms:food/blackberry":20,"minecraft:diamond_pickaxe":31,"ms:armor/bronze_legs":2,"minecraft:cracked_polished_blackstone_bricks":7,"ms:tool/olivine_pickaxe":104,"minecraft:chicken":1,"minecraft:iron_pickaxe":198,"minecraft:cobblestone":34,"minecraft:cooked_porkchop":19,"minecraft:bucket":7,"alexsmobs:animal_dictionary":13,"alexsmobs:emu_egg":1}},"DataVersion":3337}