{"stats":{"minecraft:killed":{"minecraft:spider":23,"minecraft:skeleton":25,"alexsmobs:leafcutter_ant":2,"minecraft:chicken":9,"alexsmobs:centipede_head":1,"minecraft:piglin_brute":2,"minecraft:piglin":10,"minecraft:pig":7,"alexsmobs:grizzly_bear":1,"alexsmobs:crimson_mosquito":1,"minecraft:sheep":12,"minecraft:pillager":2,"minecraft:zombie":25,"alexsmobs:fly":1,"minecraft:cow":20,"chococraft:chocobo":4,"alexsmobs:dropbear":1,"alexsmobs:sugar_glider":1,"minecraft:drowned":2,"alexsmobs:bison":1,"farlanders:classic_enderman":1,"alexsmobs:skunk":1,"ms:nether_spider":3,"minecraft:hoglin":5,"alexsmobs:emu":1,"alexsmobs:gazelle":1,"alexsmobs:crow":1,"minecraft:wither_skeleton":1,"minecraft:enderman":5},"minecraft:killed_by":{"alexsmobs:tiger":1},"minecraft:dropped":{"ms:food/light_blue_tulip_seeds":5,"minecraft:porkchop":3,"ms:food/cyan_tulip_seeds":4,"chococraft:loverly_gysahl_green":2,"minecraft:cooked_beef":1,"minecraft:oak_log":8,"ms:armor/bronze_helmet":2,"minecraft:crafting_table":2,"ms:food/light_grey_tulip_seeds":2,"ms:food/purple_tulip_seeds":2,"minecraft:saddle":1,"minecraft:item_frame":1,"minecraft:emerald":1,"minecraft:dirt":19,"ms:food/orange_tulip_seeds":4,"minecraft:crimson_roots":3,"ms:gem/amazonite":7,"ms:food/rice_seeds":2,"ms:food/red_tulip_seeds":5,"alexsmobs:emu_feather":4,"minecraft:gold_nugget":10,"minecraft:gilded_blackstone":1,"minecraft:polished_blackstone_bricks":2,"ms:food/blue_tulip_seeds":1,"minecraft:iron_pickaxe":2,"ms:ore/neridium":2,"ms:gem/olivine":5,"minecraft:birch_log":1,"minecraft:white_wool":2,"minecraft:bone":10,"minecraft:gold_ingot":9,"ms:food/tomato_seeds":1,"minecraft:gravel":3,"ms:food/yellow_tulip_seeds":1,"ms:food/strawberry_seeds":1,"minecraft:crimson_fungus":2,"minecraft:cobbled_deepslate":2,"ms:food/lettuce_seeds":2,"minecraft:wheat":2,"minecraft:birch_sapling":7,"minecraft:rotten_flesh":4,"minecraft:oak_planks":30,"ms:ore/chromite":2,"minecraft:stone_stairs":2,"minecraft:azure_bluet":1,"ms:food/grey_tulip_seeds":3,"minecraft:gunpowder":13,"ms:food/magenta_tulip_seeds":10,"minecraft:jungle_log":5,"minecraft:acacia_sapling":3,"ms:plant/green_shroom":3,"ms:gem/white_opal":2,"minecraft:warped_wart_block":12,"ms:small_backpack":1,"minecraft:netherrack":5,"minecraft:egg":1,"minecraft:golden_boots":1,"minecraft:iron_ingot":1,"minecraft:wheat_seeds":3,"ms:armor/bronze_boots":2,"ms:food/bell_pepper_seeds":1,"ms:food/pink_tulip_seeds":3,"minecraft:feather":8,"minecraft:cobblestone":6,"ms:gem/jet":4,"chococraft:gysahl_green_seeds":22,"minecraft:granite":3,"minecraft:tropical_fish":1,"ms:food/brown_tulip_seeds":8,"minecraft:stick":20,"ms:gem/sulfur":3,"minecraft:ink_sac":4,"minecraft:torch":10,"minecraft:wooden_axe":2,"ms:armor/glass_helmet":1,"tombstone:grave_dust":2,"ms:tool/onyx_sword":1,"minecraft:string":7,"ms:plant/purple_shroom":1,"securitycraft:reinforced_stone":1,"ms:gem/tin_ingot":4,"minecraft:coarse_dirt":5,"minecraft:raw_copper":2,"chococraft:chocobo_feather":5,"ms:food/lime_tulip_seeds":3,"ms:food/green_tulip_seeds":3,"minecraft:light_gray_wool":1,"ms:gem/hellfire_crystal":1,"ms:food/white_tulip_seeds":3,"ms:armor/bronze_legs":4,"minecraft:potato":1,"ms:stone/peridotite":1,"ms:food/black_tulip_seeds":3,"minecraft:andesite":2,"ms:food/vanilla_seeds":2,"minecraft:spider_eye":4,"ms:nature/maple_planks":4,"minecraft:stone_pickaxe":2,"minecraft:wooden_pickaxe":4,"chococraft:gysahl_green":35},"minecraft:crafted":{"minecraft:oak_planks":276,"minecraft:cooked_chicken":5,"securitycraft:keypad_item":1,"ms:nature/hellwood_planks":484,"minecraft:heavy_weighted_pressure_plate":1,"minecraft:cooked_mutton":8,"minecraft:warped_planks":60,"ms:nature/maple_planks":4,"securitycraft:laser_block":1,"minecraft:glass":15,"evilcraft:blood_extractor":3,"minecraft:chest":3,"minecraft:golden_boots":1,"ms:materials/tanned_leather":8,"minecraft:cooked_porkchop":23,"ms:chest/acacia":1,"ms:tool/onyx_sword":1,"minecraft:crafting_table":16,"securitycraft:reinforced_stone_button":8,"minecraft:wooden_pickaxe":1,"minecraft:birch_planks":592,"ms:small_backpack":1,"minecraft:diamond_pickaxe":1,"minecraft:stick":92,"minecraft:iron_ingot":38,"minecraft:iron_pickaxe":1,"minecraft:gold_ingot":41,"minecraft:birch_stairs":212,"securitycraft:universal_block_reinforcer_lvl1":1,"evilcraft:dark_spike":16,"minecraft:furnace":2,"ms:materials/bound_leather":8,"minecraft:glass_pane":16,"minecraft:leather":41,"minecraft:iron_axe":1,"ms:tool/olivine_pickaxe":1,"minecraft:stone_pickaxe":1,"minecraft:redstone_block":1,"minecraft:netherite_scrap":1,"ms:fence/hellwoodfence":120,"minecraft:cooked_beef":30,"ms:armor/tin_chest":1,"ms:gem/tin_ingot":10,"minecraft:bucket":1,"minecraft:bread":5,"minecraft:air":0,"securitycraft:reinforced_stone":9,"minecraft:oak_boat":1,"ms:nature/silverbell_planks":28,"minecraft:wooden_axe":1,"minecraft:iron_shovel":4,"chococraft:chocobo_saddle":1,"minecraft:white_bed":1,"minecraft:acacia_planks":40,"minecraft:torch":36,"ms:tool/olivine_axe":1},"minecraft:used":{"ms:nature/hellwood_planks":100,"minecraft:iron_shovel":1007,"minecraft:chest":4,"tombstone:scroll_of_purification":1,"minecraft:rotten_flesh":3,"minecraft:mutton":1,"securitycraft:keypad_item":1,"minecraft:axolotl_bucket":2,"minecraft:crimson_roots":1,"ms:berries/raspberry":1,"minecraft:furnace":14,"minecraft:egg":2,"ms:armor/bronze_boots":3,"minecraft:diorite":6,"minecraft:oak_planks":24,"minecraft:stone_pickaxe":84,"ms:armor/bronze_helmet":2,"minecraft:wooden_pickaxe":22,"minecraft:melon_slice":6,"minecraft:bread":6,"minecraft:brown_wool":1,"minecraft:nether_wart_block":1,"ms:nature/silverbell_planks":4,"minecraft:andesite":9,"chococraft:gysahl_green":36,"minecraft:oak_boat":17,"ms:tool/steel_sword":329,"minecraft:cooked_chicken":5,"minecraft:netherrack":50,"minecraft:torch":71,"minecraft:dirt":239,"minecraft:warped_wart_block":64,"minecraft:granite":10,"ms:fence/hellwoodfence":117,"chococraft:chocobo_drumstick_raw":2,"minecraft:wooden_axe":26,"minecraft:iron_axe":222,"ms:nature/hellwood_sapling":14,"evilcraft:flesh_humanoid":1,"ms:food/raspberry":41,"ms:stone/peridotite":7,"minecraft:beef":4,"ms:food/gooseberry":14,"tombstone:gift":5,"minecraft:cooked_beef":28,"minecraft:cobbled_deepslate":9,"minecraft:acacia_planks":9,"minecraft:golden_axe":13,"ms:chest/acacia":1,"minecraft:cooked_mutton":8,"minecraft:water_bucket":4,"minecraft:birch_planks":190,"ms:tool/onyx_sword":290,"minecraft:polished_blackstone_bricks":31,"minecraft:crafting_table":28,"ms:tool/olivine_axe":232,"minecraft:spider_eye":1,"minecraft:white_bed":6,"minecraft:warped_planks":52,"minecraft:oak_log":5,"ms:food/blackberry":20,"minecraft:diamond_pickaxe":53,"ms:armor/bronze_legs":3,"ms:tool/olivine_pickaxe":185,"minecraft:cracked_polished_blackstone_bricks":7,"minecraft:chicken":1,"minecraft:iron_pickaxe":198,"minecraft:cobblestone":52,"minecraft:cooked_porkchop":26,"minecraft:bucket":8,"alexsmobs:animal_dictionary":13,"minecraft:birch_stairs":191,"alexsmobs:emu_egg":1},"minecraft:custom":{"minecraft:animals_bred":1,"minecraft:interact_with_crafting_table":107,"minecraft:open_barrel":12,"minecraft:bell_ring":2,"minecraft:leave_game":6,"minecraft:time_since_death":184159,"minecraft:sprint_one_cm":1340231,"minecraft:drop":218,"minecraft:talked_to_villager":9,"minecraft:play_time":523687,"minecraft:deaths":6,"minecraft:interact_with_brewingstand":2,"minecraft:jump":9587,"minecraft:walk_on_water_one_cm":22772,"minecraft:interact_with_furnace":147,"minecraft:sleep_in_bed":10,"minecraft:damage_dealt":31565,"minecraft:crouch_one_cm":136176,"tombstone:undead_killed":53,"minecraft:interact_with_smoker":2,"minecraft:inspect_dispenser":4,"minecraft:horse_one_cm":200049,"minecraft:interact_with_anvil":5,"minecraft:mob_kills":174,"minecraft:interact_with_campfire":11,"minecraft:climb_one_cm":5697,"minecraft:walk_one_cm":908765,"minecraft:sneak_time":44952,"minecraft:walk_under_water_one_cm":7354,"minecraft:boat_one_cm":352620,"minecraft:total_world_time":523687,"tombstone:raider_killed":2,"minecraft:interact_with_grindstone":5,"minecraft:time_since_rest":7368,"minecraft:damage_taken":6311,"minecraft:swim_one_cm":61681,"minecraft:fly_one_cm":1805831,"minecraft:open_chest":305,"minecraft:fall_one_cm":266409},"minecraft:mined":{"minecraft:white_bed":4,"ms:ore/jet":5,"minecraft:cave_vines_plant":1,"minecraft:granite":13,"minecraft:acacia_log":10,"minecraft:grass_block":632,"minecraft:jungle_log":5,"minecraft:cracked_polished_blackstone_bricks":7,"ms:nature/silverbell_log":7,"minecraft:crimson_fungus":1,"minecraft:spawner":1,"minecraft:gilded_blackstone":1,"minecraft:polished_blackstone_bricks":33,"minecraft:weeping_vines_plant":1,"ms:stone/peridotite":8,"minecraft:iron_ore":8,"minecraft:fire":54,"ms:nature/maple_log":1,"chococraft:gysahl_green":35,"ms:plant/purple_shroom":1,"minecraft:cave_vines":1,"minecraft:dirt_path":1,"ms:ore/deepslate_tanzanite":10,"ms:ore/onyx":5,"minecraft:tripwire":5,"ms:berries/raspberry":1,"minecraft:torch":26,"minecraft:melon":5,"minecraft:chest":1,"minecraft:cobblestone":5,"minecraft:oak_planks":3,"minecraft:sugar_cane":3,"minecraft:wall_torch":29,"ms:ore/triterium":5,"minecraft:stone_stairs":1,"minecraft:nether_wart_block":1,"minecraft:birch_log":145,"minecraft:grass":48,"minecraft:oak_log":66,"minecraft:sand":38,"minecraft:dirt":560,"minecraft:netherrack":57,"minecraft:oak_leaves":32,"minecraft:deepslate":12,"minecraft:nether_gold_ore":52,"minecraft:tuff":4,"ms:ore/foulite":2,"minecraft:mossy_cobblestone":2,"minecraft:deepslate_diamond_ore":14,"ms:ore/tin":10,"ms:fence/hellwoodfence":14,"minecraft:glow_lichen":1,"minecraft:dark_oak_fence":6,"minecraft:crimson_roots":2,"evilcraft:environmental_accumulator":3,"minecraft:redstone_wire":1,"alexsmobs:leafcutter_ant_chamber":17,"ms:ore/sulfur":1,"minecraft:moss_block":1,"ms:plant/grass":36,"minecraft:spore_blossom":1,"minecraft:redstone_ore":8,"ms:ore/amazonite":8,"minecraft:furnace":12,"ms:nature/hellwood_log":121,"ms:plant/green_shroom":2,"ms:ore/hellfire":1,"minecraft:andesite":11,"evilcraft:dark_ore":4,"minecraft:gold_block":2,"minecraft:deepslate_iron_ore":31,"minecraft:cobblestone_slab":1,"minecraft:vine":12,"minecraft:warped_stem":16,"ms:ore/chromite":1,"minecraft:stone":107,"minecraft:birch_stairs":11,"ms:ore/olivine":11,"minecraft:basalt":2,"minecraft:crafting_table":26,"minecraft:emerald_ore":1,"rftoolsbase:dimensionalshard_nether":1,"minecraft:tall_grass":9,"minecraft:deepslate_coal_ore":2,"ms:ore/deepslate_white_opal":1,"minecraft:diorite":6,"ms:nature/hellwood_leaves":232,"minecraft:warped_wart_block":69,"minecraft:birch_planks":10,"minecraft:coarse_dirt":6,"ms:ore/neridium":2,"minecraft:birch_leaves":8,"minecraft:coal_ore":27,"evilcraft:blood_stain":1,"ms:nature/hellwood_sapling":1,"minecraft:gravel":2,"minecraft:acacia_planks":1,"ms:nature/hellwood_planks":9},"minecraft:broken":{"minecraft:iron_shovel":4,"ms:tool/olivine_axe":1,"minecraft:iron_pickaxe":1},"minecraft:picked_up":{"minecraft:wooden_axe":1,"chococraft:loverly_gysahl_green":10,"ms:food/black_tulip_seeds":3,"minecraft:gilded_blackstone":1,"minecraft:nether_brick":7,"minecraft:string":50,"minecraft:raw_copper":2,"ms:gem/tanzanite":10,"alexsmobs:dropbear_claw":2,"alexsmobs:blood_sac":1,"alexsmobs:emu_feather":6,"minecraft:gold_nugget":218,"minecraft:cobbled_deepslate":11,"ms:nature/maple_log":1,"ms:nature/hellwood_sapling":43,"minecraft:iron_pickaxe":2,"minecraft:melon_slice":31,"alexsmobs:leafcutter_ant_chamber":16,"minecraft:furnace":12,"minecraft:stick":90,"minecraft:torch":97,"minecraft:acacia_log":10,"minecraft:porkchop":29,"minecraft:diorite":6,"tombstone:grave_dust":11,"alexsmobs:centipede_leg":2,"ms:tool/steel_sword":2,"ms:ore/tin":10,"minecraft:rotten_flesh":25,"minecraft:tropical_fish":1,"alexsmobs:emu_egg":1,"chococraft:chocobo_drumstick_raw":3,"ms:stone/peridotite":8,"ms:food/pink_tulip_seeds":3,"ms:gem/hellfire_crystal":1,"minecraft:cobblestone":130,"minecraft:birch_log":149,"minecraft:cooked_beef":4,"minecraft:feather":10,"minecraft:andesite":11,"minecraft:jungle_log":5,"minecraft:brown_wool":1,"minecraft:potato":1,"alexsmobs:bear_fur":1,"ms:nature/silverbell_log":7,"evilcraft:flesh_humanoid":1,"ms:nature/hellwood_log":121,"minecraft:dirt":1251,"ms:food/vanilla_seeds":3,"minecraft:bone":23,"minecraft:acacia_planks":1,"minecraft:wheat_seeds":4,"ms:food/white_tulip_seeds":3,"ms:food/strawberry_seeds":3,"ms:gem/tin_ingot":2,"minecraft:oak_planks":38,"ms:food/lime_tulip_seeds":3,"ms:food/green_tulip_seeds":3,"ms:gem/triterium_dust":7,"ms:gem/onyx":5,"minecraft:cooked_porkchop":8,"minecraft:warped_wart_block":76,"ms:food/light_blue_tulip_seeds":5,"minecraft:sand":38,"ms:gem/foulite_dust":4,"minecraft:ink_sac":4,"ms:gem/white_opal":2,"minecraft:spectral_arrow":10,"minecraft:mossy_cobblestone":1,"ms:food/magenta_tulip_seeds":10,"ms:food/onion_seeds":7,"ms:food/orange_tulip_seeds":4,"minecraft:diamond":14,"ms:food/yellow_tulip_seeds":1,"ms:food/blue_tulip_seeds":1,"minecraft:cracked_polished_blackstone_bricks":7,"minecraft:granite":13,"minecraft:emerald":1,"minecraft:oak_sapling":10,"minecraft:netherrack":55,"minecraft:crimson_roots":4,"ms:food/lettuce_seeds":4,"minecraft:coarse_dirt":5,"minecraft:crafting_table":28,"minecraft:azure_bluet":1,"minecraft:splash_potion":2,"minecraft:chicken":9,"ms:food/cyan_tulip_seeds":4,"ms:small_backpack":1,"ms:food/raspberry":41,"minecraft:wooden_pickaxe":3,"minecraft:gold_block":2,"ms:tool/copper_sword":1,"minecraft:stone_stairs":2,"ms:food/red_tulip_seeds":5,"minecraft:item_frame":1,"minecraft:beef":49,"minecraft:oak_boat":17,"minecraft:sugar_cane":9,"minecraft:light_gray_wool":1,"minecraft:chest":1,"ms:food/light_grey_tulip_seeds":2,"minecraft:birch_sapling":24,"minecraft:egg":3,"ms:food/purple_tulip_seeds":2,"minecraft:raw_iron":39,"ms:food/grey_tulip_seeds":3,"securitycraft:reinforced_cobblestone":9,"ms:food/tomato_seeds":3,"minecraft:polished_blackstone_bricks":33,"ms:fence/hellwoodfence":14,"minecraft:redstone":34,"alexsmobs:leafcutter_ant_pupa":1,"minecraft:arrow":23,"ms:berries/raspberry":1,"minecraft:gold_ingot":4,"ms:gem/amazonite":11,"ms:ore/chromite":2,"minecraft:mutton":16,"minecraft:white_wool":10,"evilcraft:environmental_accumulation_core":3,"ms:food/rice_seeds":7,"minecraft:basalt":2,"ms:ore/neridium":2,"ms:armor/bronze_helmet":1,"ms:plant/purple_shroom":1,"minecraft:leather":25,"ms:food/brown_tulip_seeds":8,"minecraft:birch_planks":10,"minecraft:crimson_fungus":2,"ms:food/corn_seeds":8,"minecraft:oak_log":82,"ms:gem/sulfur":3,"minecraft:golden_boots":1,"minecraft:nether_wart_block":1,"ms:food/blackberry":20,"chococraft:chocobo_feather":16,"rftoolsbase:dimensionalshard":5,"chococraft:gysahl_green":86,"minecraft:apple":3,"chococraft:gold_gysahl":1,"minecraft:warped_stem":15,"ms:armor/bronze_legs":2,"minecraft:stone_pickaxe":1,"ms:nature/silverbell_sapling":2,"ms:food/gooseberry":14,"minecraft:acacia_sapling":3,"ms:gem/olivine":14,"minecraft:gravel":3,"minecraft:birch_stairs":11,"chococraft:gysahl_green_seeds":36,"minecraft:white_bed":5,"minecraft:spider_eye":9,"ms:nature/hellwood_planks":8,"ms:food/bell_pepper_seeds":4,"ms:plant/green_shroom":3,"evilcraft:dark_gem":20,"ms:gem/jet":4,"tombstone:magic_scroll":1,"minecraft:coal":29,"minecraft:ender_pearl":2}},"DataVersion":3337}