{"stats":{"minecraft:used":{"aquaculture:tackle_box":1,"minetraps:toxin_bucket":5,"minetraps:explosive_mine":2,"minecraft:grass_block":2,"aquaculture:stone_fillet_knife":6,"minetraps:troll_block":1,"minetraps:barbed_wire":3,"minetraps:bear_trap":1},"minecraft:killed":{"minecraft:sheep":2},"minecraft:custom":{"minecraft:time_since_rest":11631,"minecraft:crouch_one_cm":439,"minecraft:play_time":11631,"minecraft:sprint_one_cm":4932,"minecraft:damage_taken":10,"minecraft:walk_one_cm":13383,"minecraft:sneak_time":229,"minecraft:mob_kills":2,"minecraft:drop":3,"minecraft:jump":65,"minecraft:damage_dealt":160,"minecraft:time_since_death":11631,"minecraft:total_world_time":11631,"minecraft:fly_one_cm":15632,"minecraft:fall_one_cm":267},"minecraft:dropped":{"minecraft:dirt":32,"aquaculture:tackle_box":1},"minecraft:picked_up":{"aquaculture:tackle_box":2,"minecraft:spruce_log":1,"minecraft:black_wool":1,"minecraft:mutton":3,"minecraft:dirt":32,"minecraft:white_wool":1},"minecraft:mined":{"minecraft:grass":1,"minecraft:fern":2}},"DataVersion":3337}