{"stats":{"minecraft:picked_up":{"ms:food/lettuce_seeds":1,"minecraft:crafting_table":2,"minecraft:feather":7,"ms:food/rice_seeds":2,"minecraft:chicken":4,"ms:food/brown_tulip_seeds":1,"minecraft:oak_log":10,"minecraft:string":6,"minecraft:dirt":13,"ms:food/blackberry":20,"ms:food/vanilla_seeds":1,"chococraft:chocobo_feather":2,"chococraft:gysahl_green":5,"alexsmobs:emu_feather":2,"minecraft:wheat_seeds":1,"ms:food/gooseberry":11,"minecraft:egg":2,"minecraft:furnace":1,"ms:food/green_tulip_seeds":1,"ms:food/grey_tulip_seeds":1,"ms:food/light_blue_tulip_seeds":1,"minecraft:torch":1,"minecraft:porkchop":3,"chococraft:gysahl_green_seeds":2,"ms:food/onion_seeds":1,"evilcraft:dark_gem":20,"ms:gem/jet":3,"alexsmobs:emu_egg":1,"ms:gem/amazonite":6,"ms:stone/peridotite":1,"minecraft:cobblestone":12},"minecraft:crafted":{"minecraft:oak_planks":40,"minecraft:crafting_table":1,"minecraft:wooden_pickaxe":1,"minecraft:cooked_chicken":4,"minecraft:furnace":1,"minecraft:air":0,"minecraft:stick":8,"minecraft:stone_pickaxe":1,"minecraft:wooden_axe":1},"minecraft:killed":{"minecraft:pig":1,"alexsmobs:emu":1,"minecraft:zombie":1,"minecraft:chicken":4},"minecraft:mined":{"ms:ore/jet":3,"minecraft:crafting_table":2,"minecraft:grass_block":2,"ms:plant/grass":5,"minecraft:wall_torch":1,"ms:ore/amazonite":4,"minecraft:furnace":1,"ms:stone/peridotite":1,"evilcraft:dark_ore":4,"minecraft:grass":3,"chococraft:gysahl_green":2,"minecraft:oak_log":10,"minecraft:stone":12,"minecraft:oak_leaves":2},"minecraft:dropped":{"ms:food/light_blue_tulip_seeds":1,"chococraft:chocobo_feather":2,"ms:food/green_tulip_seeds":1,"ms:stone/peridotite":1,"ms:food/rice_seeds":1,"minecraft:wooden_pickaxe":1},"minecraft:custom":{"minecraft:interact_with_furnace":6,"minecraft:mob_kills":7,"minecraft:interact_with_crafting_table":8,"minecraft:leave_game":1,"minecraft:time_since_death":36053,"minecraft:time_since_rest":36053,"minecraft:sprint_one_cm":66235,"minecraft:damage_taken":321,"minecraft:walk_one_cm":36808,"minecraft:drop":6,"minecraft:damage_dealt":753,"minecraft:swim_one_cm":10863,"minecraft:fly_one_cm":114522,"minecraft:open_chest":2,"minecraft:crouch_one_cm":2226,"minecraft:play_time":36053,"tombstone:undead_killed":1,"minecraft:sneak_time":671,"minecraft:walk_under_water_one_cm":526,"minecraft:jump":492,"minecraft:walk_on_water_one_cm":2519,"minecraft:total_world_time":36053,"minecraft:fall_one_cm":13855},"minecraft:used":{"alexsmobs:emu_egg":1,"minecraft:stone_pickaxe":4,"minecraft:wooden_pickaxe":22,"minecraft:cooked_chicken":2,"minecraft:torch":1,"minecraft:dirt":2,"minecraft:crafting_table":3,"minecraft:wooden_axe":25,"ms:food/blackberry":20,"minecraft:furnace":1,"ms:food/gooseberry":11,"chococraft:gysahl_green":3,"alexsmobs:animal_dictionary":3,"minecraft:egg":2}},"DataVersion":3337}