{"stats":{"minecraft:picked_up":{"ms:food/green_tulip_seeds":1,"ms:food/blackberry":16,"chococraft:chocobo_feather":2,"ms:food/rice_seeds":1,"ms:food/light_blue_tulip_seeds":1,"minecraft:torch":1,"minecraft:egg":1},"minecraft:mined":{"ms:plant/grass":3,"minecraft:wall_torch":1},"minecraft:dropped":{"ms:food/light_blue_tulip_seeds":1,"chococraft:chocobo_feather":2,"ms:food/rice_seeds":1,"ms:food/green_tulip_seeds":1},"minecraft:used":{"minecraft:torch":1,"ms:food/blackberry":5,"alexsmobs:animal_dictionary":3,"minecraft:egg":1},"minecraft:custom":{"minecraft:open_chest":2,"minecraft:time_since_rest":12053,"minecraft:crouch_one_cm":51,"minecraft:sprint_one_cm":20157,"minecraft:play_time":12053,"minecraft:walk_one_cm":11227,"minecraft:sneak_time":64,"minecraft:walk_under_water_one_cm":195,"minecraft:drop":4,"minecraft:jump":148,"minecraft:leave_game":1,"minecraft:walk_on_water_one_cm":817,"minecraft:time_since_death":12053,"minecraft:total_world_time":12053,"minecraft:swim_one_cm":1874,"minecraft:interact_with_crafting_table":1,"minecraft:fall_one_cm":4180,"minecraft:fly_one_cm":39549}},"DataVersion":3337}