{"stats":{"minecraft:broken":{"minecraft:iron_shovel":4},"minecraft:picked_up":{"ms:food/lettuce_seeds":3,"chococraft:loverly_gysahl_green":7,"minecraft:crafting_table":19,"ms:food/black_tulip_seeds":3,"minecraft:chicken":6,"ms:food/cyan_tulip_seeds":4,"ms:food/raspberry":14,"minecraft:wooden_pickaxe":3,"ms:tool/copper_sword":1,"minecraft:string":30,"ms:food/red_tulip_seeds":4,"ms:gem/tanzanite":10,"alexsmobs:emu_feather":6,"minecraft:cobbled_deepslate":11,"minecraft:beef":40,"minecraft:oak_boat":13,"ms:food/light_grey_tulip_seeds":2,"minecraft:iron_pickaxe":1,"ms:nature/maple_log":1,"minecraft:melon_slice":31,"minecraft:chest":1,"minecraft:birch_sapling":24,"minecraft:furnace":7,"minecraft:egg":2,"ms:food/purple_tulip_seeds":2,"minecraft:raw_iron":38,"minecraft:stick":26,"ms:food/grey_tulip_seeds":2,"minecraft:torch":33,"minecraft:acacia_log":10,"ms:food/tomato_seeds":2,"minecraft:porkchop":7,"minecraft:diorite":6,"tombstone:grave_dust":8,"alexsmobs:centipede_leg":2,"ms:tool/steel_sword":1,"ms:ore/tin":10,"minecraft:rotten_flesh":17,"minecraft:arrow":12,"minecraft:tropical_fish":1,"ms:berries/raspberry":1,"alexsmobs:emu_egg":1,"ms:gem/amazonite":11,"ms:food/pink_tulip_seeds":2,"minecraft:mutton":8,"ms:stone/peridotite":8,"minecraft:white_wool":5,"minecraft:cobblestone":44,"minecraft:birch_log":89,"evilcraft:environmental_accumulation_core":1,"minecraft:feather":8,"ms:food/rice_seeds":7,"minecraft:jungle_log":5,"minecraft:andesite":11,"minecraft:brown_wool":1,"minecraft:leather":18,"ms:food/brown_tulip_seeds":8,"ms:food/corn_seeds":7,"ms:gem/sulfur":3,"minecraft:oak_log":35,"minecraft:dirt":1034,"ms:food/blackberry":20,"ms:food/vanilla_seeds":2,"chococraft:chocobo_feather":5,"minecraft:bone":5,"minecraft:acacia_planks":1,"chococraft:gysahl_green":43,"minecraft:apple":1,"chococraft:gold_gysahl":1,"minecraft:wheat_seeds":3,"ms:food/white_tulip_seeds":3,"ms:food/strawberry_seeds":2,"minecraft:stone_pickaxe":1,"ms:gem/tin_ingot":2,"ms:food/gooseberry":14,"minecraft:oak_planks":35,"minecraft:acacia_sapling":3,"ms:food/lime_tulip_seeds":1,"ms:food/green_tulip_seeds":3,"ms:gem/onyx":5,"ms:gem/olivine":11,"ms:food/light_blue_tulip_seeds":5,"minecraft:ink_sac":4,"chococraft:gysahl_green_seeds":18,"minecraft:white_bed":5,"ms:gem/white_opal":2,"minecraft:mossy_cobblestone":1,"minecraft:spider_eye":1,"ms:food/magenta_tulip_seeds":8,"ms:food/onion_seeds":7,"ms:food/orange_tulip_seeds":4,"ms:food/bell_pepper_seeds":3,"minecraft:diamond":14,"ms:food/blue_tulip_seeds":1,"ms:food/yellow_tulip_seeds":1,"evilcraft:dark_gem":20,"minecraft:granite":13,"ms:gem/jet":3,"minecraft:oak_sapling":6,"minecraft:coal":29,"minecraft:ender_pearl":1,"minecraft:wooden_axe":1},"minecraft:crafted":{"minecraft:oak_planks":140,"minecraft:cooked_chicken":5,"minecraft:furnace":1,"minecraft:cooked_mutton":8,"ms:materials/bound_leather":4,"ms:nature/maple_planks":4,"minecraft:leather":37,"ms:tool/olivine_pickaxe":1,"minecraft:chest":3,"minecraft:stone_pickaxe":1,"ms:materials/tanned_leather":4,"minecraft:cooked_beef":24,"ms:armor/tin_chest":1,"ms:chest/acacia":1,"minecraft:cooked_porkchop":7,"ms:tool/onyx_sword":1,"minecraft:crafting_table":2,"minecraft:wooden_pickaxe":1,"ms:gem/tin_ingot":10,"minecraft:bucket":1,"minecraft:birch_planks":356,"minecraft:bread":4,"minecraft:air":0,"minecraft:oak_boat":1,"minecraft:diamond_pickaxe":1,"minecraft:stick":16,"minecraft:iron_ingot":38,"minecraft:iron_pickaxe":1,"minecraft:wooden_axe":1,"minecraft:iron_shovel":4,"chococraft:chocobo_saddle":1,"minecraft:white_bed":1,"minecraft:acacia_planks":40,"minecraft:torch":36,"ms:tool/olivine_axe":1},"minecraft:killed":{"minecraft:spider":8,"alexsmobs:sugar_glider":1,"minecraft:skeleton":12,"alexsmobs:leafcutter_ant":1,"minecraft:chicken":6,"alexsmobs:centipede_head":1,"alexsmobs:bison":1,"minecraft:drowned":2,"minecraft:pig":3,"alexsmobs:skunk":1,"alexsmobs:emu":1,"minecraft:sheep":6,"minecraft:pillager":2,"minecraft:zombie":21,"alexsmobs:gazelle":1,"minecraft:enderman":4,"minecraft:cow":15,"chococraft:chocobo":1},"minecraft:mined":{"minecraft:tuff":4,"minecraft:white_bed":4,"ms:ore/jet":4,"minecraft:mossy_cobblestone":2,"minecraft:deepslate_diamond_ore":14,"ms:ore/tin":10,"minecraft:cave_vines_plant":1,"minecraft:glow_lichen":1,"minecraft:granite":13,"minecraft:dark_oak_fence":6,"minecraft:acacia_log":10,"minecraft:grass_block":625,"evilcraft:environmental_accumulator":1,"minecraft:jungle_log":5,"minecraft:redstone_wire":1,"ms:ore/sulfur":1,"minecraft:moss_block":1,"ms:plant/grass":28,"minecraft:spore_blossom":1,"ms:ore/amazonite":8,"minecraft:furnace":7,"ms:stone/peridotite":8,"minecraft:iron_ore":7,"minecraft:andesite":11,"ms:nature/maple_log":1,"evilcraft:dark_ore":4,"minecraft:cobblestone_slab":1,"minecraft:vine":7,"minecraft:cave_vines":1,"chococraft:gysahl_green":17,"minecraft:deepslate_iron_ore":31,"minecraft:dirt_path":1,"ms:ore/deepslate_tanzanite":10,"minecraft:stone":36,"ms:ore/onyx":5,"minecraft:tripwire":5,"ms:berries/raspberry":1,"ms:ore/olivine":8,"minecraft:crafting_table":18,"minecraft:torch":12,"minecraft:melon":5,"minecraft:chest":1,"minecraft:cobblestone":3,"minecraft:tall_grass":8,"minecraft:deepslate_coal_ore":2,"ms:ore/deepslate_white_opal":1,"minecraft:diorite":6,"minecraft:wall_torch":11,"minecraft:birch_log":89,"minecraft:birch_leaves":3,"minecraft:grass":32,"minecraft:oak_log":35,"minecraft:coal_ore":27,"evilcraft:blood_stain":1,"minecraft:dirt":400,"minecraft:acacia_planks":1,"minecraft:deepslate":12,"minecraft:oak_leaves":11},"minecraft:dropped":{"ms:food/light_blue_tulip_seeds":2,"minecraft:iron_ingot":1,"ms:food/cyan_tulip_seeds":1,"chococraft:loverly_gysahl_green":2,"minecraft:wheat_seeds":2,"ms:armor/bronze_helmet":1,"ms:armor/bronze_boots":1,"minecraft:crafting_table":1,"minecraft:feather":8,"ms:food/purple_tulip_seeds":1,"ms:gem/jet":3,"chococraft:gysahl_green_seeds":18,"minecraft:granite":3,"minecraft:saddle":1,"minecraft:tropical_fish":1,"ms:food/brown_tulip_seeds":2,"minecraft:stick":6,"ms:gem/sulfur":3,"minecraft:dirt":3,"ms:food/orange_tulip_seeds":2,"minecraft:ink_sac":4,"minecraft:torch":10,"ms:gem/amazonite":7,"ms:armor/glass_helmet":1,"minecraft:wooden_axe":2,"ms:food/rice_seeds":2,"alexsmobs:emu_feather":4,"minecraft:iron_pickaxe":1,"ms:tool/onyx_sword":1,"ms:gem/olivine":5,"minecraft:string":6,"minecraft:white_wool":2,"minecraft:bone":1,"ms:gem/tin_ingot":4,"minecraft:cobbled_deepslate":2,"ms:food/lettuce_seeds":1,"chococraft:chocobo_feather":4,"minecraft:birch_sapling":7,"minecraft:wheat":1,"ms:food/green_tulip_seeds":1,"minecraft:rotten_flesh":2,"minecraft:oak_planks":30,"ms:food/grey_tulip_seeds":2,"ms:armor/bronze_legs":1,"ms:stone/peridotite":1,"ms:food/magenta_tulip_seeds":1,"minecraft:andesite":2,"minecraft:jungle_log":5,"minecraft:acacia_sapling":3,"ms:food/vanilla_seeds":1,"minecraft:spider_eye":1,"ms:nature/maple_planks":4,"ms:gem/white_opal":2,"minecraft:stone_pickaxe":2,"minecraft:wooden_pickaxe":4,"chococraft:gysahl_green":35},"minecraft:killed_by":{"alexsmobs:tiger":1},"minecraft:custom":{"minecraft:interact_with_anvil":5,"minecraft:mob_kills":86,"minecraft:animals_bred":1,"minecraft:interact_with_crafting_table":60,"minecraft:open_barrel":9,"minecraft:bell_ring":1,"minecraft:leave_game":1,"minecraft:time_since_death":68878,"minecraft:climb_one_cm":2083,"minecraft:sprint_one_cm":612325,"minecraft:walk_one_cm":419035,"minecraft:drop":99,"minecraft:talked_to_villager":5,"minecraft:deaths":1,"minecraft:play_time":222053,"minecraft:sneak_time":7483,"minecraft:walk_under_water_one_cm":3428,"minecraft:boat_one_cm":337067,"minecraft:jump":4596,"minecraft:interact_with_brewingstand":2,"minecraft:walk_on_water_one_cm":18105,"minecraft:total_world_time":222053,"minecraft:interact_with_furnace":82,"tombstone:raider_killed":2,"minecraft:interact_with_grindstone":5,"minecraft:sleep_in_bed":3,"minecraft:time_since_rest":28958,"minecraft:damage_taken":2221,"minecraft:damage_dealt":15236,"minecraft:swim_one_cm":39407,"minecraft:fly_one_cm":892607,"minecraft:open_chest":90,"minecraft:crouch_one_cm":20226,"tombstone:undead_killed":35,"minecraft:interact_with_smoker":2,"minecraft:fall_one_cm":128775,"minecraft:inspect_dispenser":4},"minecraft:used":{"alexsmobs:emu_egg":1,"minecraft:iron_shovel":1007,"ms:tool/steel_sword":1,"minecraft:chest":4,"tombstone:scroll_of_purification":1,"minecraft:cooked_chicken":5,"minecraft:torch":25,"minecraft:dirt":27,"minecraft:granite":10,"minecraft:axolotl_bucket":2,"minecraft:wooden_axe":26,"ms:berries/raspberry":1,"ms:food/raspberry":14,"ms:stone/peridotite":7,"minecraft:beef":4,"minecraft:furnace":7,"ms:food/gooseberry":14,"tombstone:gift":2,"minecraft:acacia_planks":9,"minecraft:egg":2,"minecraft:cooked_beef":12,"minecraft:cobbled_deepslate":9,"ms:chest/acacia":1,"minecraft:cooked_mutton":8,"minecraft:water_bucket":4,"ms:armor/bronze_boots":2,"minecraft:diorite":6,"minecraft:stone_pickaxe":84,"ms:armor/bronze_helmet":2,"minecraft:wooden_pickaxe":22,"ms:tool/onyx_sword":290,"minecraft:crafting_table":20,"ms:tool/olivine_axe":167,"minecraft:white_bed":5,"minecraft:diamond_pickaxe":19,"ms:food/blackberry":20,"ms:armor/bronze_legs":2,"minecraft:chicken":1,"ms:tool/olivine_pickaxe":55,"minecraft:melon_slice":6,"minecraft:bread":4,"minecraft:brown_wool":1,"minecraft:iron_pickaxe":74,"minecraft:cobblestone":33,"minecraft:cooked_porkchop":7,"minecraft:andesite":9,"minecraft:bucket":7,"chococraft:gysahl_green":8,"alexsmobs:animal_dictionary":13,"minecraft:oak_boat":13}},"DataVersion":3337}