{"stats":{"minecraft:broken":{"minecraft:stone_axe":1},"minecraft:picked_up":{"ms:food/lettuce_seeds":3,"minecraft:crafting_table":2,"ms:nature/cherry_planks":4,"ms:food/rice_seeds":3,"ms:food/cyan_tulip_seeds":4,"ms:berries/blackberry":6,"ms:food/black_tulip_seeds":5,"ms:armor/bronze_helmet":1,"minecraft:leather":2,"ms:food/brown_tulip_seeds":4,"ms:food/raspberry":6,"ms:nature/cherry_log":4,"ms:food/salt":17,"ms:food/corn_seeds":3,"minecraft:oak_log":11,"minecraft:cornflower":4,"minecraft:dirt":71,"ms:nature/maple_planks":10,"ms:food/raw_calamari":2,"ms:food/blackberry":5,"ms:food/red_tulip_seeds":1,"ms:food/vanilla_seeds":3,"minecraft:bone":1,"chococraft:gysahl_green":14,"minecraft:apple":1,"minecraft:wheat_seeds":26,"ms:food/white_tulip_seeds":1,"ms:food/strawberry_seeds":6,"minecraft:beef":5,"ms:nature/maple_log":6,"minecraft:sugar_cane":25,"ms:food/light_grey_tulip_seeds":3,"ms:food/lime_tulip_seeds":7,"ms:food/green_tulip_seeds":2,"minecraft:dark_oak_sapling":3,"ms:food/purple_tulip_seeds":1,"minecraft:stick":4,"ms:food/grey_tulip_seeds":2,"minecraft:pumpkin":7,"ms:food/light_blue_tulip_seeds":2,"ms:food/tomato_seeds":3,"chococraft:gysahl_green_seeds":6,"minecraft:ink_sac":1,"minecraft:grass_block":2,"minecraft:dark_oak_log":204,"ms:food/magenta_tulip_seeds":2,"ms:food/onion_seeds":2,"minecraft:arrow":2,"ms:food/orange_tulip_seeds":4,"ms:food/bell_pepper_seeds":2,"ms:food/yellow_tulip_seeds":4,"ms:food/blue_tulip_seeds":3,"minecraft:nether_bricks":4,"ms:berries/raspberry":7,"ms:nature/maple_sapling":1,"ms:food/pink_tulip_seeds":2,"ms:nature/tigerwood_log":8,"minecraft:white_wool":2,"minecraft:cobblestone":20,"minecraft:oxeye_daisy":2},"minecraft:crafted":{"minecraft:cooked_beef":4,"minecraft:stone_shovel":1,"minecraft:oak_planks":44,"ms:nature/cherry_planks":16,"minecraft:crafting_table":3,"minecraft:wooden_pickaxe":1,"ms:chest/cherry":1,"minecraft:stone_axe":2,"ms:nature/maple_planks":24,"minecraft:stick":12,"minecraft:stone_pickaxe":1,"minecraft:stone_sword":1,"minecraft:chest":1,"ms:nature/tigerwood_planks":32,"minecraft:white_bed":1,"minecraft:dark_oak_planks":192},"minecraft:killed":{"minecraft:skeleton":1,"minecraft:zombie":2,"minecraft:cow":3},"minecraft:mined":{"ms:berries/raspberry":6,"ms:nature/tigerwood_log":8,"minecraft:dark_oak_leaves":11,"minecraft:dark_oak_log":193,"minecraft:crafting_table":2,"minecraft:cornflower":2,"minecraft:grass_block":67,"minecraft:tall_grass":11,"ms:nature/pink_cherry_leaves":1,"minecraft:sugar_cane":9,"ms:ore/salty_sand":9,"ms:plant/grass":69,"minecraft:oxeye_daisy":2,"ms:nature/cherry_log":4,"ms:berries/blackberry":5,"ms:nature/maple_log":6,"minecraft:pumpkin":7,"minecraft:grass":167,"chococraft:gysahl_green":6,"minecraft:oak_log":11,"minecraft:vine":1,"minecraft:dirt":6,"minecraft:red_mushroom_block":2,"minecraft:stone":20,"minecraft:oak_leaves":4},"minecraft:dropped":{"ms:food/tomato_seeds":1,"minecraft:wheat_seeds":2,"ms:food/green_tulip_seeds":1,"minecraft:grass_block":1,"minecraft:stick":2,"ms:food/black_tulip_seeds":2,"minecraft:cornflower":2,"minecraft:wooden_pickaxe":1,"minecraft:white_wool":1,"minecraft:bone":1},"minecraft:killed_by":{"minecraft:skeleton":1},"minecraft:used":{"minecraft:stone_sword":62,"minecraft:stone_shovel":31,"minecraft:chest":1,"minecraft:wooden_pickaxe":38,"minecraft:dirt":43,"minecraft:crafting_table":4,"minecraft:white_bed":1,"minecraft:grass_block":1,"minecraft:stone_axe":219,"alexsmobs:animal_dictionary":4,"ms:chest/cherry":1,"minecraft:cooked_beef":4},"minecraft:custom":{"minecraft:interact_with_furnace":6,"minecraft:mob_kills":6,"minecraft:interact_with_crafting_table":9,"minecraft:time_since_death":32643,"minecraft:sleep_in_bed":2,"minecraft:climb_one_cm":135,"minecraft:time_since_rest":13997,"minecraft:sprint_one_cm":183297,"minecraft:damage_taken":622,"minecraft:walk_one_cm":340339,"minecraft:drop":12,"minecraft:damage_dealt":958,"minecraft:swim_one_cm":7601,"minecraft:fly_one_cm":19637,"minecraft:open_chest":8,"minecraft:play_time":65631,"tombstone:undead_killed":3,"minecraft:deaths":1,"minecraft:walk_under_water_one_cm":2984,"minecraft:jump":448,"minecraft:walk_on_water_one_cm":13848,"minecraft:total_world_time":65631,"minecraft:fall_one_cm":5267}},"DataVersion":3337}