{"stats":{"minecraft:broken":{"minecraft:stone_axe":1},"minecraft:picked_up":{"ms:food/lettuce_seeds":1,"minecraft:crafting_table":2,"ms:food/rice_seeds":1,"ms:food/black_tulip_seeds":1,"minecraft:leather":2,"ms:food/raspberry":6,"ms:nature/cherry_log":4,"ms:food/salt":17,"minecraft:oak_log":11,"minecraft:cornflower":4,"minecraft:dirt":9,"ms:nature/maple_planks":10,"ms:food/raw_calamari":2,"ms:food/vanilla_seeds":1,"minecraft:bone":1,"chococraft:gysahl_green":14,"minecraft:wheat_seeds":2,"ms:food/white_tulip_seeds":1,"minecraft:beef":5,"ms:nature/maple_log":6,"minecraft:sugar_cane":25,"ms:food/lime_tulip_seeds":2,"ms:food/green_tulip_seeds":1,"minecraft:stick":2,"minecraft:pumpkin":7,"ms:food/tomato_seeds":2,"chococraft:gysahl_green_seeds":6,"minecraft:ink_sac":1,"minecraft:dark_oak_log":102,"minecraft:arrow":2,"ms:food/yellow_tulip_seeds":1,"ms:food/blue_tulip_seeds":2,"ms:berries/raspberry":7,"ms:nature/maple_sapling":1,"ms:nature/tigerwood_log":8,"minecraft:white_wool":2,"minecraft:cobblestone":20},"minecraft:crafted":{"minecraft:cooked_beef":4,"ms:nature/cherry_planks":16,"minecraft:crafting_table":1,"minecraft:wooden_pickaxe":1,"minecraft:stone_axe":1,"ms:nature/maple_planks":24,"minecraft:stick":8,"minecraft:stone_pickaxe":1,"minecraft:stone_sword":1,"minecraft:white_bed":1},"minecraft:killed":{"minecraft:skeleton":1,"minecraft:zombie":2,"minecraft:cow":3},"minecraft:mined":{"ms:berries/raspberry":6,"ms:nature/tigerwood_log":8,"minecraft:dark_oak_leaves":2,"minecraft:dark_oak_log":111,"minecraft:crafting_table":2,"minecraft:cornflower":2,"minecraft:grass_block":7,"ms:nature/pink_cherry_leaves":1,"minecraft:sugar_cane":9,"ms:ore/salty_sand":9,"ms:plant/grass":11,"ms:nature/cherry_log":4,"ms:nature/maple_log":6,"minecraft:pumpkin":7,"minecraft:grass":17,"chococraft:gysahl_green":6,"minecraft:oak_log":11,"minecraft:vine":1,"minecraft:dirt":4,"minecraft:red_mushroom_block":2,"minecraft:stone":20,"minecraft:oak_leaves":4},"minecraft:dropped":{"ms:food/tomato_seeds":1,"minecraft:wheat_seeds":2,"ms:food/green_tulip_seeds":1,"ms:food/black_tulip_seeds":1,"minecraft:cornflower":2,"minecraft:white_wool":1,"minecraft:bone":1},"minecraft:killed_by":{"minecraft:skeleton":1},"minecraft:used":{"minecraft:stone_sword":57,"minecraft:wooden_pickaxe":38,"minecraft:dirt":7,"minecraft:crafting_table":2,"minecraft:white_bed":1,"minecraft:stone_axe":136,"alexsmobs:animal_dictionary":4,"minecraft:cooked_beef":4},"minecraft:custom":{"minecraft:interact_with_furnace":6,"minecraft:mob_kills":6,"minecraft:interact_with_crafting_table":5,"minecraft:time_since_death":8643,"minecraft:sleep_in_bed":1,"minecraft:climb_one_cm":135,"minecraft:time_since_rest":7780,"minecraft:sprint_one_cm":157120,"minecraft:damage_taken":530,"minecraft:walk_one_cm":207762,"minecraft:drop":7,"minecraft:damage_dealt":890,"minecraft:swim_one_cm":7601,"minecraft:fly_one_cm":18620,"minecraft:open_chest":4,"minecraft:play_time":41631,"tombstone:undead_killed":3,"minecraft:deaths":1,"minecraft:walk_under_water_one_cm":2984,"minecraft:jump":360,"minecraft:walk_on_water_one_cm":13707,"minecraft:total_world_time":41631,"minecraft:fall_one_cm":3016}},"DataVersion":3337}