{"stats":{"minecraft:broken":{"minecraft:stone_axe":2,"minecraft:stone_shovel":1},"minecraft:picked_up":{"ms:food/lettuce_seeds":3,"minecraft:crafting_table":2,"ms:nature/cherry_planks":4,"ms:food/cyan_tulip_seeds":4,"ms:food/black_tulip_seeds":7,"ms:food/raspberry":6,"ms:nature/cherry_log":4,"minecraft:cornflower":4,"ms:nature/maple_planks":10,"ms:food/red_tulip_seeds":2,"minecraft:beef":5,"ms:nature/maple_log":6,"minecraft:sugar_cane":25,"ms:food/light_grey_tulip_seeds":3,"minecraft:birch_sapling":1,"minecraft:dark_oak_sapling":3,"minecraft:stick":4,"ms:food/purple_tulip_seeds":1,"ms:food/grey_tulip_seeds":2,"ms:food/tomato_seeds":3,"minecraft:dark_oak_planks":8,"minecraft:arrow":4,"minecraft:rotten_flesh":4,"ms:berries/raspberry":7,"minecraft:nether_bricks":4,"ms:nature/maple_sapling":1,"ms:nature/tigerwood_log":8,"minecraft:oxeye_daisy":4,"ms:food/pink_tulip_seeds":2,"minecraft:white_wool":2,"minecraft:cobblestone":30,"minecraft:birch_log":53,"ms:food/rice_seeds":3,"ms:berries/blackberry":28,"ms:armor/bronze_helmet":1,"minecraft:leather":2,"ms:berries/gooseberry":4,"ms:food/brown_tulip_seeds":4,"minecraft:birch_planks":5,"ms:food/salt":17,"minecraft:oak_log":17,"ms:food/corn_seeds":4,"minecraft:dirt":187,"ms:food/raw_calamari":2,"ms:food/blackberry":21,"ms:food/vanilla_seeds":3,"minecraft:bone":1,"chococraft:gysahl_green":14,"minecraft:apple":1,"minecraft:wheat_seeds":28,"ms:food/white_tulip_seeds":3,"ms:food/strawberry_seeds":7,"ms:food/gooseberry":4,"ms:food/lime_tulip_seeds":7,"ms:food/green_tulip_seeds":2,"ms:gem/onyx":3,"minecraft:pumpkin":7,"ms:food/light_blue_tulip_seeds":2,"minecraft:gravel":1,"minecraft:birch_stairs":3,"chococraft:gysahl_green_seeds":6,"minecraft:ink_sac":1,"minecraft:white_bed":1,"minecraft:grass_block":2,"minecraft:dark_oak_log":204,"ms:food/magenta_tulip_seeds":2,"ms:food/onion_seeds":2,"ms:food/orange_tulip_seeds":4,"minecraft:stone_axe":1,"ms:food/bell_pepper_seeds":3,"ms:food/yellow_tulip_seeds":5,"ms:food/blue_tulip_seeds":4},"minecraft:crafted":{"minecraft:oak_planks":44,"minecraft:stone_shovel":1,"ms:chest/cherry":1,"ms:nature/maple_planks":24,"minecraft:stone_pickaxe":1,"minecraft:chest":2,"ms:nature/tigerwood_planks":32,"minecraft:dark_oak_planks":192,"minecraft:cooked_beef":4,"ms:nature/cherry_planks":16,"minecraft:crafting_table":3,"minecraft:wooden_pickaxe":1,"minecraft:birch_planks":132,"minecraft:stone_axe":3,"minecraft:stick":12,"minecraft:stone_sword":1,"minecraft:white_bed":1,"minecraft:birch_stairs":20},"minecraft:killed":{"minecraft:skeleton":1,"minecraft:creeper":1,"minecraft:zombie":3,"minecraft:cow":3},"minecraft:mined":{"minecraft:dark_oak_planks":8,"minecraft:white_bed":1,"minecraft:dark_oak_leaves":11,"minecraft:dark_oak_log":193,"ms:nature/silverbell_leaves":1,"minecraft:grass_block":144,"ms:nature/pink_cherry_leaves":1,"ms:ore/salty_sand":9,"ms:plant/grass":77,"minecraft:oxeye_daisy":2,"ms:berries/blackberry":22,"ms:nature/maple_log":6,"minecraft:pumpkin":7,"chococraft:gysahl_green":6,"minecraft:vine":1,"minecraft:stone":29,"ms:ore/onyx":3,"ms:berries/raspberry":6,"minecraft:birch_stairs":3,"ms:nature/tigerwood_log":8,"ms:nature/yellow_maple_leaves":3,"minecraft:crafting_table":2,"minecraft:cornflower":2,"minecraft:tall_grass":13,"minecraft:cobblestone":1,"minecraft:sugar_cane":9,"minecraft:birch_planks":2,"ms:berries/gooseberry":8,"minecraft:birch_log":54,"ms:nature/cherry_log":4,"minecraft:birch_leaves":1,"minecraft:grass":184,"minecraft:oak_log":17,"minecraft:gravel":1,"minecraft:dirt":49,"minecraft:red_mushroom_block":2,"minecraft:oak_leaves":4},"minecraft:dropped":{"minecraft:birch_planks":3,"minecraft:wheat_seeds":3,"minecraft:grass_block":1,"minecraft:stick":2,"minecraft:oxeye_daisy":2,"minecraft:cornflower":2,"minecraft:white_wool":1,"minecraft:bone":1,"ms:food/tomato_seeds":1,"minecraft:stone_axe":1,"ms:food/green_tulip_seeds":1,"ms:food/black_tulip_seeds":2,"minecraft:wooden_pickaxe":1},"minecraft:killed_by":{"minecraft:skeleton":1,"minecraft:zombie":1},"minecraft:custom":{"minecraft:mob_kills":9,"minecraft:interact_with_crafting_table":16,"minecraft:leave_game":1,"minecraft:time_since_death":1947,"minecraft:climb_one_cm":135,"minecraft:sprint_one_cm":252784,"minecraft:walk_one_cm":556448,"minecraft:drop":18,"minecraft:play_time":131393,"minecraft:deaths":2,"minecraft:sneak_time":1270,"minecraft:walk_under_water_one_cm":3729,"minecraft:jump":669,"minecraft:walk_on_water_one_cm":16887,"minecraft:total_world_time":131393,"minecraft:interact_with_furnace":7,"minecraft:sleep_in_bed":6,"minecraft:time_since_rest":1987,"minecraft:damage_taken":857,"minecraft:damage_dealt":1599,"minecraft:swim_one_cm":7601,"minecraft:fly_one_cm":27118,"minecraft:open_chest":20,"minecraft:crouch_one_cm":3241,"tombstone:undead_killed":4,"minecraft:fall_one_cm":7569},"minecraft:used":{"minecraft:stone_sword":97,"minecraft:stone_shovel":141,"minecraft:chest":2,"minecraft:dirt":99,"minecraft:dark_oak_planks":79,"minecraft:grass_block":1,"ms:food/raspberry":3,"minecraft:beef":1,"ms:food/gooseberry":4,"tombstone:gift":2,"minecraft:cooked_beef":4,"minecraft:birch_planks":86,"minecraft:stone_pickaxe":15,"minecraft:wooden_pickaxe":38,"minecraft:crafting_table":4,"minecraft:white_bed":1,"ms:food/blackberry":21,"minecraft:oxeye_daisy":2,"minecraft:stone_axe":293,"chococraft:gysahl_green":5,"alexsmobs:animal_dictionary":4,"ms:chest/cherry":1,"minecraft:birch_stairs":18}},"DataVersion":3337}