{"stats":{"minecraft:killed":{"minecraft:spider":1,"minecraft:skeleton":1,"minecraft:creeper":1,"minecraft:sheep":1,"minecraft:zombie":7,"minecraft:cow":3},"minecraft:killed_by":{"minecraft:creeper":1,"minecraft:skeleton":1,"minecraft:zombie":2,"alexsmobs:komodo_dragon":1},"minecraft:dropped":{"minecraft:iron_ingot":3,"minecraft:birch_planks":3,"minecraft:wheat_seeds":3,"ms:armor/bronze_helmet":1,"ms:nature/tigerwood_planks":14,"ms:food/bell_pepper_seeds":1,"minecraft:dark_oak_sapling":3,"minecraft:dark_oak_slab":5,"measurements:tape_measure":1,"minecraft:grass_block":1,"minecraft:stick":3,"minecraft:oxeye_daisy":2,"ms:food/orange_tulip_seeds":1,"minecraft:dark_oak_log":14,"minecraft:cornflower":2,"ms:berries/gooseberry":4,"minecraft:pumpkin":7,"minecraft:birch_stairs":5,"minecraft:white_wool":2,"minecraft:bone":1,"ms:food/tomato_seeds":1,"ms:food/salt":17,"minecraft:stone_axe":1,"ms:berries/raspberry":7,"minecraft:birch_sapling":5,"ms:food/green_tulip_seeds":1,"ms:food/white_tulip_seeds":1,"ms:food/black_tulip_seeds":2,"minecraft:gunpowder":13,"minecraft:andesite":1,"minecraft:wooden_pickaxe":1,"chococraft:gysahl_green":1},"minecraft:crafted":{"minecraft:brick":20,"ms:boat/tigerwood_boat":1,"ms:gem/mithril_ingot":6,"minecraft:smooth_stone":3,"ms:chest/tigerwood":2,"minecraft:oak_planks":68,"minecraft:stone_shovel":1,"minecraft:iron_nugget":45,"minecraft:birch_slab":6,"minecraft:furnace":5,"minecraft:blast_furnace":1,"minecraft:stone":10,"ms:chest/cherry":1,"ms:nature/maple_planks":24,"minecraft:lantern":5,"minecraft:dark_oak_door":3,"minecraft:glass":74,"ms:gem/turquoise_ingot":8,"ms:table/dark_oak_table":3,"minecraft:stone_pickaxe":1,"minecraft:chest":2,"ms:nature/tigerwood_planks":32,"minecraft:birch_door":3,"minecraft:dark_oak_planks":192,"minecraft:flower_pot":3,"minecraft:cooked_beef":4,"ms:nature/cherry_planks":16,"ms:seat/dark_oak_chair":2,"ms:gem/cobalt_ingot":15,"minecraft:crafting_table":5,"minecraft:wooden_pickaxe":1,"minecraft:iron_sword":1,"minecraft:bucket":6,"minecraft:birch_planks":480,"minecraft:stone_axe":4,"minecraft:air":0,"ms:vertical/dark_oak":12,"minecraft:dark_oak_slab":66,"minecraft:charcoal":67,"minecraft:birch_fence":18,"minecraft:stick":64,"minecraft:iron_ingot":40,"minecraft:iron_pickaxe":2,"minecraft:stone_sword":2,"ms:gem/chromite_ingot":3,"minecraft:iron_shovel":1,"minecraft:white_bed":1,"minecraft:torch":64,"minecraft:birch_stairs":32,"ms:chest/maple":1,"minecraft:shears":1},"minecraft:used":{"minecraft:stone_sword":137,"minecraft:iron_shovel":222,"ms:chest/tigerwood":2,"minecraft:stone_shovel":141,"minecraft:chest":4,"minecraft:iron_sword":37,"minecraft:torch":14,"minecraft:dirt":211,"minecraft:glass":47,"minecraft:birch_door":9,"minecraft:dark_oak_planks":196,"minecraft:lantern":4,"minecraft:grass_block":1,"minecraft:dark_oak_slab":59,"ms:ore/chromite":1,"ms:food/raspberry":13,"minecraft:beef":1,"ms:boat/tigerwood_boat":1,"minecraft:furnace":4,"ms:food/gooseberry":4,"tombstone:gift":4,"minecraft:cooked_beef":4,"ms:chest/maple":1,"minecraft:birch_planks":296,"minecraft:stone_pickaxe":72,"minecraft:wooden_pickaxe":38,"ms:tool/onyx_sword":9,"minecraft:crafting_table":10,"minecraft:blast_furnace":1,"minecraft:white_bed":3,"ms:seat/dark_oak_chair":3,"minecraft:shears":40,"minecraft:dark_oak_door":3,"minecraft:birch_fence":16,"minecraft:flower_pot":1,"minecraft:apple":1,"ms:food/blackberry":21,"minecraft:oxeye_daisy":2,"minecraft:birch_slab":4,"ms:table/dark_oak_table":1,"minecraft:iron_pickaxe":361,"minecraft:stone_axe":520,"chococraft:gysahl_green":13,"alexsmobs:animal_dictionary":4,"ms:chest/cherry":1,"minecraft:birch_stairs":48},"minecraft:custom":{"minecraft:mob_kills":16,"minecraft:interact_with_crafting_table":76,"minecraft:leave_game":2,"minecraft:time_since_death":26296,"minecraft:climb_one_cm":135,"minecraft:sprint_one_cm":442816,"minecraft:walk_one_cm":1173114,"minecraft:drop":40,"minecraft:play_time":318101,"minecraft:deaths":6,"minecraft:sneak_time":1492,"minecraft:walk_under_water_one_cm":9165,"minecraft:boat_one_cm":7508,"minecraft:jump":1516,"minecraft:interact_with_blast_furnace":6,"minecraft:walk_on_water_one_cm":38034,"minecraft:total_world_time":318101,"minecraft:interact_with_furnace":75,"minecraft:sleep_in_bed":9,"minecraft:time_since_rest":12002,"minecraft:damage_taken":2119,"minecraft:damage_dealt":3023,"minecraft:swim_one_cm":12880,"minecraft:fly_one_cm":55220,"minecraft:open_chest":71,"minecraft:crouch_one_cm":3312,"tombstone:undead_killed":8,"minecraft:fall_one_cm":17716},"minecraft:mined":{"minecraft:dark_oak_planks":58,"minecraft:white_bed":2,"minecraft:dark_oak_leaves":11,"minecraft:jungle_leaves":1,"minecraft:dark_oak_log":193,"ms:nature/silverbell_leaves":1,"minecraft:granite":2,"ms:ore/turquoise":8,"minecraft:grass_block":219,"minecraft:birch_slab":2,"ms:stone/marble":153,"ms:nature/pink_cherry_leaves":23,"ms:ore/salty_sand":21,"ms:plant/grass":86,"minecraft:oxeye_daisy":2,"ms:ore/amazonite":5,"ms:stone/peridotite":1,"minecraft:iron_ore":41,"minecraft:fire":9,"ms:berries/blackberry":35,"minecraft:andesite":3,"ms:nature/maple_log":6,"minecraft:pumpkin":7,"chococraft:gysahl_green":6,"minecraft:vine":9,"ms:ore/opal":1,"minecraft:lantern":2,"ms:ore/chromite":3,"minecraft:stone":85,"ms:ore/ruby":2,"ms:ore/onyx":8,"ms:ore/white_opal":4,"ms:berries/raspberry":16,"minecraft:birch_stairs":19,"ms:nature/tigerwood_log":8,"ms:ore/olivine":5,"ms:ore/cobalt":16,"minecraft:lily_of_the_valley":5,"ms:nature/yellow_maple_leaves":3,"minecraft:clay":13,"minecraft:crafting_table":6,"minecraft:cornflower":2,"minecraft:chest":2,"ms:ore/citrine":9,"minecraft:tall_grass":13,"minecraft:cobblestone":1,"ms:seat/dark_oak_chair":1,"ms:ore/sapphire":8,"minecraft:sugar_cane":9,"ms:ore/silver":8,"rftoolsbase:dimensionalshard_overworld":1,"minecraft:birch_planks":27,"ms:berries/gooseberry":8,"minecraft:dark_oak_slab":3,"ms:ore/mithril":10,"ms:nature/white_cherry_leaves":5,"minecraft:birch_log":166,"minecraft:lilac":10,"ms:nature/cherry_log":4,"minecraft:birch_leaves":1,"minecraft:birch_door":9,"minecraft:grass":201,"minecraft:coal_ore":72,"minecraft:oak_log":17,"minecraft:flower_pot":1,"minecraft:gravel":1,"minecraft:sand":76,"minecraft:dirt":135,"minecraft:red_mushroom_block":2,"minecraft:oak_leaves":8,"minecraft:birch_fence":1},"minecraft:broken":{"minecraft:stone_sword":1,"minecraft:stone_axe":3,"minecraft:iron_pickaxe":1,"minecraft:stone_shovel":1},"minecraft:picked_up":{"minecraft:flower_pot":1,"ms:food/lettuce_seeds":5,"minecraft:crafting_table":6,"minecraft:birch_door":8,"minecraft:wheat":1,"minecraft:clay_ball":52,"ms:nature/cherry_planks":4,"ms:ore/turquoise":8,"ms:food/cyan_tulip_seeds":9,"ms:food/black_tulip_seeds":13,"ms:food/raspberry":13,"ms:nature/cherry_log":4,"minecraft:cornflower":4,"minecraft:string":2,"ms:nature/maple_planks":10,"ms:gem/citrine":9,"ms:food/red_tulip_seeds":5,"minecraft:birch_fence":1,"ms:gem/sapphire":7,"minecraft:beef":5,"ms:nature/maple_log":6,"ms:food/light_grey_tulip_seeds":7,"minecraft:sugar_cane":25,"minecraft:chest":2,"minecraft:birch_sapling":11,"minecraft:raw_iron":40,"minecraft:dark_oak_sapling":9,"ms:food/purple_tulip_seeds":2,"minecraft:stick":9,"ms:food/grey_tulip_seeds":4,"ms:ore/cobalt":15,"ms:food/tomato_seeds":4,"minecraft:carrot":1,"ms:tool/onyx_sword":1,"measurements:tape_measure":1,"minecraft:dark_oak_planks":59,"ms:seat/dark_oak_chair":1,"ms:ore/silver":8,"minecraft:arrow":6,"minecraft:rotten_flesh":11,"ms:berries/raspberry":14,"minecraft:nether_bricks":4,"ms:gem/amazonite":6,"ms:nature/maple_sapling":1,"ms:ore/chromite":4,"ms:stone/peridotite":1,"ms:nature/tigerwood_log":8,"minecraft:oxeye_daisy":4,"ms:food/pink_tulip_seeds":4,"minecraft:white_wool":4,"minecraft:cobblestone":86,"minecraft:birch_log":165,"minecraft:lilac":8,"ms:food/rice_seeds":6,"minecraft:birch_slab":2,"ms:berries/blackberry":52,"minecraft:andesite":1,"ms:armor/bronze_helmet":3,"minecraft:leather":2,"ms:berries/gooseberry":12,"ms:food/brown_tulip_seeds":8,"minecraft:birch_planks":33,"ms:food/salt":75,"ms:nature/silverbell_log":6,"minecraft:oak_log":23,"ms:food/corn_seeds":8,"minecraft:gunpowder":26,"ms:gem/ruby":2,"minecraft:dirt":379,"minecraft:lantern":2,"ms:food/raw_calamari":4,"ms:food/blackberry":38,"ms:gem/opal":1,"ms:food/vanilla_seeds":5,"rftoolsbase:dimensionalshard":4,"minecraft:bone":6,"chococraft:gysahl_green":14,"minecraft:apple":1,"ms:stone/marble":151,"minecraft:wheat_seeds":57,"ms:food/white_tulip_seeds":6,"ms:food/strawberry_seeds":12,"minecraft:iron_ingot":3,"ms:food/gooseberry":4,"ms:food/lime_tulip_seeds":14,"ms:nature/silverbell_sapling":2,"ms:food/green_tulip_seeds":4,"ms:gem/onyx":8,"minecraft:dark_oak_slab":9,"minecraft:pumpkin":21,"ms:gem/olivine":6,"ms:food/light_blue_tulip_seeds":5,"minecraft:gravel":2,"minecraft:birch_stairs":29,"minecraft:sand":74,"ms:gem/white_opal":4,"ms:ore/mithril":10,"minecraft:grass_block":2,"chococraft:gysahl_green_seeds":6,"minecraft:ink_sac":3,"minecraft:white_bed":2,"minecraft:lily_of_the_valley":4,"minecraft:dark_oak_log":232,"ms:tool/amethyst_sword":2,"ms:food/magenta_tulip_seeds":4,"ms:food/onion_seeds":4,"ms:food/orange_tulip_seeds":10,"ms:food/yellow_tulip_seeds":10,"ms:food/bell_pepper_seeds":7,"minecraft:stone_axe":1,"ms:food/blue_tulip_seeds":5,"minecraft:granite":2,"ms:nature/tigerwood_planks":28,"minecraft:coal":72,"minecraft:oak_leaves":4}},"DataVersion":3337}