{"stats":{"minecraft:killed":{"minecraft:skeleton":1,"minecraft:creeper":1,"minecraft:sheep":1,"minecraft:zombie":6,"minecraft:cow":3},"minecraft:killed_by":{"minecraft:creeper":1,"minecraft:skeleton":1,"minecraft:zombie":2},"minecraft:dropped":{"minecraft:iron_ingot":3,"minecraft:birch_planks":3,"minecraft:wheat_seeds":3,"ms:armor/bronze_helmet":1,"ms:nature/tigerwood_planks":14,"ms:food/bell_pepper_seeds":1,"minecraft:dark_oak_sapling":3,"minecraft:dark_oak_slab":5,"measurements:tape_measure":1,"minecraft:grass_block":1,"minecraft:stick":3,"minecraft:oxeye_daisy":2,"minecraft:dark_oak_log":14,"minecraft:cornflower":2,"ms:berries/gooseberry":4,"minecraft:pumpkin":7,"minecraft:birch_stairs":5,"minecraft:white_wool":2,"minecraft:bone":1,"ms:food/tomato_seeds":1,"ms:food/salt":17,"minecraft:stone_axe":1,"ms:berries/raspberry":7,"minecraft:birch_sapling":5,"ms:food/green_tulip_seeds":1,"ms:food/white_tulip_seeds":1,"ms:food/black_tulip_seeds":2,"minecraft:gunpowder":13,"minecraft:andesite":1,"minecraft:wooden_pickaxe":1,"chococraft:gysahl_green":1},"minecraft:crafted":{"minecraft:smooth_stone":3,"ms:chest/tigerwood":2,"minecraft:oak_planks":68,"minecraft:stone_shovel":1,"minecraft:birch_slab":6,"minecraft:furnace":4,"minecraft:stone":10,"ms:chest/cherry":1,"ms:nature/maple_planks":24,"minecraft:dark_oak_door":3,"minecraft:glass":16,"ms:table/dark_oak_table":3,"minecraft:stone_pickaxe":1,"minecraft:chest":2,"ms:nature/tigerwood_planks":32,"minecraft:birch_door":3,"minecraft:dark_oak_planks":192,"minecraft:cooked_beef":4,"ms:nature/cherry_planks":16,"ms:seat/dark_oak_chair":2,"minecraft:crafting_table":4,"minecraft:wooden_pickaxe":1,"minecraft:iron_sword":1,"minecraft:birch_planks":340,"minecraft:stone_axe":4,"ms:vertical/dark_oak":12,"minecraft:dark_oak_slab":66,"minecraft:charcoal":36,"minecraft:birch_fence":18,"minecraft:stick":64,"minecraft:iron_ingot":32,"minecraft:iron_pickaxe":2,"minecraft:stone_sword":2,"minecraft:iron_shovel":1,"minecraft:white_bed":1,"minecraft:torch":56,"minecraft:birch_stairs":24,"ms:chest/maple":1},"minecraft:used":{"minecraft:stone_sword":137,"minecraft:iron_shovel":109,"ms:chest/tigerwood":2,"minecraft:stone_shovel":141,"minecraft:chest":4,"minecraft:iron_sword":24,"minecraft:torch":14,"minecraft:dirt":192,"minecraft:glass":6,"minecraft:birch_door":9,"minecraft:dark_oak_planks":146,"minecraft:grass_block":1,"minecraft:dark_oak_slab":53,"ms:ore/chromite":1,"ms:food/raspberry":13,"minecraft:beef":1,"minecraft:furnace":4,"ms:food/gooseberry":4,"tombstone:gift":4,"minecraft:cooked_beef":4,"ms:chest/maple":1,"minecraft:birch_planks":227,"minecraft:stone_pickaxe":71,"minecraft:wooden_pickaxe":38,"ms:tool/onyx_sword":9,"minecraft:crafting_table":9,"minecraft:white_bed":3,"ms:seat/dark_oak_chair":2,"minecraft:dark_oak_door":3,"minecraft:birch_fence":16,"minecraft:apple":1,"ms:food/blackberry":21,"minecraft:oxeye_daisy":2,"minecraft:birch_slab":4,"ms:table/dark_oak_table":1,"minecraft:iron_pickaxe":359,"minecraft:stone_axe":487,"chococraft:gysahl_green":13,"alexsmobs:animal_dictionary":4,"ms:chest/cherry":1,"minecraft:birch_stairs":42},"minecraft:custom":{"minecraft:mob_kills":14,"minecraft:interact_with_crafting_table":67,"minecraft:leave_game":2,"minecraft:time_since_death":8299,"minecraft:climb_one_cm":135,"minecraft:sprint_one_cm":373010,"minecraft:walk_one_cm":982897,"minecraft:drop":39,"minecraft:play_time":270101,"minecraft:deaths":4,"minecraft:sneak_time":1492,"minecraft:walk_under_water_one_cm":5776,"minecraft:jump":1327,"minecraft:walk_on_water_one_cm":27249,"minecraft:total_world_time":270101,"minecraft:interact_with_furnace":44,"minecraft:sleep_in_bed":8,"minecraft:time_since_rest":8387,"minecraft:damage_taken":1484,"minecraft:damage_dealt":2804,"minecraft:swim_one_cm":12880,"minecraft:fly_one_cm":42120,"minecraft:open_chest":50,"minecraft:crouch_one_cm":3312,"tombstone:undead_killed":7,"minecraft:fall_one_cm":15456},"minecraft:mined":{"minecraft:dark_oak_planks":33,"minecraft:white_bed":2,"minecraft:dark_oak_leaves":11,"minecraft:dark_oak_log":193,"ms:nature/silverbell_leaves":1,"minecraft:granite":2,"ms:ore/turquoise":8,"minecraft:grass_block":213,"minecraft:birch_slab":2,"ms:stone/marble":153,"ms:nature/pink_cherry_leaves":1,"ms:ore/salty_sand":9,"ms:plant/grass":84,"minecraft:oxeye_daisy":2,"ms:ore/amazonite":5,"ms:stone/peridotite":1,"minecraft:iron_ore":41,"minecraft:fire":9,"ms:berries/blackberry":22,"minecraft:andesite":3,"ms:nature/maple_log":6,"minecraft:pumpkin":7,"chococraft:gysahl_green":6,"minecraft:vine":1,"ms:ore/opal":1,"ms:ore/chromite":3,"minecraft:stone":85,"ms:ore/ruby":2,"ms:ore/onyx":8,"ms:ore/white_opal":4,"ms:berries/raspberry":16,"minecraft:birch_stairs":18,"ms:nature/tigerwood_log":8,"ms:ore/olivine":5,"ms:ore/cobalt":16,"minecraft:lily_of_the_valley":5,"ms:nature/yellow_maple_leaves":3,"minecraft:crafting_table":5,"minecraft:cornflower":2,"minecraft:chest":2,"ms:ore/citrine":9,"minecraft:tall_grass":13,"minecraft:cobblestone":1,"ms:ore/sapphire":8,"minecraft:sugar_cane":9,"ms:ore/silver":8,"rftoolsbase:dimensionalshard_overworld":1,"minecraft:birch_planks":22,"ms:berries/gooseberry":8,"minecraft:dark_oak_slab":1,"ms:ore/mithril":10,"minecraft:birch_log":166,"minecraft:lilac":10,"ms:nature/cherry_log":4,"minecraft:birch_leaves":1,"minecraft:birch_door":9,"minecraft:grass":194,"minecraft:coal_ore":72,"minecraft:oak_log":17,"minecraft:gravel":1,"minecraft:sand":18,"minecraft:dirt":119,"minecraft:red_mushroom_block":2,"minecraft:oak_leaves":4,"minecraft:birch_fence":1},"minecraft:broken":{"minecraft:stone_sword":1,"minecraft:stone_axe":3,"minecraft:iron_pickaxe":1,"minecraft:stone_shovel":1},"minecraft:picked_up":{"ms:food/lettuce_seeds":5,"minecraft:crafting_table":5,"minecraft:birch_door":8,"minecraft:wheat":1,"ms:nature/cherry_planks":4,"ms:ore/turquoise":8,"ms:food/cyan_tulip_seeds":8,"ms:food/black_tulip_seeds":13,"ms:food/raspberry":13,"ms:nature/cherry_log":4,"minecraft:cornflower":4,"ms:nature/maple_planks":10,"ms:gem/citrine":9,"ms:food/red_tulip_seeds":4,"minecraft:birch_fence":1,"ms:gem/sapphire":7,"minecraft:beef":5,"ms:nature/maple_log":6,"ms:food/light_grey_tulip_seeds":7,"minecraft:sugar_cane":25,"minecraft:chest":2,"minecraft:birch_sapling":11,"minecraft:raw_iron":40,"minecraft:dark_oak_sapling":9,"ms:food/purple_tulip_seeds":2,"minecraft:stick":9,"ms:food/grey_tulip_seeds":4,"ms:ore/cobalt":15,"ms:food/tomato_seeds":4,"ms:tool/onyx_sword":1,"measurements:tape_measure":1,"minecraft:dark_oak_planks":36,"ms:ore/silver":8,"minecraft:arrow":6,"minecraft:rotten_flesh":10,"ms:berries/raspberry":14,"minecraft:nether_bricks":4,"ms:gem/amazonite":6,"ms:nature/maple_sapling":1,"ms:ore/chromite":4,"ms:stone/peridotite":1,"ms:nature/tigerwood_log":8,"minecraft:oxeye_daisy":4,"ms:food/pink_tulip_seeds":4,"minecraft:white_wool":4,"minecraft:cobblestone":86,"minecraft:birch_log":165,"minecraft:lilac":8,"ms:food/rice_seeds":6,"minecraft:birch_slab":2,"ms:berries/blackberry":34,"minecraft:andesite":1,"ms:armor/bronze_helmet":3,"minecraft:leather":2,"ms:berries/gooseberry":12,"ms:food/brown_tulip_seeds":8,"minecraft:birch_planks":28,"ms:food/salt":51,"ms:nature/silverbell_log":6,"minecraft:oak_log":23,"ms:food/corn_seeds":8,"minecraft:gunpowder":26,"ms:gem/ruby":2,"minecraft:dirt":339,"ms:food/raw_calamari":2,"ms:food/blackberry":21,"ms:gem/opal":1,"ms:food/vanilla_seeds":5,"rftoolsbase:dimensionalshard":4,"minecraft:bone":6,"chococraft:gysahl_green":14,"minecraft:apple":1,"ms:stone/marble":151,"minecraft:wheat_seeds":54,"ms:food/white_tulip_seeds":6,"ms:food/strawberry_seeds":12,"minecraft:iron_ingot":3,"ms:food/gooseberry":4,"ms:food/lime_tulip_seeds":13,"ms:nature/silverbell_sapling":2,"ms:food/green_tulip_seeds":4,"ms:gem/onyx":8,"minecraft:dark_oak_slab":5,"minecraft:pumpkin":21,"ms:gem/olivine":6,"ms:food/light_blue_tulip_seeds":4,"minecraft:gravel":2,"minecraft:birch_stairs":28,"minecraft:sand":16,"ms:gem/white_opal":4,"ms:ore/mithril":10,"minecraft:grass_block":2,"chococraft:gysahl_green_seeds":6,"minecraft:ink_sac":1,"minecraft:white_bed":2,"minecraft:lily_of_the_valley":4,"minecraft:dark_oak_log":232,"ms:tool/amethyst_sword":2,"ms:food/magenta_tulip_seeds":4,"ms:food/onion_seeds":4,"ms:food/orange_tulip_seeds":8,"ms:food/yellow_tulip_seeds":10,"ms:food/bell_pepper_seeds":7,"minecraft:stone_axe":1,"ms:food/blue_tulip_seeds":5,"minecraft:granite":2,"ms:nature/tigerwood_planks":28,"minecraft:coal":72}},"DataVersion":3337}