{"stats":{"minecraft:picked_up":{"minecraft:stick":2,"ms:nature/maple_log":6,"ms:nature/maple_sapling":1,"ms:nature/cherry_log":4},"minecraft:mined":{"ms:nature/cherry_log":4,"ms:nature/pink_cherry_leaves":1,"ms:nature/maple_log":6},"minecraft:used":{"alexsmobs:animal_dictionary":2},"minecraft:custom":{"minecraft:jump":29,"minecraft:open_chest":1,"minecraft:time_since_rest":5631,"minecraft:walk_on_water_one_cm":338,"minecraft:sprint_one_cm":27246,"minecraft:play_time":5631,"minecraft:time_since_death":5631,"minecraft:walk_one_cm":24029,"minecraft:total_world_time":5631,"minecraft:walk_under_water_one_cm":152,"minecraft:swim_one_cm":673,"minecraft:fly_one_cm":1574}},"DataVersion":3337}