{"stats":{"minecraft:killed":{"minecraft:skeleton":1,"minecraft:creeper":1,"minecraft:zombie":5,"minecraft:cow":3},"minecraft:killed_by":{"minecraft:skeleton":1,"minecraft:zombie":1},"minecraft:dropped":{"minecraft:birch_planks":3,"minecraft:wheat_seeds":3,"ms:armor/bronze_helmet":1,"minecraft:dark_oak_sapling":3,"minecraft:grass_block":1,"minecraft:stick":3,"minecraft:oxeye_daisy":2,"minecraft:dark_oak_log":14,"minecraft:cornflower":2,"ms:berries/gooseberry":4,"minecraft:pumpkin":7,"minecraft:white_wool":1,"minecraft:bone":1,"ms:food/tomato_seeds":1,"ms:food/salt":17,"minecraft:stone_axe":1,"minecraft:birch_sapling":1,"ms:food/green_tulip_seeds":1,"ms:food/white_tulip_seeds":1,"ms:food/black_tulip_seeds":2,"minecraft:gunpowder":13,"minecraft:wooden_pickaxe":1},"minecraft:crafted":{"minecraft:oak_planks":68,"minecraft:stone_shovel":1,"minecraft:furnace":1,"ms:chest/cherry":1,"ms:nature/maple_planks":24,"minecraft:dark_oak_door":3,"minecraft:glass":9,"ms:table/dark_oak_table":3,"minecraft:stone_pickaxe":1,"minecraft:chest":2,"ms:nature/tigerwood_planks":32,"minecraft:birch_door":3,"minecraft:dark_oak_planks":192,"minecraft:cooked_beef":4,"ms:nature/cherry_planks":16,"ms:seat/dark_oak_chair":2,"minecraft:crafting_table":3,"minecraft:wooden_pickaxe":1,"minecraft:birch_planks":340,"minecraft:stone_axe":3,"ms:vertical/dark_oak":12,"minecraft:dark_oak_slab":54,"minecraft:birch_fence":18,"minecraft:stick":60,"minecraft:stone_sword":1,"minecraft:white_bed":1,"minecraft:birch_stairs":20},"minecraft:used":{"minecraft:stone_sword":137,"minecraft:stone_shovel":141,"minecraft:chest":4,"minecraft:dirt":112,"minecraft:glass":6,"minecraft:birch_door":9,"minecraft:dark_oak_planks":141,"minecraft:grass_block":1,"minecraft:dark_oak_slab":47,"ms:food/raspberry":3,"minecraft:beef":1,"minecraft:furnace":1,"ms:food/gooseberry":4,"tombstone:gift":2,"minecraft:cooked_beef":4,"minecraft:birch_planks":219,"minecraft:stone_pickaxe":16,"minecraft:wooden_pickaxe":38,"minecraft:crafting_table":7,"minecraft:white_bed":3,"ms:seat/dark_oak_chair":2,"minecraft:dark_oak_door":2,"minecraft:birch_fence":16,"ms:food/blackberry":21,"minecraft:oxeye_daisy":2,"ms:table/dark_oak_table":1,"minecraft:stone_axe":396,"chococraft:gysahl_green":5,"alexsmobs:animal_dictionary":4,"ms:chest/cherry":1,"minecraft:birch_stairs":31},"minecraft:custom":{"minecraft:mob_kills":11,"minecraft:interact_with_crafting_table":34,"minecraft:leave_game":2,"minecraft:time_since_death":50655,"minecraft:climb_one_cm":135,"minecraft:sprint_one_cm":298474,"minecraft:walk_one_cm":694475,"minecraft:drop":28,"minecraft:play_time":180101,"minecraft:deaths":2,"minecraft:sneak_time":1270,"minecraft:walk_under_water_one_cm":3729,"minecraft:jump":738,"minecraft:walk_on_water_one_cm":20831,"minecraft:total_world_time":180101,"minecraft:interact_with_furnace":14,"minecraft:sleep_in_bed":8,"minecraft:time_since_rest":933,"minecraft:damage_taken":954,"minecraft:damage_dealt":2083,"minecraft:swim_one_cm":7601,"minecraft:fly_one_cm":34043,"minecraft:open_chest":26,"minecraft:crouch_one_cm":3241,"tombstone:undead_killed":6,"minecraft:fall_one_cm":9135},"minecraft:mined":{"minecraft:dark_oak_planks":33,"minecraft:white_bed":2,"minecraft:dark_oak_leaves":11,"minecraft:dark_oak_log":193,"ms:nature/silverbell_leaves":1,"minecraft:grass_block":147,"ms:nature/pink_cherry_leaves":1,"ms:ore/salty_sand":9,"ms:plant/grass":78,"minecraft:oxeye_daisy":2,"ms:berries/blackberry":22,"ms:nature/maple_log":6,"minecraft:pumpkin":7,"chococraft:gysahl_green":6,"minecraft:vine":1,"minecraft:stone":29,"ms:ore/onyx":3,"ms:berries/raspberry":6,"minecraft:birch_stairs":12,"ms:nature/tigerwood_log":8,"ms:nature/yellow_maple_leaves":3,"minecraft:crafting_table":4,"minecraft:cornflower":2,"minecraft:chest":2,"minecraft:tall_grass":13,"minecraft:cobblestone":1,"minecraft:sugar_cane":9,"minecraft:birch_planks":12,"ms:berries/gooseberry":8,"minecraft:dark_oak_slab":1,"minecraft:birch_log":103,"ms:nature/cherry_log":4,"minecraft:birch_leaves":1,"minecraft:birch_door":8,"minecraft:grass":184,"minecraft:oak_log":17,"minecraft:gravel":1,"minecraft:sand":18,"minecraft:dirt":80,"minecraft:red_mushroom_block":2,"minecraft:oak_leaves":4,"minecraft:birch_fence":1},"minecraft:broken":{"minecraft:stone_sword":1,"minecraft:stone_axe":2,"minecraft:stone_shovel":1},"minecraft:picked_up":{"ms:food/lettuce_seeds":5,"minecraft:crafting_table":4,"minecraft:birch_door":8,"minecraft:wheat":1,"ms:nature/cherry_planks":4,"ms:food/cyan_tulip_seeds":8,"ms:food/black_tulip_seeds":12,"ms:food/raspberry":6,"ms:nature/cherry_log":4,"minecraft:cornflower":4,"ms:nature/maple_planks":10,"ms:food/red_tulip_seeds":3,"minecraft:birch_fence":1,"minecraft:beef":5,"ms:nature/maple_log":6,"ms:food/light_grey_tulip_seeds":7,"minecraft:sugar_cane":25,"minecraft:chest":2,"minecraft:birch_sapling":3,"minecraft:dark_oak_sapling":9,"ms:food/purple_tulip_seeds":2,"minecraft:stick":5,"ms:food/grey_tulip_seeds":4,"ms:food/tomato_seeds":4,"minecraft:dark_oak_planks":33,"minecraft:arrow":6,"minecraft:rotten_flesh":8,"ms:berries/raspberry":7,"minecraft:nether_bricks":4,"ms:nature/maple_sapling":1,"ms:ore/chromite":1,"ms:nature/tigerwood_log":8,"minecraft:oxeye_daisy":4,"ms:food/pink_tulip_seeds":4,"minecraft:white_wool":2,"minecraft:cobblestone":30,"minecraft:birch_log":102,"ms:food/rice_seeds":5,"ms:berries/blackberry":34,"ms:armor/bronze_helmet":3,"minecraft:leather":2,"ms:berries/gooseberry":12,"ms:food/brown_tulip_seeds":8,"minecraft:birch_planks":15,"ms:food/salt":51,"minecraft:oak_log":23,"ms:food/corn_seeds":8,"minecraft:gunpowder":26,"minecraft:dirt":221,"ms:food/raw_calamari":2,"ms:food/blackberry":21,"ms:food/vanilla_seeds":5,"minecraft:bone":6,"chococraft:gysahl_green":14,"minecraft:apple":1,"minecraft:wheat_seeds":52,"ms:food/white_tulip_seeds":6,"ms:food/strawberry_seeds":11,"ms:food/gooseberry":4,"ms:food/lime_tulip_seeds":12,"ms:food/green_tulip_seeds":3,"ms:gem/onyx":3,"minecraft:pumpkin":21,"ms:food/light_blue_tulip_seeds":4,"minecraft:gravel":1,"minecraft:birch_stairs":12,"minecraft:sand":16,"minecraft:grass_block":2,"chococraft:gysahl_green_seeds":6,"minecraft:ink_sac":1,"minecraft:white_bed":2,"minecraft:dark_oak_log":232,"ms:tool/amethyst_sword":2,"ms:food/magenta_tulip_seeds":4,"ms:food/onion_seeds":4,"ms:food/orange_tulip_seeds":8,"ms:food/yellow_tulip_seeds":9,"ms:food/bell_pepper_seeds":6,"minecraft:stone_axe":1,"ms:food/blue_tulip_seeds":5}},"DataVersion":3337}