{"stats":{"minecraft:picked_up":{"ms:food/lettuce_seeds":1,"minecraft:stick":2,"minecraft:crafting_table":2,"ms:food/rice_seeds":1,"minecraft:pumpkin":7,"ms:food/tomato_seeds":1,"ms:nature/cherry_log":4,"minecraft:cornflower":2,"minecraft:dirt":8,"ms:food/vanilla_seeds":1,"minecraft:wheat_seeds":2,"minecraft:beef":4,"ms:nature/maple_log":6,"ms:nature/maple_sapling":1,"minecraft:sugar_cane":16,"ms:food/lime_tulip_seeds":1,"minecraft:cobblestone":20},"minecraft:crafted":{"ms:nature/maple_planks":24,"minecraft:crafting_table":1,"minecraft:stick":8,"minecraft:wooden_pickaxe":1,"minecraft:stone_pickaxe":1,"minecraft:stone_sword":1,"minecraft:stone_axe":1},"minecraft:mined":{"ms:nature/cherry_log":4,"ms:nature/maple_log":6,"minecraft:pumpkin":7,"minecraft:crafting_table":2,"minecraft:cornflower":2,"minecraft:grass":13,"minecraft:grass_block":5,"minecraft:dirt":3,"ms:nature/pink_cherry_leaves":1,"minecraft:stone":20,"minecraft:sugar_cane":5,"ms:plant/grass":4},"minecraft:killed":{"minecraft:zombie":1,"minecraft:cow":2},"minecraft:used":{"minecraft:stone_sword":12,"minecraft:wooden_pickaxe":31,"minecraft:stone_axe":1,"minecraft:crafting_table":2,"alexsmobs:animal_dictionary":2},"minecraft:custom":{"minecraft:time_since_rest":17631,"minecraft:interact_with_furnace":2,"minecraft:sprint_one_cm":57760,"minecraft:damage_taken":30,"minecraft:walk_one_cm":100862,"minecraft:mob_kills":3,"minecraft:damage_dealt":220,"minecraft:fly_one_cm":7075,"minecraft:swim_one_cm":673,"minecraft:interact_with_crafting_table":4,"minecraft:open_chest":1,"minecraft:play_time":17631,"tombstone:undead_killed":1,"minecraft:walk_under_water_one_cm":152,"minecraft:jump":136,"minecraft:walk_on_water_one_cm":816,"minecraft:time_since_death":17631,"minecraft:total_world_time":17631,"minecraft:fall_one_cm":1653}},"DataVersion":3337}