{
  "minecraft:recipes/decorations/ladder": {
    "criteria": {
      "has_stick": "2024-06-29 23:11:14 +0000"
    },
    "done": true
  },
  "securitycraft:recipes/redstone/reinforced_birch_fence_gate": {
    "criteria": {
      "has_stick": "2024-06-29 23:11:14 +0000"
    },
    "done": true
  },
  "securitycraft:recipes/redstone/reinforced_jungle_fence_gate": {
    "criteria": {
      "has_stick": "2024-06-29 23:11:14 +0000"
    },
    "done": true
  },
  "ms:recipes/decorations/seat/tigerwood_stool_woodcutting": {
    "criteria": {
      "nature/tigerwood_planks": "2024-06-29 23:20:28 +0000"
    },
    "done": true
  },
  "ms:recipes/building_blocks/dyed/white_cobblestone": {
    "criteria": {
      "has_cobblestone": "2024-06-29 23:34:20 +0000"
    },
    "done": true
  },
  "ms:recipes/building_blocks/oak_slab_woodcutting": {
    "criteria": {
      "oak_planks": "2024-06-29 23:51:26 +0000"
    },
    "done": true
  },
  "ms:recipes/decorations/crafting/jungle_crafting_table": {
    "criteria": {
      "has_crafting_table": "2024-06-29 23:11:04 +0000"
    },
    "done": true
  },
  "ms:recipes/building_blocks/dyed/black_cobblestone": {
    "criteria": {
      "has_cobblestone": "2024-06-29 23:34:20 +0000"
    },
    "done": true
  },
  "ms:recipes/building_blocks/dyed/grey_cobblestone": {
    "criteria": {
      "has_cobblestone": "2024-06-29 23:34:20 +0000"
    },
    "done": true
  },
  "ms:recipes/building_blocks/vertical/cobblestone": {
    "criteria": {
      "cobblestone": "2024-06-29 23:34:20 +0000"
    },
    "done": true
  },
  "ms:recipes/building_blocks/slab/marble_brick_stonecutting_from_regular": {
    "criteria": {
      "stone/marble": "2024-06-29 23:36:47 +0000"
    },
    "done": true
  },
  "aquaculture:recipes/aquaculture/heavy_hook": {
    "criteria": {
      "has_items": "2024-06-29 23:09:15 +0000"
    },
    "done": true
  },
  "minecraft:recipes/building_blocks/raw_iron_block": {
    "criteria": {
      "has_raw_iron": "2024-06-30 00:04:20 +0000"
    },
    "done": true
  },
  "ms:recipes/food/food/pork_stew": {
    "criteria": {
      "potato": "2024-06-29 23:33:08 +0000"
    },
    "done": true
  },
  "ms:recipes/combat/armor/coal_boots": {
    "criteria": {
      "material": "2024-06-29 23:37:01 +0000"
    },
    "done": true
  },
  "ms:recipes/building_blocks/nature/stripped_silverbell_log_woodcutting": {
    "criteria": {
      "nature/silverbell_log": "2024-06-29 23:10:25 +0000"
    },
    "done": true
  },
  "ms:recipes/building_blocks/dyed/blue_wooden_planks": {
    "criteria": {
      "has_planks": "2024-06-29 23:10:48 +0000"
    },
    "done": true
  },
  "ms:recipes/decorations/seat/oak_chair_woodcutting": {
    "criteria": {
      "oak_planks": "2024-06-29 23:51:26 +0000"
    },
    "done": true
  },
  "minecraft:recipes/decorations/yellow_bed_from_white_bed": {
    "criteria": {
      "has_bed": "2024-06-29 23:32:34 +0000"
    },
    "done": true
  },
  "aquaculture:recipes/misc/neptunium_ingot_from_neptunium_block": {
    "criteria": {
      "has_items": "2024-06-29 23:09:15 +0000"
    },
    "done": true
  },
  "ms:recipes/decorations/crafting/oak_butter_churn": {
    "criteria": {
      "has_rod": "2024-06-29 23:11:14 +0000"
    },
    "done": true
  },
  "minecraft:recipes/decorations/cyan_bed_from_white_bed": {
    "criteria": {
      "has_bed": "2024-06-29 23:32:34 +0000"
    },
    "done": true
  },
  "ms:recipes/tools/tool/bone_hoe": {
    "criteria": {
      "material": "2024-06-29 23:27:21 +0000"
    },
    "done": true
  },
  "minecraft:recipes/tools/wooden_axe": {
    "criteria": {
      "has_stick": "2024-06-29 23:11:14 +0000"
    },
    "done": true
  },
  "ms:recipes/food/food/rabbit_sandwich": {
    "criteria": {
      "bread": "2024-06-29 23:33:06 +0000"
    },
    "done": true
  },
  "ms:recipes/decorations/table/silverbell_table": {
    "criteria": {
      "has_plank": "2024-06-29 23:10:48 +0000"
    },
    "done": true
  },
  "ms:recipes/decorations/barrel/red_barrel": {
    "criteria": {
      "plank": "2024-06-29 23:10:48 +0000"
    },
    "done": true
  },
  "backpacked:recipes/backpacked/spruce_backpack_shelf": {
    "criteria": {
      "has_stick": "2024-06-29 23:11:14 +0000"
    },
    "done": true
  },
  "ms:recipes/building_blocks/slab/polished_marble_stonecutting_from_regular": {
    "criteria": {
      "stone/marble": "2024-06-29 23:36:47 +0000"
    },
    "done": true
  },
  "ms:recipes/tools/tool/olivine_pickaxe": {
    "criteria": {
      "material": "2024-06-29 23:39:13 +0000"
    },
    "done": true
  },
  "ms:recipes/building_blocks/wall/marble_brick_stonecutting_from_regular": {
    "criteria": {
      "stone/marble": "2024-06-29 23:36:47 +0000"
    },
    "done": true
  },
  "ms:recipes/building_blocks/vertical/silverbell": {
    "criteria": {
      "material": "2024-06-29 23:10:48 +0000"
    },
    "done": true
  },
  "minecraft:recipes/decorations/crafting_table": {
    "criteria": {
      "unlock_right_away": "2024-06-29 23:09:15 +0000"
    },
    "done": true
  },
  "minecraft:recipes/decorations/chest": {
    "criteria": {
      "has_lots_of_items": "2024-06-29 23:11:30 +0000"
    },
    "done": true
  },
  "minecraft:recipes/misc/stick": {
    "criteria": {
      "has_planks": "2024-06-29 23:10:48 +0000"
    },
    "done": true
  },
  "ms:ore/new_resources": {
    "criteria": {
      "olivine": "2024-06-29 23:39:13 +0000"
    },
    "done": true
  },
  "minecraft:recipes/decorations/magenta_bed_from_white_bed": {
    "criteria": {
      "has_bed": "2024-06-29 23:32:34 +0000"
    },
    "done": true
  },
  "minecraft:adventure/sleep_in_bed": {
    "criteria": {
      "slept_in_bed": "2024-06-29 23:50:12 +0000"
    },
    "done": true
  },
  "ms:recipes/food/food/egg_sandwich": {
    "criteria": {
      "bread": "2024-06-29 23:33:06 +0000"
    },
    "done": true
  },
  "ms:recipes/decorations/chest/silverbell": {
    "criteria": {
      "plank": "2024-06-29 23:10:48 +0000"
    },
    "done": true
  },
  "ms:recipes/decorations/crafting/spruce_crafting_table": {
    "criteria": {
      "has_crafting_table": "2024-06-29 23:11:04 +0000"
    },
    "done": true
  },
  "ms:recipes/building_blocks/nature/silverbell_planks_woodcutting": {
    "criteria": {
      "item": "2024-06-29 23:10:25 +0000"
    },
    "done": true
  },
  "ms:recipes/decorations/shop/silverbell": {
    "criteria": {
      "has_material": "2024-06-29 23:10:48 +0000"
    },
    "done": true
  },
  "minecraft:recipes/decorations/gray_carpet": {
    "criteria": {
      "has_gray_wool": "2024-06-29 23:19:44 +0000"
    },
    "done": true
  },
  "ms:recipes/decorations/crafting/tigerwood_crafting_table": {
    "criteria": {
      "has_crafting_table": "2024-06-29 23:11:04 +0000"
    },
    "done": true
  },
  "minecraft:recipes/building_blocks/yellow_wool": {
    "criteria": {
      "has_white_wool": "2024-06-29 23:12:30 +0000"
    },
    "done": true
  },
  "ms:recipes/building_blocks/vertical/marble": {
    "criteria": {
      "stone/marble": "2024-06-29 23:36:47 +0000"
    },
    "done": true
  },
  "ms:recipes/combat/armor/onyx_boots": {
    "criteria": {
      "material": "2024-06-29 23:39:30 +0000"
    },
    "done": true
  },
  "minecraft:recipes/building_blocks/acacia_stairs": {
    "criteria": {
      "has_planks": "2024-06-29 23:17:56 +0000"
    },
    "done": true
  },
  "securitycraft:recipes/building_blocks/reinforced_andesite_with_vanilla_cobblestone": {
    "criteria": {
      "has_cobblestone": "2024-06-29 23:34:20 +0000"
    },
    "done": true
  },
  "ms:recipes/decorations/table/acacia_table_woodcutting": {
    "criteria": {
      "acacia_planks": "2024-06-29 23:17:56 +0000"
    },
    "done": true
  },
  "ms:recipes/building_blocks/nature/tigerwood_wood": {
    "criteria": {
      "has_log": "2024-06-29 23:20:21 +0000"
    },
    "done": true
  },
  "ms:recipes/building_blocks/gate/silverbellgate_woodcutting": {
    "criteria": {
      "nature/silverbell_planks": "2024-06-29 23:10:48 +0000"
    },
    "done": true
  },
  "ms:recipes/redstone/door/tigerwood": {
    "criteria": {
      "has_material": "2024-06-29 23:20:28 +0000"
    },
    "done": true
  },
  "ms:recipes/decorations/barrel/purple_barrel": {
    "criteria": {
      "plank": "2024-06-29 23:10:48 +0000"
    },
    "done": true
  },
  "ms:recipes/building_blocks/slab/silverbell_slab": {
    "criteria": {
      "material": "2024-06-29 23:10:48 +0000"
    },
    "done": true
  },
  "ms:recipes/redstone/button/silverbell_button_woodcutting": {
    "criteria": {
      "nature/silverbell_planks": "2024-06-29 23:10:48 +0000"
    },
    "done": true
  },
  "minecraft:recipes/building_blocks/brown_wool": {
    "criteria": {
      "has_white_wool": "2024-06-29 23:12:30 +0000"
    },
    "done": true
  },
  "ms:recipes/decorations/seat/oak_chair": {
    "criteria": {
      "has_plank": "2024-06-29 23:51:26 +0000"
    },
    "done": true
  },
  "ms:recipes/building_blocks/vertical/wool_grey": {
    "criteria": {
      "material": "2024-06-29 23:19:44 +0000"
    },
    "done": true
  },
  "ms:recipes/decorations/sign/silverbell_sign_woodcutting": {
    "criteria": {
      "nature/silverbell_planks": "2024-06-29 23:10:48 +0000"
    },
    "done": true
  },
  "ms:recipes/building_blocks/fence/tigerwoodfence_woodcutting": {
    "criteria": {
      "nature/tigerwood_planks": "2024-06-29 23:20:28 +0000"
    },
    "done": true
  },
  "backpacked:recipes/backpacked/jungle_backpack_shelf": {
    "criteria": {
      "has_stick": "2024-06-29 23:11:14 +0000"
    },
    "done": true
  },
  "chococraft:recipes/misc/red_gysahl": {
    "criteria": {
      "has_gysahl_green": "2024-06-29 23:18:55 +0000"
    },
    "done": true
  },
  "minecraft:recipes/decorations/brown_bed_from_white_bed": {
    "criteria": {
      "has_bed": "2024-06-29 23:32:34 +0000"
    },
    "done": true
  },
  "ms:recipes/combat/armor/coal_chest": {
    "criteria": {
      "material": "2024-06-29 23:37:01 +0000"
    },
    "done": true
  },
  "ms:recipes/building_blocks/acacia_slab_woodcutting": {
    "criteria": {
      "acacia_planks": "2024-06-29 23:17:56 +0000"
    },
    "done": true
  },
  "ms:recipes/building_blocks/stair/tigerwoodstair_woodcutting": {
    "criteria": {
      "nature/tigerwood_planks": "2024-06-29 23:20:28 +0000"
    },
    "done": true
  },
  "ms:recipes/tools/tool/bone_shovel": {
    "criteria": {
      "material": "2024-06-29 23:27:21 +0000"
    },
    "done": true
  },
  "securitycraft:recipes/redstone/reinforced_bamboo_fence_gate": {
    "criteria": {
      "has_stick": "2024-06-29 23:11:14 +0000"
    },
    "done": true
  },
  "ms:recipes/decorations/crafting/maple_crafting_table": {
    "criteria": {
      "has_crafting_table": "2024-06-29 23:11:04 +0000"
    },
    "done": true
  },
  "ms:recipes/decorations/barrel/yellow_barrel": {
    "criteria": {
      "plank": "2024-06-29 23:10:48 +0000"
    },
    "done": true
  },
  "minecraft:recipes/food/cooked_porkchop": {
    "criteria": {
      "has_porkchop": "2024-06-30 00:13:31 +0000"
    },
    "done": true
  },
  "minecraft:recipes/building_blocks/oak_slab": {
    "criteria": {
      "has_planks": "2024-06-29 23:51:26 +0000"
    },
    "done": true
  },
  "ms:recipes/decorations/fence/tigerwoodfence": {
    "criteria": {
      "has_plank": "2024-06-29 23:20:28 +0000"
    },
    "done": true
  },
  "ms:recipes/building_blocks/dyed/purple_wooden_planks": {
    "criteria": {
      "has_planks": "2024-06-29 23:10:48 +0000"
    },
    "done": true
  },
  "ms:recipes/building_blocks/stair/polished_marble_stonecutting_from_regular": {
    "criteria": {
      "stone/marble": "2024-06-29 23:36:47 +0000"
    },
    "done": true
  },
  "ms:recipes/building_blocks/dyed/light_blue_wooden_planks": {
    "criteria": {
      "has_planks": "2024-06-29 23:10:48 +0000"
    },
    "done": true
  },
  "ms:recipes/redstone/trapdoor/silverbell_woodcutting": {
    "criteria": {
      "nature/silverbell_planks": "2024-06-29 23:10:48 +0000"
    },
    "done": true
  },
  "ms:recipes/redstone/acacia_trapdoor_woodcutting": {
    "criteria": {
      "acacia_planks": "2024-06-29 23:17:56 +0000"
    },
    "done": true
  },
  "ms:recipes/decorations/sign/silverbell_sign": {
    "criteria": {
      "has_plank": "2024-06-29 23:10:48 +0000"
    },
    "done": true
  },
  "ms:recipes/building_blocks/stone/polished_marble_stonecutting": {
    "criteria": {
      "item": "2024-06-29 23:36:47 +0000"
    },
    "done": true
  },
  "minecraft:recipes/decorations/acacia_sign": {
    "criteria": {
      "has_planks": "2024-06-29 23:17:56 +0000"
    },
    "done": true
  },
  "ms:recipes/decorations/seat/silverbell_chair": {
    "criteria": {
      "has_plank": "2024-06-29 23:10:48 +0000"
    },
    "done": true
  },
  "minecraft:recipes/decorations/campfire": {
    "criteria": {
      "has_stick": "2024-06-29 23:11:14 +0000"
    },
    "done": true
  },
  "ms:recipes/building_blocks/slab/silverbell_slab_woodcutting": {
    "criteria": {
      "nature/silverbell_planks": "2024-06-29 23:10:48 +0000"
    },
    "done": true
  },
  "ms:recipes/food/egg_smelt": {
    "criteria": {
      "is_food": "2024-06-29 23:26:08 +0000"
    },
    "done": true
  },
  "tombstone:adventure/first_grave": {
    "criteria": {
      "coded_trigger": "2024-06-29 23:26:42 +0000"
    },
    "done": true
  },
  "ms:recipes/redstone/pressureplate/tigerwood_pressureplate": {
    "criteria": {
      "has_material": "2024-06-29 23:20:28 +0000"
    },
    "done": true
  },
  "rftoolsbase:recipes/rftoolsbase/crafting_card": {
    "criteria": {
      "crafter": "2024-06-29 23:11:04 +0000"
    },
    "done": true
  },
  "ms:recipes/building_blocks/dyed/green_cobblestone": {
    "criteria": {
      "has_cobblestone": "2024-06-29 23:34:20 +0000"
    },
    "done": true
  },
  "ms:recipes/redstone/gate/silverbellgate": {
    "criteria": {
      "has_plank": "2024-06-29 23:10:48 +0000"
    },
    "done": true
  },
  "ms:recipes/building_blocks/fence/silverbellfence_woodcutting": {
    "criteria": {
      "nature/silverbell_planks": "2024-06-29 23:10:48 +0000"
    },
    "done": true
  },
  "ms:recipes/building_blocks/ore/tin_smelt": {
    "criteria": {
      "ore": "2024-06-29 23:41:27 +0000"
    },
    "done": true
  },
  "ms:recipes/building_blocks/nature/silverbell_planks": {
    "criteria": {
      "item": "2024-06-29 23:10:25 +0000"
    },
    "done": true
  },
  "ms:recipes/building_blocks/vertical/marble_brick_stonecutting_from_regular": {
    "criteria": {
      "stone/marble": "2024-06-29 23:36:47 +0000"
    },
    "done": true
  },
  "minecraft:recipes/redstone/oak_door": {
    "criteria": {
      "has_planks": "2024-06-29 23:51:26 +0000"
    },
    "done": true
  },
  "securitycraft:recipes/redstone/reinforced_dark_oak_fence_gate": {
    "criteria": {
      "has_stick": "2024-06-29 23:11:14 +0000"
    },
    "done": true
  },
  "minecraft:recipes/building_blocks/cobblestone_slab": {
    "criteria": {
      "has_cobblestone": "2024-06-29 23:34:20 +0000"
    },
    "done": true
  },
  "ms:recipes/redstone/trapdoor/tigerwood_woodcutting": {
    "criteria": {
      "nature/tigerwood_planks": "2024-06-29 23:20:28 +0000"
    },
    "done": true
  },
  "minecraft:recipes/transportation/acacia_boat": {
    "criteria": {
      "in_water": "2024-06-29 23:29:39 +0000"
    },
    "done": true
  },
  "aquaculture:recipes/decorations/acacia_fish_mount": {
    "criteria": {
      "has_items": "2024-06-29 23:09:15 +0000"
    },
    "done": true
  },
  "minecraft:recipes/misc/iron_ingot_from_blasting_raw_iron": {
    "criteria": {
      "has_raw_iron": "2024-06-30 00:04:20 +0000"
    },
    "done": true
  },
  "minecraft:recipes/building_blocks/acacia_wood": {
    "criteria": {
      "has_log": "2024-06-29 23:17:44 +0000"
    },
    "done": true
  },
  "minecraft:recipes/combat/wooden_sword": {
    "criteria": {
      "has_stick": "2024-06-29 23:11:14 +0000"
    },
    "done": true
  },
  "minecraft:recipes/decorations/gray_banner": {
    "criteria": {
      "has_gray_wool": "2024-06-29 23:19:44 +0000"
    },
    "done": true
  },
  "minecraft:recipes/building_blocks/oak_planks": {
    "criteria": {
      "has_logs": "2024-06-29 23:50:29 +0000"
    },
    "done": true
  },
  "minecraft:recipes/food/cooked_porkchop_from_smoking": {
    "criteria": {
      "has_porkchop": "2024-06-30 00:13:31 +0000"
    },
    "done": true
  },
  "ms:recipes/decorations/crafting/mangrove_butter_churn": {
    "criteria": {
      "has_rod": "2024-06-29 23:11:14 +0000"
    },
    "done": true
  },
  "ms:recipes/building_blocks/dyed/light_grey_cobblestone": {
    "criteria": {
      "has_cobblestone": "2024-06-29 23:34:20 +0000"
    },
    "done": true
  },
  "tombstone:recipes/from_grave_dust": {
    "criteria": {
      "has_ingredient": "2024-06-29 23:30:16 +0000"
    },
    "done": true
  },
  "ms:recipes/redstone/oak_button_woodcutting": {
    "criteria": {
      "oak_planks": "2024-06-29 23:51:26 +0000"
    },
    "done": true
  },
  "minecraft:recipes/decorations/cobblestone_wall_from_cobblestone_stonecutting": {
    "criteria": {
      "has_cobblestone": "2024-06-29 23:34:20 +0000"
    },
    "done": true
  },
  "ms:recipes/decorations/crafting/crimson_butter_churn": {
    "criteria": {
      "has_rod": "2024-06-29 23:11:14 +0000"
    },
    "done": true
  },
  "minecraft:recipes/decorations/black_bed_from_white_bed": {
    "criteria": {
      "has_bed": "2024-06-29 23:32:34 +0000"
    },
    "done": true
  },
  "ms:recipes/building_blocks/dyed/light_blue_cobblestone": {
    "criteria": {
      "has_cobblestone": "2024-06-29 23:34:20 +0000"
    },
    "done": true
  },
  "backpacked:recipes/backpacked/warped_backpack_shelf": {
    "criteria": {
      "has_stick": "2024-06-29 23:11:14 +0000"
    },
    "done": true
  },
  "ms:recipes/combat/tool/bone_sword": {
    "criteria": {
      "material": "2024-06-29 23:27:21 +0000"
    },
    "done": true
  },
  "securitycraft:recipes/misc/reinforced_dark_oak_fence": {
    "criteria": {
      "has_stick": "2024-06-29 23:11:14 +0000"
    },
    "done": true
  },
  "securitycraft:recipes/misc/reinforced_oak_fence": {
    "criteria": {
      "has_stick": "2024-06-29 23:11:14 +0000"
    },
    "done": true
  },
  "minecraft:recipes/building_blocks/cobblestone_stairs": {
    "criteria": {
      "has_cobblestone": "2024-06-29 23:34:20 +0000"
    },
    "done": true
  },
  "aquaculture:recipes/aquaculture/light_hook": {
    "criteria": {
      "has_items": "2024-06-29 23:09:15 +0000"
    },
    "done": true
  },
  "securitycraft:recipes/redstone/reinforced_oak_fence_gate": {
    "criteria": {
      "has_stick": "2024-06-29 23:11:14 +0000"
    },
    "done": true
  },
  "securitycraft:recipes/misc/reinforced_bamboo_fence": {
    "criteria": {
      "has_stick": "2024-06-29 23:11:14 +0000"
    },
    "done": true
  },
  "securitycraft:recipes/misc/reinforced_crimson_fence": {
    "criteria": {
      "has_stick": "2024-06-29 23:11:14 +0000"
    },
    "done": true
  },
  "ms:recipes/building_blocks/dyed/magenta_wooden_planks": {
    "criteria": {
      "has_planks": "2024-06-29 23:10:48 +0000"
    },
    "done": true
  },
  "ms:recipes/combat/armor/onyx_helmet": {
    "criteria": {
      "material": "2024-06-29 23:39:30 +0000"
    },
    "done": true
  },
  "ms:recipes/building_blocks/stair/wool_white": {
    "criteria": {
      "material": "2024-06-29 23:12:30 +0000"
    },
    "done": true
  },
  "ms:recipes/building_blocks/vertical/polished_marble_stonecutting_from_regular": {
    "criteria": {
      "stone/marble": "2024-06-29 23:36:47 +0000"
    },
    "done": true
  },
  "ms:recipes/redstone/acacia_button_woodcutting": {
    "criteria": {
      "acacia_planks": "2024-06-29 23:17:56 +0000"
    },
    "done": true
  },
  "minecraft:recipes/transportation/jungle_boat": {
    "criteria": {
      "in_water": "2024-06-29 23:29:39 +0000"
    },
    "done": true
  },
  "ms:recipes/transportation/boat/silverbell_boat": {
    "criteria": {
      "plank": "2024-06-29 23:10:48 +0000"
    },
    "done": true
  },
  "ms:recipes/building_blocks/dyed/blue_cobblestone": {
    "criteria": {
      "has_cobblestone": "2024-06-29 23:34:20 +0000"
    },
    "done": true
  },
  "minecraft:recipes/decorations/light_gray_bed_from_white_bed": {
    "criteria": {
      "has_bed": "2024-06-29 23:32:34 +0000"
    },
    "done": true
  },
  "minecraft:recipes/redstone/lever": {
    "criteria": {
      "has_cobblestone": "2024-06-29 23:34:20 +0000"
    },
    "done": true
  },
  "ms:recipes/building_blocks/oak_planks_woodcutting": {
    "criteria": {
      "item": "2024-06-29 23:50:29 +0000"
    },
    "done": true
  },
  "ms:recipes/combat/armor/onyx_horse_armor": {
    "criteria": {
      "material": "2024-06-29 23:39:30 +0000"
    },
    "done": true
  },
  "aquaculture:recipes/tools/iron_fishing_rod": {
    "criteria": {
      "has_vanilla_rod": "2024-06-29 23:09:15 +0000"
    },
    "done": true
  },
  "ms:armor/pickup_new_armor": {
    "criteria": {
      "coal_chest": "2024-06-29 23:38:56 +0000"
    },
    "done": true
  },
  "ms:recipes/food/food/bread_slice": {
    "criteria": {
      "item_1": "2024-06-29 23:33:06 +0000"
    },
    "done": true
  },
  "minecraft:recipes/food/baked_potato_from_campfire_cooking": {
    "criteria": {
      "has_potato": "2024-06-29 23:33:08 +0000"
    },
    "done": true
  },
  "ms:recipes/building_blocks/stripped_acacia_wood_woodcutting": {
    "criteria": {
      "acacia_wood": "2024-06-29 23:23:09 +0000"
    },
    "done": true
  },
  "backpacked:recipes/backpacked/oak_backpack_shelf": {
    "criteria": {
      "has_stick": "2024-06-29 23:11:14 +0000"
    },
    "done": true
  },
  "minecraft:recipes/redstone/acacia_pressure_plate": {
    "criteria": {
      "has_planks": "2024-06-29 23:17:56 +0000"
    },
    "done": true
  },
  "ms:recipes/decorations/barrel/lime_barrel": {
    "criteria": {
      "plank": "2024-06-29 23:10:48 +0000"
    },
    "done": true
  },
  "ms:recipes/decorations/acacia_sign_woodcutting": {
    "criteria": {
      "acacia_planks": "2024-06-29 23:17:56 +0000"
    },
    "done": true
  },
  "minecraft:recipes/redstone/oak_trapdoor": {
    "criteria": {
      "has_planks": "2024-06-29 23:51:26 +0000"
    },
    "done": true
  },
  "minecraft:recipes/combat/stone_sword": {
    "criteria": {
      "has_cobblestone": "2024-06-29 23:34:20 +0000"
    },
    "done": true
  },
  "minecraft:recipes/decorations/cobblestone_wall": {
    "criteria": {
      "has_cobblestone": "2024-06-29 23:34:20 +0000"
    },
    "done": true
  },
  "ms:recipes/building_blocks/stone/marble_bricks_stonecutting": {
    "criteria": {
      "item": "2024-06-29 23:36:47 +0000"
    },
    "done": true
  },
  "ms:recipes/decorations/barrel/magenta_barrel": {
    "criteria": {
      "plank": "2024-06-29 23:10:48 +0000"
    },
    "done": true
  },
  "ms:recipes/decorations/acacia_fence_woodcutting": {
    "criteria": {
      "acacia_planks": "2024-06-29 23:17:56 +0000"
    },
    "done": true
  },
  "minecraft:recipes/tools/stone_axe": {
    "criteria": {
      "has_cobblestone": "2024-06-29 23:34:20 +0000"
    },
    "done": true
  },
  "ms:recipes/building_blocks/slab/tigerwood_slab": {
    "criteria": {
      "material": "2024-06-29 23:20:28 +0000"
    },
    "done": true
  },
  "ms:recipes/combat/armor/coal_helmet": {
    "criteria": {
      "material": "2024-06-29 23:37:01 +0000"
    },
    "done": true
  },
  "minecraft:recipes/building_blocks/acacia_slab": {
    "criteria": {
      "has_planks": "2024-06-29 23:17:56 +0000"
    },
    "done": true
  },
  "minecraft:recipes/decorations/orange_bed_from_white_bed": {
    "criteria": {
      "has_bed": "2024-06-29 23:32:34 +0000"
    },
    "done": true
  },
  "ms:recipes/building_blocks/dyed/red_cobblestone": {
    "criteria": {
      "has_cobblestone": "2024-06-29 23:34:20 +0000"
    },
    "done": true
  },
  "minecraft:recipes/decorations/lime_bed_from_white_bed": {
    "criteria": {
      "has_bed": "2024-06-29 23:32:34 +0000"
    },
    "done": true
  },
  "chococraft:recipes/misc/gysahl_green_to_seeds": {
    "criteria": {
      "has_gysahl_green": "2024-06-29 23:18:55 +0000"
    },
    "done": true
  },
  "alexsmobs:alexsmobs/root": {
    "criteria": {
      "useitem": "2024-06-29 23:13:31 +0000"
    },
    "done": true
  },
  "ms:recipes/combat/tool/onyx_bow": {
    "criteria": {
      "material": "2024-06-29 23:39:30 +0000"
    },
    "done": true
  },
  "ms:recipes/decorations/crafting/bamboo_butter_churn": {
    "criteria": {
      "has_rod": "2024-06-29 23:11:14 +0000"
    },
    "done": true
  },
  "ms:recipes/food/food/burger": {
    "criteria": {
      "has_bread": "2024-06-29 23:33:06 +0000"
    },
    "done": true
  },
  "ms:recipes/building_blocks/dyed/orange_cobblestone": {
    "criteria": {
      "has_cobblestone": "2024-06-29 23:34:20 +0000"
    },
    "done": true
  },
  "ms:recipes/decorations/barrel/blue_barrel": {
    "criteria": {
      "plank": "2024-06-29 23:10:48 +0000"
    },
    "done": true
  },
  "aquaculture:recipes/decorations/oak_fish_mount": {
    "criteria": {
      "has_items": "2024-06-29 23:09:15 +0000"
    },
    "done": true
  },
  "ms:recipes/combat/armor/coal_horse_armor": {
    "criteria": {
      "material": "2024-06-29 23:37:01 +0000"
    },
    "done": true
  },
  "ms:recipes/decorations/crafting/birch_crafting_table": {
    "criteria": {
      "has_crafting_table": "2024-06-29 23:11:04 +0000"
    },
    "done": true
  },
  "ms:ore/overworld_ore_all": {
    "criteria": {
      "onyx": "2024-06-29 23:39:30 +0000",
      "olivine": "2024-06-29 23:39:13 +0000",
      "tin": "2024-06-29 23:41:27 +0000"
    },
    "done": false
  },
  "ms:recipes/building_blocks/stripped_acacia_log_woodcutting": {
    "criteria": {
      "acacia_log": "2024-06-29 23:17:44 +0000"
    },
    "done": true
  },
  "ms:recipes/transportation/boat/tigerwood_boat": {
    "criteria": {
      "plank": "2024-06-29 23:20:28 +0000"
    },
    "done": true
  },
  "ms:recipes/food/food/emerald_bread": {
    "criteria": {
      "has_bread": "2024-06-29 23:33:06 +0000"
    },
    "done": true
  },
  "minecraft:recipes/decorations/pink_bed_from_white_bed": {
    "criteria": {
      "has_bed": "2024-06-29 23:32:34 +0000"
    },
    "done": true
  },
  "securitycraft:recipes/misc/reinforced_warped_fence": {
    "criteria": {
      "has_stick": "2024-06-29 23:11:14 +0000"
    },
    "done": true
  },
  "ms:recipes/tools/tool/onyx_shears": {
    "criteria": {
      "material": "2024-06-29 23:39:30 +0000"
    },
    "done": true
  },
  "ms:recipes/decorations/seat/tigerwood_chair_woodcutting": {
    "criteria": {
      "nature/tigerwood_planks": "2024-06-29 23:20:28 +0000"
    },
    "done": true
  },
  "ms:recipes/decorations/seat/silverbell_stool": {
    "criteria": {
      "has_plank": "2024-06-29 23:10:48 +0000"
    },
    "done": true
  },
  "ms:recipes/decorations/crafting/willow_butter_churn": {
    "criteria": {
      "has_rod": "2024-06-29 23:11:14 +0000"
    },
    "done": true
  },
  "minecraft:recipes/misc/bone_meal": {
    "criteria": {
      "has_bone": "2024-06-29 23:27:21 +0000"
    },
    "done": true
  },
  "ms:recipes/food/food/beef_sandwich": {
    "criteria": {
      "bread": "2024-06-29 23:33:06 +0000"
    },
    "done": true
  },
  "aquaculture:recipes/aquaculture/double_hook": {
    "criteria": {
      "has_items": "2024-06-29 23:09:15 +0000"
    },
    "done": true
  },
  "ms:recipes/building_blocks/nature/tigerwood_planks": {
    "criteria": {
      "item": "2024-06-29 23:20:21 +0000"
    },
    "done": true
  },
  "ms:recipes/decorations/oak_fence_woodcutting": {
    "criteria": {
      "oak_planks": "2024-06-29 23:51:26 +0000"
    },
    "done": true
  },
  "minecraft:recipes/decorations/red_bed_from_white_bed": {
    "criteria": {
      "has_bed": "2024-06-29 23:32:34 +0000"
    },
    "done": true
  },
  "ms:recipes/tools/tool/onyx_hoe": {
    "criteria": {
      "material": "2024-06-29 23:39:30 +0000"
    },
    "done": true
  },
  "minecraft:recipes/transportation/spruce_boat": {
    "criteria": {
      "in_water": "2024-06-29 23:29:39 +0000"
    },
    "done": true
  },
  "minecraft:recipes/building_blocks/gray_wool": {
    "criteria": {
      "has_white_wool": "2024-06-29 23:12:30 +0000"
    },
    "done": true
  },
  "securitycraft:recipes/redstone/reinforced_cherry_fence_gate": {
    "criteria": {
      "has_stick": "2024-06-29 23:11:14 +0000"
    },
    "done": true
  },
  "ms:recipes/building_blocks/slab/marble": {
    "criteria": {
      "stone/marble": "2024-06-29 23:36:47 +0000"
    },
    "done": true
  },
  "ms:recipes/building_blocks/dyed/cyan_wooden_planks": {
    "criteria": {
      "has_planks": "2024-06-29 23:10:48 +0000"
    },
    "done": true
  },
  "ms:recipes/food/food/diamond_bread": {
    "criteria": {
      "has_bread": "2024-06-29 23:33:06 +0000"
    },
    "done": true
  },
  "aquaculture:recipes/aquaculture/fishing_line": {
    "criteria": {
      "has_items": "2024-06-29 23:09:15 +0000"
    },
    "done": true
  },
  "ms:recipes/food/egg_smoking": {
    "criteria": {
      "is_food": "2024-06-29 23:26:08 +0000"
    },
    "done": true
  },
  "minecraft:recipes/misc/paper": {
    "criteria": {
      "has_reeds": "2024-06-29 23:29:10 +0000"
    },
    "done": true
  },
  "ms:tools/pickup_new_tool": {
    "criteria": {
      "olivine_shovel": "2024-06-29 23:40:09 +0000"
    },
    "done": true
  },
  "ms:recipes/food/food/beef_stew": {
    "criteria": {
      "potato": "2024-06-29 23:33:08 +0000"
    },
    "done": true
  },
  "ms:recipes/tools/misc/kitchen_knife": {
    "criteria": {
      "has_stick": "2024-06-29 23:11:14 +0000"
    },
    "done": true
  },
  "ms:recipes/building_blocks/stone/chiseled_marble_stonecutting": {
    "criteria": {
      "item": "2024-06-29 23:36:47 +0000"
    },
    "done": true
  },
  "ms:recipes/building_blocks/vertical/cobblestone_stonecutting": {
    "criteria": {
      "cobblestone": "2024-06-29 23:34:20 +0000"
    },
    "done": true
  },
  "ms:recipes/building_blocks/ore/tin_blast": {
    "criteria": {
      "ore": "2024-06-29 23:41:27 +0000"
    },
    "done": true
  },
  "ms:recipes/misc/nugget/olivine_fragment": {
    "criteria": {
      "item": "2024-06-29 23:39:13 +0000"
    },
    "done": true
  },
  "aquaculture:recipes/aquaculture/iron_hook": {
    "criteria": {
      "has_items": "2024-06-29 23:09:15 +0000"
    },
    "done": true
  },
  "ms:recipes/building_blocks/dyed/grey_wooden_planks": {
    "criteria": {
      "has_planks": "2024-06-29 23:10:48 +0000"
    },
    "done": true
  },
  "ms:recipes/decorations/seat/acacia_stool": {
    "criteria": {
      "has_plank": "2024-06-29 23:17:56 +0000"
    },
    "done": true
  },
  "ms:recipes/decorations/crafting/silverbell_butter_churn": {
    "criteria": {
      "has_rod": "2024-06-29 23:11:14 +0000"
    },
    "done": true
  },
  "ms:recipes/decorations/seat/silverbell_stool_woodcutting": {
    "criteria": {
      "nature/silverbell_planks": "2024-06-29 23:10:48 +0000"
    },
    "done": true
  },
  "ms:recipes/building_blocks/stair/marble_brick_stonecutting_from_regular": {
    "criteria": {
      "stone/marble": "2024-06-29 23:36:47 +0000"
    },
    "done": true
  },
  "minecraft:recipes/transportation/mangrove_boat": {
    "criteria": {
      "in_water": "2024-06-29 23:29:39 +0000"
    },
    "done": true
  },
  "ms:recipes/redstone/gate/tigerwoodgate": {
    "criteria": {
      "has_plank": "2024-06-29 23:20:28 +0000"
    },
    "done": true
  },
  "ms:recipes/combat/armor/onyx_chest": {
    "criteria": {
      "material": "2024-06-29 23:39:30 +0000"
    },
    "done": true
  },
  "ms:recipes/redstone/oak_fence_gate_woodcutting": {
    "criteria": {
      "oak_planks": "2024-06-29 23:51:26 +0000"
    },
    "done": true
  },
  "aquaculture:recipes/misc/jellyfish_to_slimeball": {
    "criteria": {
      "has_items": "2024-06-29 23:09:15 +0000"
    },
    "done": true
  },
  "ms:recipes/building_blocks/vertical/oak_woodcutting": {
    "criteria": {
      "oak_planks": "2024-06-29 23:51:26 +0000"
    },
    "done": true
  },
  "ms:recipes/decorations/crafting/cherry_crafting_table": {
    "criteria": {
      "has_crafting_table": "2024-06-29 23:11:04 +0000"
    },
    "done": true
  },
  "ms:recipes/redstone/oak_trapdoor_woodcutting": {
    "criteria": {
      "oak_planks": "2024-06-29 23:51:26 +0000"
    },
    "done": true
  },
  "ms:recipes/building_blocks/dyed/lime_cobblestone": {
    "criteria": {
      "has_cobblestone": "2024-06-29 23:34:20 +0000"
    },
    "done": true
  },
  "minecraft:recipes/brewing/fermented_spider_eye": {
    "criteria": {
      "has_spider_eye": "2024-06-29 23:28:50 +0000"
    },
    "done": true
  },
  "minecraft:recipes/misc/iron_ingot_from_smelting_raw_iron": {
    "criteria": {
      "has_raw_iron": "2024-06-30 00:04:20 +0000"
    },
    "done": true
  },
  "backpacked:recipes/backpacked/birch_backpack_shelf": {
    "criteria": {
      "has_stick": "2024-06-29 23:11:14 +0000"
    },
    "done": true
  },
  "ms:recipes/misc/bowl_woodcutting": {
    "criteria": {
      "item": "2024-06-29 23:10:48 +0000"
    },
    "done": true
  },
  "ms:recipes/decorations/crafting/maple_butter_churn": {
    "criteria": {
      "has_rod": "2024-06-29 23:11:14 +0000"
    },
    "done": true
  },
  "minecraft:recipes/misc/sugar_from_sugar_cane": {
    "criteria": {
      "has_sugar_cane": "2024-06-29 23:29:10 +0000"
    },
    "done": true
  },
  "minecraft:recipes/tools/wooden_pickaxe": {
    "criteria": {
      "has_stick": "2024-06-29 23:11:14 +0000"
    },
    "done": true
  },
  "aquaculture:recipes/tools/diamond_fishing_rod": {
    "criteria": {
      "has_vanilla_rod": "2024-06-29 23:09:15 +0000"
    },
    "done": true
  },
  "minecraft:recipes/food/baked_potato_from_smoking": {
    "criteria": {
      "has_potato": "2024-06-29 23:33:08 +0000"
    },
    "done": true
  },
  "ms:recipes/decorations/table/tigerwood_table": {
    "criteria": {
      "has_plank": "2024-06-29 23:20:28 +0000"
    },
    "done": true
  },
  "minecraft:story/upgrade_tools": {
    "criteria": {
      "stone_pickaxe": "2024-06-29 23:38:10 +0000"
    },
    "done": true
  },
  "ms:recipes/decorations/crafting/crimson_crafting_table": {
    "criteria": {
      "has_crafting_table": "2024-06-29 23:11:04 +0000"
    },
    "done": true
  },
  "ms:recipes/decorations/crafting/hellwood_crafting_table": {
    "criteria": {
      "has_crafting_table": "2024-06-29 23:11:04 +0000"
    },
    "done": true
  },
  "ms:recipes/decorations/crafting/cherry_butter_churn": {
    "criteria": {
      "has_rod": "2024-06-29 23:11:14 +0000"
    },
    "done": true
  },
  "minecraft:recipes/redstone/oak_pressure_plate": {
    "criteria": {
      "has_planks": "2024-06-29 23:51:26 +0000"
    },
    "done": true
  },
  "ms:recipes/decorations/barrel/light_grey_barrel": {
    "criteria": {
      "plank": "2024-06-29 23:10:48 +0000"
    },
    "done": true
  },
  "ms:recipes/building_blocks/vertical/silverbell_woodcutting": {
    "criteria": {
      "nature/silverbell_planks": "2024-06-29 23:10:48 +0000"
    },
    "done": true
  },
  "ms:recipes/food/food/cod_sandwich": {
    "criteria": {
      "bread": "2024-06-29 23:33:06 +0000"
    },
    "done": true
  },
  "alexsmobs:alexsmobs/acacia_blossom": {
    "criteria": {
      "acacia_blossom": "2024-06-29 23:19:20 +0000"
    },
    "done": true
  },
  "ms:recipes/building_blocks/nature/tigerwood_planks_woodcutting": {
    "criteria": {
      "item": "2024-06-29 23:20:21 +0000"
    },
    "done": true
  },
  "securitycraft:recipes/redstone/reinforced_mangrove_fence_gate": {
    "criteria": {
      "has_stick": "2024-06-29 23:11:14 +0000"
    },
    "done": true
  },
  "ms:recipes/tools/tool/olivine_axe": {
    "criteria": {
      "material": "2024-06-29 23:39:13 +0000"
    },
    "done": true
  },
  "ms:recipes/decorations/shop/tigerwood": {
    "criteria": {
      "has_material": "2024-06-29 23:20:28 +0000"
    },
    "done": true
  },
  "minecraft:recipes/food/cooked_mutton_from_campfire_cooking": {
    "criteria": {
      "has_mutton": "2024-06-29 23:12:30 +0000"
    },
    "done": true
  },
  "ms:recipes/decorations/crafting/dark_oak_crafting_table": {
    "criteria": {
      "has_crafting_table": "2024-06-29 23:11:04 +0000"
    },
    "done": true
  },
  "ms:recipes/building_blocks/dyed/pink_wooden_planks": {
    "criteria": {
      "has_planks": "2024-06-29 23:10:48 +0000"
    },
    "done": true
  },
  "minecraft:recipes/building_blocks/dripstone_block": {
    "criteria": {
      "has_pointed_dripstone": "2024-06-29 23:37:40 +0000"
    },
    "done": true
  },
  "minecraft:recipes/decorations/acacia_fence": {
    "criteria": {
      "has_planks": "2024-06-29 23:17:56 +0000"
    },
    "done": true
  },
  "ms:recipes/decorations/seat/tigerwood_stool": {
    "criteria": {
      "has_plank": "2024-06-29 23:20:28 +0000"
    },
    "done": true
  },
  "ms:recipes/redstone/pressureplate/silverbell_pressureplate": {
    "criteria": {
      "has_material": "2024-06-29 23:10:48 +0000"
    },
    "done": true
  },
  "ms:recipes/building_blocks/dyed/brown_wooden_planks": {
    "criteria": {
      "has_planks": "2024-06-29 23:10:48 +0000"
    },
    "done": true
  },
  "ms:recipes/building_blocks/vertical/acacia_woodcutting": {
    "criteria": {
      "acacia_planks": "2024-06-29 23:17:56 +0000"
    },
    "done": true
  },
  "ms:recipes/decorations/crafting/willow_crafting_table": {
    "criteria": {
      "has_crafting_table": "2024-06-29 23:11:04 +0000"
    },
    "done": true
  },
  "ms:recipes/decorations/barrel/grey_barrel": {
    "criteria": {
      "plank": "2024-06-29 23:10:48 +0000"
    },
    "done": true
  },
  "minecraft:adventure/kill_a_mob": {
    "criteria": {
      "minecraft:zombie": "2024-06-29 23:25:41 +0000"
    },
    "done": true
  },
  "ms:recipes/decorations/table/tigerwood_table_woodcutting": {
    "criteria": {
      "nature/tigerwood_planks": "2024-06-29 23:20:28 +0000"
    },
    "done": true
  },
  "ms:recipes/decorations/crafting/warped_butter_churn": {
    "criteria": {
      "has_rod": "2024-06-29 23:11:14 +0000"
    },
    "done": true
  },
  "ms:recipes/decorations/crafting/warped_crafting_table": {
    "criteria": {
      "has_crafting_table": "2024-06-29 23:11:04 +0000"
    },
    "done": true
  },
  "minecraft:husbandry/balanced_diet": {
    "criteria": {
      "apple": "2024-06-29 23:32:57 +0000",
      "mutton": "2024-06-29 23:24:42 +0000"
    },
    "done": false
  },
  "backpacked:recipes/backpacked/dark_oak_backpack_shelf": {
    "criteria": {
      "has_stick": "2024-06-29 23:11:14 +0000"
    },
    "done": true
  },
  "ms:recipes/building_blocks/wall/polished_marble_stonecutting_from_regular": {
    "criteria": {
      "stone/marble": "2024-06-29 23:36:47 +0000"
    },
    "done": true
  },
  "ms:recipes/redstone/pressureplate/tigerwood_pressureplate_woodcutting": {
    "criteria": {
      "nature/tigerwood_planks": "2024-06-29 23:20:28 +0000"
    },
    "done": true
  },
  "aquaculture:recipes/tools/stone_fillet_knife": {
    "criteria": {
      "has_items": "2024-06-29 23:34:20 +0000"
    },
    "done": true
  },
  "ms:recipes/decorations/table/oak_table_woodcutting": {
    "criteria": {
      "oak_planks": "2024-06-29 23:51:26 +0000"
    },
    "done": true
  },
  "minecraft:recipes/building_blocks/lime_wool": {
    "criteria": {
      "has_white_wool": "2024-06-29 23:12:30 +0000"
    },
    "done": true
  },
  "ms:recipes/building_blocks/wall/marble": {
    "criteria": {
      "stone/marble": "2024-06-29 23:36:47 +0000"
    },
    "done": true
  },
  "minecraft:recipes/building_blocks/green_wool": {
    "criteria": {
      "has_white_wool": "2024-06-29 23:12:30 +0000"
    },
    "done": true
  },
  "aquaculture:recipes/misc/tin_can_to_iron_nugget": {
    "criteria": {
      "has_items": "2024-06-29 23:09:15 +0000"
    },
    "done": true
  },
  "minecraft:recipes/building_blocks/acacia_planks": {
    "criteria": {
      "has_log": "2024-06-29 23:17:44 +0000"
    },
    "done": true
  },
  "ms:recipes/misc/nugget/coal_fragment": {
    "criteria": {
      "item": "2024-06-29 23:37:01 +0000"
    },
    "done": true
  },
  "ms:recipes/decorations/table/acacia_table": {
    "criteria": {
      "has_plank": "2024-06-29 23:17:56 +0000"
    },
    "done": true
  },
  "ms:recipes/combat/tool/olivine_sword": {
    "criteria": {
      "material": "2024-06-29 23:39:13 +0000"
    },
    "done": true
  },
  "minecraft:recipes/transportation/dark_oak_boat": {
    "criteria": {
      "in_water": "2024-06-29 23:29:39 +0000"
    },
    "done": true
  },
  "minecraft:recipes/redstone/acacia_button": {
    "criteria": {
      "has_planks": "2024-06-29 23:17:56 +0000"
    },
    "done": true
  },
  "ms:recipes/building_blocks/acacia_stairs_woodcutting": {
    "criteria": {
      "acacia_planks": "2024-06-29 23:17:56 +0000"
    },
    "done": true
  },
  "ms:recipes/redstone/oak_pressure_plate_woodcutting": {
    "criteria": {
      "oak_planks": "2024-06-29 23:51:26 +0000"
    },
    "done": true
  },
  "ms:recipes/food/food/pork_sandwich": {
    "criteria": {
      "bread": "2024-06-29 23:33:06 +0000"
    },
    "done": true
  },
  "minecraft:recipes/building_blocks/blue_wool": {
    "criteria": {
      "has_white_wool": "2024-06-29 23:12:30 +0000"
    },
    "done": true
  },
  "ms:recipes/building_blocks/nature/stripped_silverbell_wood_woodcutting": {
    "criteria": {
      "nature/silverbell_wood": "2024-06-29 23:10:44 +0000"
    },
    "done": true
  },
  "securitycraft:recipes/redstone/reinforced_crimson_fence_gate": {
    "criteria": {
      "has_stick": "2024-06-29 23:11:14 +0000"
    },
    "done": true
  },
  "ms:recipes/decorations/nature/apple_sapling": {
    "criteria": {
      "has_sapling": "2024-06-29 23:50:52 +0000"
    },
    "done": true
  },
  "ms:recipes/tools/misc/handheld_table": {
    "criteria": {
      "has_table": "2024-06-29 23:11:04 +0000"
    },
    "done": true
  },
  "securitycraft:recipes/misc/motion_activated_light": {
    "criteria": {
      "has_stick": "2024-06-29 23:11:14 +0000"
    },
    "done": true
  },
  "minecraft:recipes/food/cooked_mutton_from_smoking": {
    "criteria": {
      "has_mutton": "2024-06-29 23:12:30 +0000"
    },
    "done": true
  },
  "minecraft:recipes/building_blocks/light_blue_wool": {
    "criteria": {
      "has_white_wool": "2024-06-29 23:12:30 +0000"
    },
    "done": true
  },
  "ms:recipes/building_blocks/dyed/lime_wooden_planks": {
    "criteria": {
      "has_planks": "2024-06-29 23:10:48 +0000"
    },
    "done": true
  },
  "ms:recipes/decorations/shop/acacia": {
    "criteria": {
      "has_material": "2024-06-29 23:17:56 +0000"
    },
    "done": true
  },
  "minecraft:recipes/decorations/oak_sign": {
    "criteria": {
      "has_planks": "2024-06-29 23:51:26 +0000"
    },
    "done": true
  },
  "ms:recipes/building_blocks/stair/wool_grey": {
    "criteria": {
      "material": "2024-06-29 23:19:44 +0000"
    },
    "done": true
  },
  "ms:recipes/decorations/barrel/light_blue_barrel": {
    "criteria": {
      "plank": "2024-06-29 23:10:48 +0000"
    },
    "done": true
  },
  "ms:recipes/building_blocks/stair/silverbellstair_woodcutting": {
    "criteria": {
      "nature/silverbell_planks": "2024-06-29 23:10:48 +0000"
    },
    "done": true
  },
  "aquaculture:recipes/decorations/birch_fish_mount": {
    "criteria": {
      "has_items": "2024-06-29 23:09:15 +0000"
    },
    "done": true
  },
  "ms:recipes/building_blocks/dyed/orange_wooden_planks": {
    "criteria": {
      "has_planks": "2024-06-29 23:10:48 +0000"
    },
    "done": true
  },
  "minecraft:recipes/building_blocks/red_wool": {
    "criteria": {
      "has_white_wool": "2024-06-29 23:12:30 +0000"
    },
    "done": true
  },
  "ms:recipes/decorations/barrel/cyan_barrel": {
    "criteria": {
      "plank": "2024-06-29 23:10:48 +0000"
    },
    "done": true
  },
  "ms:recipes/decorations/seat/oak_stool": {
    "criteria": {
      "has_plank": "2024-06-29 23:51:26 +0000"
    },
    "done": true
  },
  "ms:recipes/decorations/crafting/glasscutter": {
    "criteria": {
      "has_stone": "2024-06-29 23:36:47 +0000"
    },
    "done": true
  },
  "ms:ore/all_gem": {
    "criteria": {
      "onyx": "2024-06-29 23:39:30 +0000",
      "olivine": "2024-06-29 23:39:13 +0000"
    },
    "done": false
  },
  "tombstone:recipes/from_grave_key": {
    "criteria": {
      "has_ingredient": "2024-06-29 23:26:43 +0000"
    },
    "done": true
  },
  "ms:recipes/decorations/barrel/pink_barrel": {
    "criteria": {
      "plank": "2024-06-29 23:10:48 +0000"
    },
    "done": true
  },
  "minecraft:story/mine_stone": {
    "criteria": {
      "get_stone": "2024-06-29 23:34:20 +0000"
    },
    "done": true
  },
  "minecraft:recipes/decorations/furnace": {
    "criteria": {
      "has_cobblestone": "2024-06-29 23:34:20 +0000"
    },
    "done": true
  },
  "ms:recipes/tools/tool/olivine_hoe": {
    "criteria": {
      "material": "2024-06-29 23:39:13 +0000"
    },
    "done": true
  },
  "aquaculture:recipes/misc/iron_nugget_from_smelting": {
    "criteria": {
      "has_fishing_rod": "2024-06-29 23:09:15 +0000",
      "has_fillet_knife": "2024-06-29 23:09:15 +0000"
    },
    "done": true
  },
  "securitycraft:recipes/redstone/reinforced_spruce_fence_gate": {
    "criteria": {
      "has_stick": "2024-06-29 23:11:14 +0000"
    },
    "done": true
  },
  "minecraft:recipes/building_blocks/pink_wool": {
    "criteria": {
      "has_white_wool": "2024-06-29 23:12:30 +0000"
    },
    "done": true
  },
  "ms:recipes/building_blocks/stair/silverbellstair": {
    "criteria": {
      "material": "2024-06-29 23:10:48 +0000"
    },
    "done": true
  },
  "ms:recipes/food/food/golden_potato": {
    "criteria": {
      "has_bread": "2024-06-29 23:33:08 +0000"
    },
    "done": true
  },
  "securitycraft:recipes/building_blocks/reinforced_andesite_with_vanilla_diorite": {
    "criteria": {
      "has_cobblestone": "2024-06-29 23:34:20 +0000"
    },
    "done": true
  },
  "aquaculture:recipes/tools/golden_fishing_rod": {
    "criteria": {
      "has_vanilla_rod": "2024-06-29 23:09:15 +0000"
    },
    "done": true
  },
  "ms:recipes/decorations/crafting/woodcutter": {
    "criteria": {
      "has_stone": "2024-06-29 23:36:47 +0000"
    },
    "done": true
  },
  "aquaculture:recipes/misc/gold_nugget_from_smelting": {
    "criteria": {
      "has_fishing_rod": "2024-06-29 23:09:15 +0000",
      "has_fillet_knife": "2024-06-29 23:09:15 +0000"
    },
    "done": true
  },
  "minecraft:recipes/building_blocks/cobblestone_slab_from_cobblestone_stonecutting": {
    "criteria": {
      "has_cobblestone": "2024-06-29 23:34:20 +0000"
    },
    "done": true
  },
  "ms:recipes/building_blocks/stone_kiln": {
    "criteria": {
      "has": "2024-06-29 23:34:20 +0000"
    },
    "done": true
  },
  "minecraft:adventure/kill_all_mobs": {
    "criteria": {
      "minecraft:skeleton": "2024-06-29 23:27:19 +0000",
      "minecraft:spider": "2024-06-29 23:28:40 +0000",
      "minecraft:zombie": "2024-06-29 23:25:41 +0000"
    },
    "done": false
  },
  "ms:recipes/building_blocks/vertical/marble_stonecutting": {
    "criteria": {
      "stone/marble": "2024-06-29 23:36:47 +0000"
    },
    "done": true
  },
  "chococraft:recipes/food/gysahl_cake": {
    "criteria": {
      "has_gysahl_green": "2024-06-29 23:18:55 +0000"
    },
    "done": true
  },
  "ms:recipes/building_blocks/dyed/light_grey_wooden_planks": {
    "criteria": {
      "has_planks": "2024-06-29 23:10:48 +0000"
    },
    "done": true
  },
  "minecraft:recipes/building_blocks/stone": {
    "criteria": {
      "has_cobblestone": "2024-06-29 23:34:20 +0000"
    },
    "done": true
  },
  "ms:recipes/building_blocks/wall/wool_grey": {
    "criteria": {
      "material": "2024-06-29 23:19:44 +0000"
    },
    "done": true
  },
  "ms:recipes/building_blocks/slab/tigerwood_slab_woodcutting": {
    "criteria": {
      "nature/tigerwood_planks": "2024-06-29 23:20:28 +0000"
    },
    "done": true
  },
  "aquaculture:recipes/misc/bonemeal_from_fish_bones": {
    "criteria": {
      "has_items": "2024-06-29 23:09:15 +0000"
    },
    "done": true
  },
  "ms:recipes/combat/tool/onyx_sword": {
    "criteria": {
      "material": "2024-06-29 23:39:30 +0000"
    },
    "done": true
  },
  "tombstone:adventure/cancel_ghostly_shape": {
    "criteria": {
      "coded_trigger": "2024-06-29 23:27:09 +0000"
    },
    "done": true
  },
  "ms:recipes/building_blocks/dyed/pink_cobblestone": {
    "criteria": {
      "has_cobblestone": "2024-06-29 23:34:20 +0000"
    },
    "done": true
  },
  "minecraft:recipes/redstone/acacia_door": {
    "criteria": {
      "has_planks": "2024-06-29 23:17:56 +0000"
    },
    "done": true
  },
  "ms:recipes/building_blocks/dyed/purple_cobblestone": {
    "criteria": {
      "has_cobblestone": "2024-06-29 23:34:20 +0000"
    },
    "done": true
  },
  "ms:recipes/building_blocks/slab/wool_grey": {
    "criteria": {
      "material": "2024-06-29 23:19:44 +0000"
    },
    "done": true
  },
  "securitycraft:recipes/misc/reinforced_acacia_fence": {
    "criteria": {
      "has_stick": "2024-06-29 23:11:14 +0000"
    },
    "done": true
  },
  "ms:recipes/building_blocks/nature/stripped_tigerwood_log_woodcutting": {
    "criteria": {
      "nature/tigerwood_log": "2024-06-29 23:20:21 +0000"
    },
    "done": true
  },
  "ms:recipes/decorations/crafting/acacia_butter_churn": {
    "criteria": {
      "has_rod": "2024-06-29 23:11:14 +0000"
    },
    "done": true
  },
  "ms:root": {
    "criteria": {
      "in_modded_overworld": "2024-06-29 23:09:16 +0000"
    },
    "done": true
  },
  "ms:recipes/food/food/llama_sandwich": {
    "criteria": {
      "bread": "2024-06-29 23:33:06 +0000"
    },
    "done": true
  },
  "ms:recipes/decorations/barrel/green_barrel": {
    "criteria": {
      "plank": "2024-06-29 23:10:48 +0000"
    },
    "done": true
  },
  "ms:recipes/decorations/fence/silverbellfence": {
    "criteria": {
      "has_plank": "2024-06-29 23:10:48 +0000"
    },
    "done": true
  },
  "ms:recipes/building_blocks/dyed/black_wooden_planks": {
    "criteria": {
      "has_planks": "2024-06-29 23:10:48 +0000"
    },
    "done": true
  },
  "ms:recipes/food/food/chicken_stew": {
    "criteria": {
      "potato": "2024-06-29 23:33:08 +0000"
    },
    "done": true
  },
  "ms:recipes/decorations/shop/oak": {
    "criteria": {
      "has_material": "2024-06-29 23:51:26 +0000"
    },
    "done": true
  },
  "chococraft:recipes/misc/chocopedia": {
    "criteria": {
      "has_gysahl_green": "2024-06-29 23:18:55 +0000"
    },
    "done": true
  },
  "ms:recipes/redstone/button/tigerwood_button": {
    "criteria": {
      "item": "2024-06-29 23:20:28 +0000"
    },
    "done": true
  },
  "ms:recipes/building_blocks/acacia_planks_woodcutting": {
    "criteria": {
      "item": "2024-06-29 23:17:44 +0000"
    },
    "done": true
  },
  "ms:recipes/redstone/trapdoor/tigerwood": {
    "criteria": {
      "has_material": "2024-06-29 23:20:28 +0000"
    },
    "done": true
  },
  "ms:recipes/food/food/raw_bacon": {
    "criteria": {
      "item_1": "2024-06-30 00:13:31 +0000"
    },
    "done": true
  },
  "aquaculture:recipes/misc/brown_mushroom_from_fish": {
    "criteria": {
      "has_items": "2024-06-29 23:09:15 +0000"
    },
    "done": true
  },
  "ms:recipes/decorations/seat/acacia_chair_woodcutting": {
    "criteria": {
      "acacia_planks": "2024-06-29 23:17:56 +0000"
    },
    "done": true
  },
  "chococraft:recipes/misc/pink_gysahl": {
    "criteria": {
      "has_gysahl_green": "2024-06-29 23:18:55 +0000"
    },
    "done": true
  },
  "minecraft:recipes/decorations/light_blue_bed_from_white_bed": {
    "criteria": {
      "has_bed": "2024-06-29 23:32:34 +0000"
    },
    "done": true
  },
  "minecraft:recipes/tools/stone_pickaxe": {
    "criteria": {
      "has_cobblestone": "2024-06-29 23:34:20 +0000"
    },
    "done": true
  },
  "ms:recipes/building_blocks/slab/marble_stonecutting": {
    "criteria": {
      "stone/marble": "2024-06-29 23:36:47 +0000"
    },
    "done": true
  },
  "ms:recipes/tools/tool/onyx_pickaxe": {
    "criteria": {
      "material": "2024-06-29 23:39:30 +0000"
    },
    "done": true
  },
  "aquaculture:recipes/tools/wooden_fillet_knife": {
    "criteria": {
      "has_items": "2024-06-29 23:11:14 +0000"
    },
    "done": true
  },
  "minecraft:recipes/tools/wooden_hoe": {
    "criteria": {
      "has_stick": "2024-06-29 23:11:14 +0000"
    },
    "done": true
  },
  "minecraft:recipes/redstone/oak_fence_gate": {
    "criteria": {
      "has_planks": "2024-06-29 23:51:26 +0000"
    },
    "done": true
  },
  "minecraft:recipes/misc/charcoal": {
    "criteria": {
      "has_log": "2024-06-29 23:10:25 +0000"
    },
    "done": true
  },
  "securitycraft:recipes/misc/sonic_security_system": {
    "criteria": {
      "has_stick": "2024-06-29 23:11:14 +0000"
    },
    "done": true
  },
  "aquaculture:recipes/misc/neptinium_ingot_from_blasting": {
    "criteria": {
      "has_leggings": "2024-06-29 23:09:15 +0000",
      "has_axe": "2024-06-29 23:09:15 +0000",
      "has_helmet": "2024-06-29 23:09:15 +0000",
      "has_fishing_rod": "2024-06-29 23:09:15 +0000",
      "has_bow": "2024-06-29 23:09:15 +0000",
      "has_chestplate": "2024-06-29 23:09:15 +0000",
      "has_sword": "2024-06-29 23:09:15 +0000",
      "has_fillet_knife": "2024-06-29 23:09:15 +0000",
      "has_shovel": "2024-06-29 23:09:15 +0000",
      "has_hoe": "2024-06-29 23:09:15 +0000",
      "has_boots": "2024-06-29 23:09:15 +0000",
      "has_pickaxe": "2024-06-29 23:09:15 +0000"
    },
    "done": true
  },
  "minecraft:recipes/decorations/blue_bed_from_white_bed": {
    "criteria": {
      "has_bed": "2024-06-29 23:32:34 +0000"
    },
    "done": true
  },
  "backpacked:recipes/backpacked/crimson_backpack_shelf": {
    "criteria": {
      "has_stick": "2024-06-29 23:11:14 +0000"
    },
    "done": true
  },
  "ms:recipes/decorations/fence/coalfence": {
    "criteria": {
      "material": "2024-06-29 23:37:01 +0000"
    },
    "done": true
  },
  "ms:recipes/building_blocks/oak_stairs_woodcutting": {
    "criteria": {
      "oak_planks": "2024-06-29 23:51:26 +0000"
    },
    "done": true
  },
  "ms:recipes/building_blocks/stone/marble_pillar_stonecutting": {
    "criteria": {
      "item": "2024-06-29 23:36:47 +0000"
    },
    "done": true
  },
  "aquaculture:recipes/decorations/dark_oak_fish_mount": {
    "criteria": {
      "has_items": "2024-06-29 23:09:15 +0000"
    },
    "done": true
  },
  "ms:recipes/building_blocks/resources/onyx_block": {
    "criteria": {
      "material": "2024-06-29 23:39:30 +0000"
    },
    "done": true
  },
  "ms:recipes/decorations/crafting/bamboo_crafting_table": {
    "criteria": {
      "has_crafting_table": "2024-06-29 23:11:04 +0000"
    },
    "done": true
  },
  "minecraft:recipes/tools/wooden_shovel": {
    "criteria": {
      "has_stick": "2024-06-29 23:11:14 +0000"
    },
    "done": true
  },
  "ms:recipes/redstone/acacia_fence_gate_woodcutting": {
    "criteria": {
      "acacia_planks": "2024-06-29 23:17:56 +0000"
    },
    "done": true
  },
  "minecraft:adventure/root": {
    "criteria": {
      "killed_something": "2024-06-29 23:12:30 +0000"
    },
    "done": true
  },
  "ms:recipes/decorations/seat/acacia_stool_woodcutting": {
    "criteria": {
      "acacia_planks": "2024-06-29 23:17:56 +0000"
    },
    "done": true
  },
  "minecraft:recipes/building_blocks/black_wool": {
    "criteria": {
      "has_white_wool": "2024-06-29 23:12:30 +0000"
    },
    "done": true
  },
  "ms:recipes/building_blocks/wall/marble_stonecutting": {
    "criteria": {
      "stone/marble": "2024-06-29 23:36:47 +0000"
    },
    "done": true
  },
  "aquaculture:recipes/aquaculture/diamond_hook": {
    "criteria": {
      "has_items": "2024-06-29 23:09:15 +0000"
    },
    "done": true
  },
  "aquaculture:recipes/food/sushi": {
    "criteria": {
      "has_alt_items": "2024-06-29 23:09:15 +0000",
      "has_items": "2024-06-29 23:09:15 +0000"
    },
    "done": true
  },
  "ms:recipes/tools/tool/bone_pickaxe": {
    "criteria": {
      "material": "2024-06-29 23:27:21 +0000"
    },
    "done": true
  },
  "minecraft:recipes/decorations/barrel": {
    "criteria": {
      "has_planks": "2024-06-29 23:10:48 +0000"
    },
    "done": true
  },
  "ms:recipes/building_blocks/stair/marble_stonecutting": {
    "criteria": {
      "stone/marble": "2024-06-29 23:36:47 +0000"
    },
    "done": true
  },
  "ms:recipes/decorations/barrel/orange_barrel": {
    "criteria": {
      "plank": "2024-06-29 23:10:48 +0000"
    },
    "done": true
  },
  "ms:recipes/decorations/crafting/jungle_butter_churn": {
    "criteria": {
      "has_rod": "2024-06-29 23:11:14 +0000"
    },
    "done": true
  },
  "minecraft:recipes/decorations/white_bed": {
    "criteria": {
      "has_white_wool": "2024-06-29 23:12:30 +0000"
    },
    "done": true
  },
  "ms:recipes/combat/armor/coal_legs": {
    "criteria": {
      "material": "2024-06-29 23:37:01 +0000"
    },
    "done": true
  },
  "securitycraft:recipes/misc/reinforced_birch_fence": {
    "criteria": {
      "has_stick": "2024-06-29 23:11:14 +0000"
    },
    "done": true
  },
  "aquaculture:recipes/misc/red_mushroom_from_fish": {
    "criteria": {
      "has_items": "2024-06-29 23:09:15 +0000"
    },
    "done": true
  },
  "securitycraft:recipes/misc/sc_manual": {
    "criteria": {
      "has_wood": "2024-06-29 23:10:25 +0000"
    },
    "done": true
  },
  "aquaculture:recipes/building_blocks/planks_from_driftwood": {
    "criteria": {
      "has_items": "2024-06-29 23:09:15 +0000"
    },
    "done": true
  },
  "ms:recipes/building_blocks/vertical/tigerwood_woodcutting": {
    "criteria": {
      "nature/tigerwood_planks": "2024-06-29 23:20:28 +0000"
    },
    "done": true
  },
  "minecraft:recipes/tools/stone_shovel": {
    "criteria": {
      "has_cobblestone": "2024-06-29 23:34:20 +0000"
    },
    "done": true
  },
  "tombstone:adventure/root": {
    "criteria": {
      "auto": "2024-06-29 23:09:16 +0000"
    },
    "done": true
  },
  "ms:recipes/building_blocks/dyed/yellow_wooden_planks": {
    "criteria": {
      "has_planks": "2024-06-29 23:10:48 +0000"
    },
    "done": true
  },
  "ms:recipes/building_blocks/gate/tigerwoodgate_woodcutting": {
    "criteria": {
      "nature/tigerwood_planks": "2024-06-29 23:20:28 +0000"
    },
    "done": true
  },
  "minecraft:recipes/building_blocks/oak_wood": {
    "criteria": {
      "has_log": "2024-06-29 23:50:29 +0000"
    },
    "done": true
  },
  "ms:recipes/food/food/cheese_sandwich": {
    "criteria": {
      "bread": "2024-06-29 23:33:06 +0000"
    },
    "done": true
  },
  "minecraft:recipes/food/cake": {
    "criteria": {
      "has_egg": "2024-06-29 23:26:08 +0000"
    },
    "done": true
  },
  "minecraft:recipes/decorations/gray_bed": {
    "criteria": {
      "has_gray_wool": "2024-06-29 23:19:44 +0000"
    },
    "done": true
  },
  "aquaculture:recipes/aquaculture/worm_farm": {
    "criteria": {
      "has_items": "2024-06-29 23:09:15 +0000"
    },
    "done": true
  },
  "ms:recipes/building_blocks/wall/wool_white": {
    "criteria": {
      "material": "2024-06-29 23:12:30 +0000"
    },
    "done": true
  },
  "ms:recipes/food/food/salmon_sandwich": {
    "criteria": {
      "bread": "2024-06-29 23:33:06 +0000"
    },
    "done": true
  },
  "ms:recipes/decorations/seat/oak_stool_woodcutting": {
    "criteria": {
      "oak_planks": "2024-06-29 23:51:26 +0000"
    },
    "done": true
  },
  "ms:recipes/decorations/crafting/acacia_crafting_table": {
    "criteria": {
      "has_crafting_table": "2024-06-29 23:11:04 +0000"
    },
    "done": true
  },
  "ms:recipes/building_blocks/nature/silverbell_wood": {
    "criteria": {
      "has_log": "2024-06-29 23:10:25 +0000"
    },
    "done": true
  },
  "ms:recipes/decorations/seat/acacia_chair": {
    "criteria": {
      "has_plank": "2024-06-29 23:17:56 +0000"
    },
    "done": true
  },
  "ms:recipes/decorations/fence/olivinefence": {
    "criteria": {
      "material": "2024-06-29 23:39:13 +0000"
    },
    "done": true
  },
  "ms:recipes/food/egg_campfire": {
    "criteria": {
      "is_food": "2024-06-29 23:26:08 +0000"
    },
    "done": true
  },
  "minecraft:recipes/building_blocks/light_gray_wool": {
    "criteria": {
      "has_white_wool": "2024-06-29 23:12:30 +0000"
    },
    "done": true
  },
  "aquaculture:recipes/aquaculture/note_hook": {
    "criteria": {
      "has_items": "2024-06-29 23:09:15 +0000"
    },
    "done": true
  },
  "aquaculture:recipes/food/cooked_fish_fillet_from_campfire": {
    "criteria": {
      "has_items": "2024-06-29 23:09:15 +0000"
    },
    "done": true
  },
  "ms:recipes/decorations/fence/onyxfence": {
    "criteria": {
      "material": "2024-06-29 23:39:30 +0000"
    },
    "done": true
  },
  "chococraft:recipes/food/pickled_gysahl_raw": {
    "criteria": {
      "has_gysahl_green": "2024-06-29 23:18:55 +0000"
    },
    "done": true
  },
  "ms:recipes/redstone/pressureplate/silverbell_pressureplate_woodcutting": {
    "criteria": {
      "nature/silverbell_planks": "2024-06-29 23:10:48 +0000"
    },
    "done": true
  },
  "ms:recipes/misc/charcoal_kiln": {
    "criteria": {
      "has": "2024-06-29 23:10:25 +0000"
    },
    "done": true
  },
  "ms:recipes/decorations/sign/tigerwood_sign": {
    "criteria": {
      "has_plank": "2024-06-29 23:20:28 +0000"
    },
    "done": true
  },
  "minecraft:recipes/food/baked_potato": {
    "criteria": {
      "has_potato": "2024-06-29 23:33:08 +0000"
    },
    "done": true
  },
  "securitycraft:recipes/redstone/laser_block": {
    "criteria": {
      "has_stone": "2024-06-29 23:34:20 +0000"
    },
    "done": true
  },
  "minecraft:recipes/decorations/painting": {
    "criteria": {
      "has_wool": "2024-06-29 23:12:30 +0000"
    },
    "done": true
  },
  "ms:recipes/building_blocks/vertical/tigerwood": {
    "criteria": {
      "material": "2024-06-29 23:20:28 +0000"
    },
    "done": true
  },
  "aquaculture:recipes/aquaculture/gold_hook": {
    "criteria": {
      "has_items": "2024-06-29 23:09:15 +0000"
    },
    "done": true
  },
  "minecraft:recipes/redstone/acacia_trapdoor": {
    "criteria": {
      "has_planks": "2024-06-29 23:17:56 +0000"
    },
    "done": true
  },
  "ms:recipes/combat/armor/onyx_legs": {
    "criteria": {
      "material": "2024-06-29 23:39:30 +0000"
    },
    "done": true
  },
  "ms:recipes/food/food/golden_bread": {
    "criteria": {
      "has_bread": "2024-06-29 23:33:06 +0000"
    },
    "done": true
  },
  "ms:recipes/decorations/crafting/dark_oak_butter_churn": {
    "criteria": {
      "has_rod": "2024-06-29 23:11:14 +0000"
    },
    "done": true
  },
  "ms:recipes/tools/misc/mortar_pestle": {
    "criteria": {
      "has_stick": "2024-06-29 23:11:14 +0000"
    },
    "done": true
  },
  "ms:recipes/decorations/barrel/brown_barrel": {
    "criteria": {
      "plank": "2024-06-29 23:10:48 +0000"
    },
    "done": true
  },
  "ms:recipes/building_blocks/resources/olivine_block": {
    "criteria": {
      "material": "2024-06-29 23:39:13 +0000"
    },
    "done": true
  },
  "ms:recipes/food/food/honey_sandwich": {
    "criteria": {
      "bread": "2024-06-29 23:33:06 +0000"
    },
    "done": true
  },
  "securitycraft:recipes/misc/reinforced_jungle_fence": {
    "criteria": {
      "has_stick": "2024-06-29 23:11:14 +0000"
    },
    "done": true
  },
  "aquaculture:recipes/decorations/spruce_fish_mount": {
    "criteria": {
      "has_items": "2024-06-29 23:09:15 +0000"
    },
    "done": true
  },
  "minecraft:recipes/building_blocks/oak_stairs": {
    "criteria": {
      "has_planks": "2024-06-29 23:51:26 +0000"
    },
    "done": true
  },
  "ms:recipes/building_blocks/slab/wool_white": {
    "criteria": {
      "material": "2024-06-29 23:12:30 +0000"
    },
    "done": true
  },
  "minecraft:recipes/decorations/gray_bed_from_white_bed": {
    "criteria": {
      "has_bed": "2024-06-29 23:32:34 +0000"
    },
    "done": true
  },
  "ms:recipes/decorations/table/oak_table": {
    "criteria": {
      "has_plank": "2024-06-29 23:51:26 +0000"
    },
    "done": true
  },
  "ms:recipes/food/food/caramel_apple": {
    "criteria": {
      "has_stick": "2024-06-29 23:11:14 +0000"
    },
    "done": true
  },
  "minecraft:recipes/decorations/oak_fence": {
    "criteria": {
      "has_planks": "2024-06-29 23:51:26 +0000"
    },
    "done": true
  },
  "minecraft:recipes/food/cooked_porkchop_from_campfire_cooking": {
    "criteria": {
      "has_porkchop": "2024-06-30 00:13:31 +0000"
    },
    "done": true
  },
  "ms:recipes/building_blocks/stripped_oak_log_woodcutting": {
    "criteria": {
      "oak_log": "2024-06-29 23:50:29 +0000"
    },
    "done": true
  },
  "ms:recipes/building_blocks/pillar/wool_grey": {
    "criteria": {
      "material": "2024-06-29 23:19:44 +0000"
    },
    "done": true
  },
  "ms:recipes/food/food/mashed_potatos": {
    "criteria": {
      "item_3": "2024-06-29 23:33:08 +0000",
      "item_2": "2024-06-29 23:33:08 +0000"
    },
    "done": true
  },
  "ms:recipes/redstone/button/silverbell_button": {
    "criteria": {
      "item": "2024-06-29 23:10:48 +0000"
    },
    "done": true
  },
  "ms:recipes/decorations/crafting/spruce_butter_churn": {
    "criteria": {
      "has_rod": "2024-06-29 23:11:14 +0000"
    },
    "done": true
  },
  "ms:recipes/redstone/door/silverbell": {
    "criteria": {
      "has_material": "2024-06-29 23:10:48 +0000"
    },
    "done": true
  },
  "ms:recipes/building_blocks/dyed/magenta_cobblestone": {
    "criteria": {
      "has_cobblestone": "2024-06-29 23:34:20 +0000"
    },
    "done": true
  },
  "ms:recipes/building_blocks/dyed/yellow_cobblestone": {
    "criteria": {
      "has_cobblestone": "2024-06-29 23:34:20 +0000"
    },
    "done": true
  },
  "ms:recipes/decorations/table/silverbell_table_woodcutting": {
    "criteria": {
      "nature/silverbell_planks": "2024-06-29 23:10:48 +0000"
    },
    "done": true
  },
  "minecraft:husbandry/root": {
    "criteria": {
      "consumed_item": "2024-06-29 23:13:31 +0000"
    },
    "done": true
  },
  "minecraft:recipes/transportation/birch_boat": {
    "criteria": {
      "in_water": "2024-06-29 23:29:39 +0000"
    },
    "done": true
  },
  "ms:recipes/redstone/button/tigerwood_button_woodcutting": {
    "criteria": {
      "nature/tigerwood_planks": "2024-06-29 23:20:28 +0000"
    },
    "done": true
  },
  "minecraft:recipes/decorations/white_carpet": {
    "criteria": {
      "has_white_wool": "2024-06-29 23:12:30 +0000"
    },
    "done": true
  },
  "minecraft:recipes/transportation/oak_boat": {
    "criteria": {
      "in_water": "2024-06-29 23:29:39 +0000"
    },
    "done": true
  },
  "ms:recipes/building_blocks/dyed/red_wooden_planks": {
    "criteria": {
      "has_planks": "2024-06-29 23:10:48 +0000"
    },
    "done": true
  },
  "aquaculture:recipes/misc/tin_can_to_iron_nugget_from_blasting": {
    "criteria": {
      "has_items": "2024-06-29 23:09:15 +0000"
    },
    "done": true
  },
  "minecraft:recipes/redstone/acacia_fence_gate": {
    "criteria": {
      "has_planks": "2024-06-29 23:17:56 +0000"
    },
    "done": true
  },
  "minecraft:recipes/building_blocks/coal_block": {
    "criteria": {
      "has_coal": "2024-06-29 23:37:01 +0000"
    },
    "done": true
  },
  "ms:recipes/decorations/barrel/white_barrel": {
    "criteria": {
      "plank": "2024-06-29 23:10:48 +0000"
    },
    "done": true
  },
  "ms:recipes/decorations/crafting/mangrove_crafting_table": {
    "criteria": {
      "has_crafting_table": "2024-06-29 23:11:04 +0000"
    },
    "done": true
  },
  "securitycraft:recipes/redstone/reinforced_acacia_fence_gate": {
    "criteria": {
      "has_stick": "2024-06-29 23:11:14 +0000"
    },
    "done": true
  },
  "minecraft:recipes/redstone/oak_button": {
    "criteria": {
      "has_planks": "2024-06-29 23:51:26 +0000"
    },
    "done": true
  },
  "ms:recipes/redstone/trapdoor/silverbell": {
    "criteria": {
      "has_material": "2024-06-29 23:10:48 +0000"
    },
    "done": true
  },
  "minecraft:recipes/building_blocks/magenta_wool": {
    "criteria": {
      "has_white_wool": "2024-06-29 23:12:30 +0000"
    },
    "done": true
  },
  "minecraft:recipes/decorations/torch": {
    "criteria": {
      "has_stone_pickaxe": "2024-06-29 23:38:10 +0000"
    },
    "done": true
  },
  "ms:recipes/decorations/barrel/black_barrel": {
    "criteria": {
      "plank": "2024-06-29 23:10:48 +0000"
    },
    "done": true
  },
  "securitycraft:recipes/misc/reinforced_cherry_fence": {
    "criteria": {
      "has_stick": "2024-06-29 23:11:14 +0000"
    },
    "done": true
  },
  "aquaculture:recipes/aquaculture/redstone_hook": {
    "criteria": {
      "has_items": "2024-06-29 23:09:15 +0000"
    },
    "done": true
  },
  "securitycraft:recipes/redstone/reinforced_warped_fence_gate": {
    "criteria": {
      "has_stick": "2024-06-29 23:11:14 +0000"
    },
    "done": true
  },
  "ms:recipes/redstone/acacia_pressure_plate_woodcutting": {
    "criteria": {
      "acacia_planks": "2024-06-29 23:17:56 +0000"
    },
    "done": true
  },
  "ms:recipes/building_blocks/stair/marble": {
    "criteria": {
      "stone/marble": "2024-06-29 23:36:47 +0000"
    },
    "done": true
  },
  "ms:recipes/combat/arrow/aquamarine_arrow": {
    "criteria": {
      "has_stick": "2024-06-29 23:11:14 +0000"
    },
    "done": true
  },
  "ms:recipes/decorations/sign/tigerwood_sign_woodcutting": {
    "criteria": {
      "nature/tigerwood_planks": "2024-06-29 23:20:28 +0000"
    },
    "done": true
  },
  "ms:recipes/decorations/crafting/tigerwood_butter_churn": {
    "criteria": {
      "has_rod": "2024-06-29 23:11:14 +0000"
    },
    "done": true
  },
  "minecraft:recipes/decorations/purple_bed_from_white_bed": {
    "criteria": {
      "has_bed": "2024-06-29 23:32:34 +0000"
    },
    "done": true
  },
  "aquaculture:recipes/misc/gold_nugget_from_blasting": {
    "criteria": {
      "has_fishing_rod": "2024-06-29 23:09:15 +0000",
      "has_fillet_knife": "2024-06-29 23:09:15 +0000"
    },
    "done": true
  },
  "ms:recipes/building_blocks/vertical/acacia": {
    "criteria": {
      "material": "2024-06-29 23:17:56 +0000"
    },
    "done": true
  },
  "ms:recipes/building_blocks/vertical/oak": {
    "criteria": {
      "material": "2024-06-29 23:51:26 +0000"
    },
    "done": true
  },
  "aquaculture:recipes/aquaculture/bobber": {
    "criteria": {
      "has_items": "2024-06-29 23:09:15 +0000"
    },
    "done": true
  },
  "minecraft:recipes/food/cooked_mutton": {
    "criteria": {
      "has_mutton": "2024-06-29 23:12:30 +0000"
    },
    "done": true
  },
  "ms:recipes/food/food/tropical_fish_sandwich": {
    "criteria": {
      "bread": "2024-06-29 23:33:06 +0000"
    },
    "done": true
  },
  "minecraft:recipes/building_blocks/purple_wool": {
    "criteria": {
      "has_white_wool": "2024-06-29 23:12:30 +0000"
    },
    "done": true
  },
  "ms:recipes/food/food/chicken_sandwich": {
    "criteria": {
      "bread": "2024-06-29 23:33:06 +0000"
    },
    "done": true
  },
  "minecraft:recipes/building_blocks/cyan_wool": {
    "criteria": {
      "has_white_wool": "2024-06-29 23:12:30 +0000"
    },
    "done": true
  },
  "aquaculture:recipes/misc/gold_nugget_from_gold_fish": {
    "criteria": {
      "has_items": "2024-06-29 23:09:15 +0000"
    },
    "done": true
  },
  "minecraft:recipes/decorations/white_banner": {
    "criteria": {
      "has_white_wool": "2024-06-29 23:12:30 +0000"
    },
    "done": true
  },
  "aquaculture:recipes/food/cooked_fish_fillet_from_smoking": {
    "criteria": {
      "has_items": "2024-06-29 23:09:15 +0000"
    },
    "done": true
  },
  "minecraft:recipes/building_blocks/orange_wool": {
    "criteria": {
      "has_white_wool": "2024-06-29 23:12:30 +0000"
    },
    "done": true
  },
  "minecraft:recipes/decorations/green_bed_from_white_bed": {
    "criteria": {
      "has_bed": "2024-06-29 23:32:34 +0000"
    },
    "done": true
  },
  "ms:recipes/food/food/iron_bread": {
    "criteria": {
      "has_bread": "2024-06-29 23:33:06 +0000"
    },
    "done": true
  },
  "ms:recipes/building_blocks/dyed/white_wooden_planks": {
    "criteria": {
      "has_planks": "2024-06-29 23:10:48 +0000"
    },
    "done": true
  },
  "aquaculture:recipes/food/cooked_fish_fillet": {
    "criteria": {
      "has_items": "2024-06-29 23:09:15 +0000"
    },
    "done": true
  },
  "ms:recipes/decorations/seat/silverbell_chair_woodcutting": {
    "criteria": {
      "nature/silverbell_planks": "2024-06-29 23:10:48 +0000"
    },
    "done": true
  },
  "ms:recipes/misc/stick_woodcutting": {
    "criteria": {
      "item": "2024-06-29 23:10:48 +0000"
    },
    "done": true
  },
  "backpacked:recipes/backpacked/acacia_backpack_shelf": {
    "criteria": {
      "has_stick": "2024-06-29 23:11:14 +0000"
    },
    "done": true
  },
  "ms:recipes/misc/rotten_flesh_smelt": {
    "criteria": {
      "rotten_flesh": "2024-06-29 23:25:44 +0000"
    },
    "done": true
  },
  "ms:ore/all_resources": {
    "criteria": {
      "onyx": "2024-06-29 23:39:30 +0000",
      "olivine": "2024-06-29 23:39:13 +0000",
      "tin": "2024-06-29 23:41:27 +0000"
    },
    "done": false
  },
  "ms:recipes/misc/nugget/onyx_shard": {
    "criteria": {
      "item": "2024-06-29 23:39:30 +0000"
    },
    "done": true
  },
  "ms:recipes/decorations/crafting/birch_butter_churn": {
    "criteria": {
      "has_rod": "2024-06-29 23:11:14 +0000"
    },
    "done": true
  },
  "ms:recipes/building_blocks/dyed/cyan_cobblestone": {
    "criteria": {
      "has_cobblestone": "2024-06-29 23:34:20 +0000"
    },
    "done": true
  },
  "securitycraft:recipes/misc/reinforced_mangrove_fence": {
    "criteria": {
      "has_stick": "2024-06-29 23:11:14 +0000"
    },
    "done": true
  },
  "securitycraft:recipes/building_blocks/reinforced_andesite": {
    "criteria": {
      "has_cobblestone": "2024-06-29 23:34:20 +0000"
    },
    "done": true
  },
  "ms:recipes/building_blocks/dyed/brown_cobblestone": {
    "criteria": {
      "has_cobblestone": "2024-06-29 23:34:20 +0000"
    },
    "done": true
  },
  "ms:recipes/decorations/crafting/silverbell_crafting_table": {
    "criteria": {
      "has_plank": "2024-06-29 23:10:48 +0000"
    },
    "done": true
  },
  "ms:recipes/building_blocks/dyed/green_wooden_planks": {
    "criteria": {
      "has_planks": "2024-06-29 23:10:48 +0000"
    },
    "done": true
  },
  "securitycraft:recipes/building_blocks/reinforced_diorite": {
    "criteria": {
      "has_cobblestone": "2024-06-29 23:34:20 +0000"
    },
    "done": true
  },
  "ms:recipes/decorations/chest/tigerwood": {
    "criteria": {
      "plank": "2024-06-29 23:20:28 +0000"
    },
    "done": true
  },
  "ms:recipes/building_blocks/pillar/wool_white": {
    "criteria": {
      "material": "2024-06-29 23:12:30 +0000"
    },
    "done": true
  },
  "ms:recipes/building_blocks/vertical/wool_white": {
    "criteria": {
      "material": "2024-06-29 23:12:30 +0000"
    },
    "done": true
  },
  "minecraft:adventure/adventuring_time": {
    "criteria": {
      "minecraft:sparse_jungle": "2024-06-29 23:42:24 +0000",
      "minecraft:river": "2024-06-29 23:29:46 +0000",
      "minecraft:dripstone_caves": "2024-06-29 23:34:52 +0000",
      "minecraft:forest": "2024-06-29 23:49:44 +0000",
      "minecraft:old_growth_birch_forest": "2024-06-29 23:44:07 +0000",
      "minecraft:savanna": "2024-06-29 23:17:35 +0000",
      "minecraft:plains": "2024-06-29 23:09:16 +0000"
    },
    "done": false
  },
  "ms:recipes/tools/tool/bone_axe": {
    "criteria": {
      "material": "2024-06-29 23:27:21 +0000"
    },
    "done": true
  },
  "minecraft:recipes/building_blocks/cobblestone_stairs_from_cobblestone_stonecutting": {
    "criteria": {
      "has_cobblestone": "2024-06-29 23:34:20 +0000"
    },
    "done": true
  },
  "ms:ore/new_gem": {
    "criteria": {
      "olivine": "2024-06-29 23:39:13 +0000"
    },
    "done": true
  },
  "aquaculture:recipes/misc/neptunium_ingot_from_nuggets": {
    "criteria": {
      "has_items": "2024-06-29 23:09:15 +0000"
    },
    "done": true
  },
  "ms:recipes/building_blocks/stair/tigerwoodstair": {
    "criteria": {
      "material": "2024-06-29 23:20:28 +0000"
    },
    "done": true
  },
  "ms:recipes/decorations/seat/tigerwood_chair": {
    "criteria": {
      "has_plank": "2024-06-29 23:20:28 +0000"
    },
    "done": true
  },
  "minecraft:recipes/tools/stone_hoe": {
    "criteria": {
      "has_cobblestone": "2024-06-29 23:34:20 +0000"
    },
    "done": true
  },
  "aquaculture:recipes/misc/iron_nugget_from_blasting": {
    "criteria": {
      "has_fishing_rod": "2024-06-29 23:09:15 +0000",
      "has_fillet_knife": "2024-06-29 23:09:15 +0000"
    },
    "done": true
  },
  "ms:recipes/decorations/chest/acacia": {
    "criteria": {
      "plank": "2024-06-29 23:17:56 +0000"
    },
    "done": true
  },
  "mining_helmet:recipes/mining_helmet": {
    "criteria": {
      "has_lantern": "2024-06-29 23:09:15 +0000",
      "has_iron": "2024-06-29 23:09:15 +0000"
    },
    "done": true
  },
  "ms:recipes/tools/tool/olivine_shovel": {
    "criteria": {
      "material": "2024-06-29 23:39:13 +0000"
    },
    "done": true
  },
  "ms:recipes/tools/tool/onyx_axe": {
    "criteria": {
      "material": "2024-06-29 23:39:30 +0000"
    },
    "done": true
  },
  "minecraft:story/root": {
    "criteria": {
      "crafting_table": "2024-06-29 23:11:04 +0000"
    },
    "done": true
  },
  "securitycraft:recipes/misc/reinforced_spruce_fence": {
    "criteria": {
      "has_stick": "2024-06-29 23:11:14 +0000"
    },
    "done": true
  },
  "ms:recipes/decorations/crafting/hellwood_butter_churn": {
    "criteria": {
      "has_rod": "2024-06-29 23:11:14 +0000"
    },
    "done": true
  },
  "ms:recipes/decorations/oak_sign_woodcutting": {
    "criteria": {
      "oak_planks": "2024-06-29 23:51:26 +0000"
    },
    "done": true
  },
  "ms:recipes/food/food/mutton_sandwich": {
    "criteria": {
      "bread": "2024-06-29 23:33:06 +0000"
    },
    "done": true
  },
  "aquaculture:recipes/decorations/jungle_fish_mount": {
    "criteria": {
      "has_items": "2024-06-29 23:09:15 +0000"
    },
    "done": true
  },
  "ms:recipes/tools/tool/onyx_shovel": {
    "criteria": {
      "material": "2024-06-29 23:39:30 +0000"
    },
    "done": true
  },
  "DataVersion": 3337
}