{
  "aquaculture:recipes/aquaculture/heavy_hook": {
    "criteria": {
      "has_items": "2024-06-30 02:16:51 +0000"
    },
    "done": true
  },
  "aquaculture:recipes/misc/neptunium_ingot_from_neptunium_block": {
    "criteria": {
      "has_items": "2024-06-30 02:16:51 +0000"
    },
    "done": true
  },
  "minecraft:recipes/decorations/crafting_table": {
    "criteria": {
      "unlock_right_away": "2024-06-30 02:16:51 +0000"
    },
    "done": true
  },
  "aquaculture:recipes/decorations/acacia_fish_mount": {
    "criteria": {
      "has_items": "2024-06-30 02:16:51 +0000"
    },
    "done": true
  },
  "aquaculture:recipes/aquaculture/light_hook": {
    "criteria": {
      "has_items": "2024-06-30 02:16:51 +0000"
    },
    "done": true
  },
  "aquaculture:recipes/tools/iron_fishing_rod": {
    "criteria": {
      "has_vanilla_rod": "2024-06-30 02:16:51 +0000"
    },
    "done": true
  },
  "aquaculture:recipes/decorations/oak_fish_mount": {
    "criteria": {
      "has_items": "2024-06-30 02:16:51 +0000"
    },
    "done": true
  },
  "aquaculture:recipes/aquaculture/double_hook": {
    "criteria": {
      "has_items": "2024-06-30 02:16:51 +0000"
    },
    "done": true
  },
  "aquaculture:recipes/aquaculture/fishing_line": {
    "criteria": {
      "has_items": "2024-06-30 02:16:51 +0000"
    },
    "done": true
  },
  "aquaculture:recipes/aquaculture/iron_hook": {
    "criteria": {
      "has_items": "2024-06-30 02:16:51 +0000"
    },
    "done": true
  },
  "aquaculture:recipes/misc/jellyfish_to_slimeball": {
    "criteria": {
      "has_items": "2024-06-30 02:16:51 +0000"
    },
    "done": true
  },
  "aquaculture:recipes/tools/diamond_fishing_rod": {
    "criteria": {
      "has_vanilla_rod": "2024-06-30 02:16:51 +0000"
    },
    "done": true
  },
  "aquaculture:recipes/misc/tin_can_to_iron_nugget": {
    "criteria": {
      "has_items": "2024-06-30 02:16:51 +0000"
    },
    "done": true
  },
  "aquaculture:recipes/decorations/birch_fish_mount": {
    "criteria": {
      "has_items": "2024-06-30 02:16:51 +0000"
    },
    "done": true
  },
  "aquaculture:recipes/misc/iron_nugget_from_smelting": {
    "criteria": {
      "has_fishing_rod": "2024-06-30 02:16:51 +0000",
      "has_fillet_knife": "2024-06-30 02:16:51 +0000"
    },
    "done": true
  },
  "aquaculture:recipes/tools/golden_fishing_rod": {
    "criteria": {
      "has_vanilla_rod": "2024-06-30 02:16:51 +0000"
    },
    "done": true
  },
  "aquaculture:recipes/misc/gold_nugget_from_smelting": {
    "criteria": {
      "has_fishing_rod": "2024-06-30 02:16:51 +0000",
      "has_fillet_knife": "2024-06-30 02:16:51 +0000"
    },
    "done": true
  },
  "aquaculture:recipes/misc/bonemeal_from_fish_bones": {
    "criteria": {
      "has_items": "2024-06-30 02:16:51 +0000"
    },
    "done": true
  },
  "aquaculture:recipes/misc/brown_mushroom_from_fish": {
    "criteria": {
      "has_items": "2024-06-30 02:16:51 +0000"
    },
    "done": true
  },
  "aquaculture:recipes/misc/neptinium_ingot_from_blasting": {
    "criteria": {
      "has_leggings": "2024-06-30 02:16:51 +0000",
      "has_axe": "2024-06-30 02:16:51 +0000",
      "has_helmet": "2024-06-30 02:16:51 +0000",
      "has_fishing_rod": "2024-06-30 02:16:51 +0000",
      "has_bow": "2024-06-30 02:16:51 +0000",
      "has_chestplate": "2024-06-30 02:16:51 +0000",
      "has_sword": "2024-06-30 02:16:51 +0000",
      "has_fillet_knife": "2024-06-30 02:16:51 +0000",
      "has_shovel": "2024-06-30 02:16:51 +0000",
      "has_hoe": "2024-06-30 02:16:51 +0000",
      "has_boots": "2024-06-30 02:16:51 +0000",
      "has_pickaxe": "2024-06-30 02:16:51 +0000"
    },
    "done": true
  },
  "aquaculture:recipes/decorations/dark_oak_fish_mount": {
    "criteria": {
      "has_items": "2024-06-30 02:16:51 +0000"
    },
    "done": true
  },
  "aquaculture:recipes/aquaculture/diamond_hook": {
    "criteria": {
      "has_items": "2024-06-30 02:16:51 +0000"
    },
    "done": true
  },
  "aquaculture:recipes/food/sushi": {
    "criteria": {
      "has_alt_items": "2024-06-30 02:16:51 +0000",
      "has_items": "2024-06-30 02:16:51 +0000"
    },
    "done": true
  },
  "aquaculture:recipes/misc/red_mushroom_from_fish": {
    "criteria": {
      "has_items": "2024-06-30 02:16:51 +0000"
    },
    "done": true
  },
  "aquaculture:recipes/building_blocks/planks_from_driftwood": {
    "criteria": {
      "has_items": "2024-06-30 02:16:51 +0000"
    },
    "done": true
  },
  "aquaculture:recipes/aquaculture/worm_farm": {
    "criteria": {
      "has_items": "2024-06-30 02:16:51 +0000"
    },
    "done": true
  },
  "aquaculture:recipes/aquaculture/note_hook": {
    "criteria": {
      "has_items": "2024-06-30 02:16:51 +0000"
    },
    "done": true
  },
  "aquaculture:recipes/food/cooked_fish_fillet_from_campfire": {
    "criteria": {
      "has_items": "2024-06-30 02:16:51 +0000"
    },
    "done": true
  },
  "aquaculture:recipes/aquaculture/gold_hook": {
    "criteria": {
      "has_items": "2024-06-30 02:16:51 +0000"
    },
    "done": true
  },
  "aquaculture:recipes/decorations/spruce_fish_mount": {
    "criteria": {
      "has_items": "2024-06-30 02:16:51 +0000"
    },
    "done": true
  },
  "aquaculture:recipes/misc/tin_can_to_iron_nugget_from_blasting": {
    "criteria": {
      "has_items": "2024-06-30 02:16:51 +0000"
    },
    "done": true
  },
  "aquaculture:recipes/aquaculture/redstone_hook": {
    "criteria": {
      "has_items": "2024-06-30 02:16:51 +0000"
    },
    "done": true
  },
  "aquaculture:recipes/misc/gold_nugget_from_blasting": {
    "criteria": {
      "has_fishing_rod": "2024-06-30 02:16:51 +0000",
      "has_fillet_knife": "2024-06-30 02:16:51 +0000"
    },
    "done": true
  },
  "aquaculture:recipes/aquaculture/bobber": {
    "criteria": {
      "has_items": "2024-06-30 02:16:51 +0000"
    },
    "done": true
  },
  "aquaculture:recipes/misc/gold_nugget_from_gold_fish": {
    "criteria": {
      "has_items": "2024-06-30 02:16:51 +0000"
    },
    "done": true
  },
  "aquaculture:recipes/food/cooked_fish_fillet_from_smoking": {
    "criteria": {
      "has_items": "2024-06-30 02:16:51 +0000"
    },
    "done": true
  },
  "aquaculture:recipes/food/cooked_fish_fillet": {
    "criteria": {
      "has_items": "2024-06-30 02:16:51 +0000"
    },
    "done": true
  },
  "aquaculture:recipes/misc/neptunium_ingot_from_nuggets": {
    "criteria": {
      "has_items": "2024-06-30 02:16:51 +0000"
    },
    "done": true
  },
  "aquaculture:recipes/misc/iron_nugget_from_blasting": {
    "criteria": {
      "has_fishing_rod": "2024-06-30 02:16:51 +0000",
      "has_fillet_knife": "2024-06-30 02:16:51 +0000"
    },
    "done": true
  },
  "mining_helmet:recipes/mining_helmet": {
    "criteria": {
      "has_lantern": "2024-06-30 02:16:51 +0000",
      "has_iron": "2024-06-30 02:16:51 +0000"
    },
    "done": true
  },
  "aquaculture:recipes/decorations/jungle_fish_mount": {
    "criteria": {
      "has_items": "2024-06-30 02:16:51 +0000"
    },
    "done": true
  },
  "ms:root": {
    "criteria": {
      "in_modded_overworld": "2024-06-30 02:16:52 +0000"
    },
    "done": true
  },
  "tombstone:adventure/root": {
    "criteria": {
      "auto": "2024-06-30 02:16:52 +0000"
    },
    "done": true
  },
  "minecraft:adventure/adventuring_time": {
    "criteria": {
      "minecraft:river": "2024-06-30 02:17:37 +0000",
      "minecraft:dripstone_caves": "2024-06-30 03:07:07 +0000",
      "minecraft:forest": "2024-06-30 02:17:38 +0000",
      "minecraft:savanna": "2024-06-30 02:35:08 +0000",
      "minecraft:plains": "2024-06-30 02:16:52 +0000"
    },
    "done": false
  },
  "chococraft:recipes/misc/chocobo_saddle_alt": {
    "criteria": {
      "has_chocobo_feather": "2024-06-30 02:17:15 +0000"
    },
    "done": true
  },
  "chococraft:recipes/misc/chocobo_saddle": {
    "criteria": {
      "has_chocobo_feather": "2024-06-30 02:17:15 +0000"
    },
    "done": true
  },
  "chococraft:recipes/misc/choco_disguise_boots": {
    "criteria": {
      "has_chocobo_feather": "2024-06-30 02:17:15 +0000"
    },
    "done": true
  },
  "chococraft:recipes/misc/chocobo_saddle_bags": {
    "criteria": {
      "has_chocobo_feather": "2024-06-30 02:17:15 +0000"
    },
    "done": true
  },
  "chococraft:recipes/misc/choco_disguise_leggings": {
    "criteria": {
      "has_chocobo_feather": "2024-06-30 02:17:15 +0000"
    },
    "done": true
  },
  "chococraft:recipes/misc/choco_disguise_chestplate": {
    "criteria": {
      "has_chocobo_feather": "2024-06-30 02:17:15 +0000"
    },
    "done": true
  },
  "chococraft:recipes/misc/chocobo_whistle": {
    "criteria": {
      "has_chocobo_feather": "2024-06-30 02:17:15 +0000"
    },
    "done": true
  },
  "chococraft:recipes/misc/choco_disguise_helmet": {
    "criteria": {
      "has_chocobo_feather": "2024-06-30 02:17:15 +0000"
    },
    "done": true
  },
  "alexsmobs:alexsmobs/root": {
    "criteria": {
      "useitem": "2024-06-30 02:17:23 +0000"
    },
    "done": true
  },
  "minecraft:husbandry/root": {
    "criteria": {
      "consumed_item": "2024-06-30 02:17:23 +0000"
    },
    "done": true
  },
  "minecraft:recipes/transportation/acacia_boat": {
    "criteria": {
      "in_water": "2024-06-30 02:17:42 +0000"
    },
    "done": true
  },
  "minecraft:recipes/transportation/jungle_boat": {
    "criteria": {
      "in_water": "2024-06-30 02:17:42 +0000"
    },
    "done": true
  },
  "minecraft:recipes/transportation/spruce_boat": {
    "criteria": {
      "in_water": "2024-06-30 02:17:42 +0000"
    },
    "done": true
  },
  "minecraft:recipes/transportation/mangrove_boat": {
    "criteria": {
      "in_water": "2024-06-30 02:17:42 +0000"
    },
    "done": true
  },
  "minecraft:recipes/transportation/dark_oak_boat": {
    "criteria": {
      "in_water": "2024-06-30 02:17:42 +0000"
    },
    "done": true
  },
  "minecraft:recipes/transportation/birch_boat": {
    "criteria": {
      "in_water": "2024-06-30 02:17:42 +0000"
    },
    "done": true
  },
  "minecraft:recipes/transportation/oak_boat": {
    "criteria": {
      "in_water": "2024-06-30 02:17:42 +0000"
    },
    "done": true
  },
  "minecraft:recipes/combat/leather_helmet": {
    "criteria": {
      "has_leather": "2024-06-30 03:07:38 +0000"
    },
    "done": true
  },
  "minecraft:recipes/decorations/ladder": {
    "criteria": {
      "has_stick": "2024-06-30 02:34:38 +0000"
    },
    "done": true
  },
  "securitycraft:recipes/redstone/reinforced_birch_fence_gate": {
    "criteria": {
      "has_stick": "2024-06-30 02:34:38 +0000"
    },
    "done": true
  },
  "securitycraft:recipes/redstone/reinforced_jungle_fence_gate": {
    "criteria": {
      "has_stick": "2024-06-30 02:34:38 +0000"
    },
    "done": true
  },
  "minecraft:recipes/food/cooked_chicken_from_campfire_cooking": {
    "criteria": {
      "has_chicken": "2024-06-30 02:45:39 +0000"
    },
    "done": true
  },
  "ms:recipes/building_blocks/dyed/white_cobblestone": {
    "criteria": {
      "has_cobblestone": "2024-06-30 02:35:14 +0000"
    },
    "done": true
  },
  "ms:recipes/decorations/torch/grey_from_dye": {
    "criteria": {
      "torch": "2024-06-30 02:23:17 +0000"
    },
    "done": true
  },
  "ms:recipes/building_blocks/oak_slab_woodcutting": {
    "criteria": {
      "oak_planks": "2024-06-30 02:30:08 +0000"
    },
    "done": true
  },
  "ms:recipes/decorations/crafting/jungle_crafting_table": {
    "criteria": {
      "has_crafting_table": "2024-06-30 02:34:34 +0000"
    },
    "done": true
  },
  "ms:recipes/building_blocks/dyed/black_cobblestone": {
    "criteria": {
      "has_cobblestone": "2024-06-30 02:35:14 +0000"
    },
    "done": true
  },
  "ms:recipes/building_blocks/stair/peridotite_brick_stonecutting_from_regular": {
    "criteria": {
      "stone/peridotite": "2024-06-30 02:44:30 +0000"
    },
    "done": true
  },
  "ms:recipes/building_blocks/dyed/grey_cobblestone": {
    "criteria": {
      "has_cobblestone": "2024-06-30 02:35:14 +0000"
    },
    "done": true
  },
  "ms:recipes/building_blocks/vertical/cobblestone": {
    "criteria": {
      "cobblestone": "2024-06-30 02:35:14 +0000"
    },
    "done": true
  },
  "ms:recipes/tools/tool/tin_hoe": {
    "criteria": {
      "material": "2024-06-30 02:59:17 +0000"
    },
    "done": true
  },
  "evilcraft:root": {
    "criteria": {
      "criteria_0": "2024-06-30 02:43:25 +0000"
    },
    "done": true
  },
  "minecraft:recipes/building_blocks/raw_iron_block": {
    "criteria": {
      "has_raw_iron": "2024-06-30 02:49:16 +0000"
    },
    "done": true
  },
  "alexsmobs:alexsmobs/emu": {
    "criteria": {
      "killed_by": "2024-06-30 02:36:33 +0000"
    },
    "done": true
  },
  "ms:recipes/food/food/pork_stew": {
    "criteria": {
      "meat": "2024-06-30 02:57:04 +0000"
    },
    "done": true
  },
  "ms:recipes/combat/armor/coal_boots": {
    "criteria": {
      "material": "2024-06-30 02:51:19 +0000"
    },
    "done": true
  },
  "ms:recipes/building_blocks/stone/granite_bricks_stonecutting": {
    "criteria": {
      "item": "2024-06-30 02:52:53 +0000"
    },
    "done": true
  },
  "ms:recipes/building_blocks/dyed/blue_wooden_planks": {
    "criteria": {
      "has_planks": "2024-06-30 02:30:08 +0000"
    },
    "done": true
  },
  "ms:recipes/decorations/seat/oak_chair_woodcutting": {
    "criteria": {
      "oak_planks": "2024-06-30 02:30:08 +0000"
    },
    "done": true
  },
  "minecraft:recipes/decorations/yellow_bed_from_white_bed": {
    "criteria": {
      "has_bed": "2024-06-30 03:08:43 +0000"
    },
    "done": true
  },
  "minecraft:recipes/combat/iron_helmet": {
    "criteria": {
      "has_iron_ingot": "2024-06-30 02:58:31 +0000"
    },
    "done": true
  },
  "ms:recipes/decorations/crafting/oak_butter_churn": {
    "criteria": {
      "has_rod": "2024-06-30 02:34:38 +0000"
    },
    "done": true
  },
  "ms:recipes/building_blocks/wall/andesite_tile_stonecutting_from_regular": {
    "criteria": {
      "andesite": "2024-06-30 02:52:28 +0000"
    },
    "done": true
  },
  "minecraft:recipes/decorations/cyan_bed_from_white_bed": {
    "criteria": {
      "has_bed": "2024-06-30 03:08:43 +0000"
    },
    "done": true
  },
  "ms:recipes/tools/tool/bone_hoe": {
    "criteria": {
      "material": "2024-06-30 03:01:32 +0000"
    },
    "done": true
  },
  "ms:recipes/combat/armor/tin_boots": {
    "criteria": {
      "material": "2024-06-30 02:59:17 +0000"
    },
    "done": true
  },
  "minecraft:recipes/tools/wooden_axe": {
    "criteria": {
      "has_stick": "2024-06-30 02:34:38 +0000"
    },
    "done": true
  },
  "minecraft:recipes/building_blocks/granite_slab_from_granite_stonecutting": {
    "criteria": {
      "has_granite": "2024-06-30 02:52:53 +0000"
    },
    "done": true
  },
  "ms:recipes/decorations/barrel/red_barrel": {
    "criteria": {
      "plank": "2024-06-30 02:30:08 +0000"
    },
    "done": true
  },
  "securitycraft:recipes/decorations/floor_trap": {
    "criteria": {
      "has_iron": "2024-06-30 02:58:31 +0000"
    },
    "done": true
  },
  "ms:recipes/building_blocks/wall/peridotite": {
    "criteria": {
      "stone/peridotite": "2024-06-30 02:44:30 +0000"
    },
    "done": true
  },
  "ms:recipes/decorations/torch/brown_from_dye": {
    "criteria": {
      "torch": "2024-06-30 02:23:17 +0000"
    },
    "done": true
  },
  "minecraft:recipes/transportation/spruce_chest_boat": {
    "criteria": {
      "has_boat": "2024-06-30 03:03:33 +0000"
    },
    "done": true
  },
  "backpacked:recipes/backpacked/spruce_backpack_shelf": {
    "criteria": {
      "has_stick": "2024-06-30 02:34:38 +0000"
    },
    "done": true
  },
  "minecraft:recipes/combat/leather_chestplate": {
    "criteria": {
      "has_leather": "2024-06-30 03:07:38 +0000"
    },
    "done": true
  },
  "ms:recipes/tools/tool/olivine_pickaxe": {
    "criteria": {
      "material": "2024-06-30 02:49:50 +0000"
    },
    "done": true
  },
  "minecraft:recipes/decorations/chest": {
    "criteria": {
      "has_lots_of_items": "2024-06-30 02:36:35 +0000"
    },
    "done": true
  },
  "minecraft:recipes/misc/stick": {
    "criteria": {
      "has_planks": "2024-06-30 02:30:08 +0000"
    },
    "done": true
  },
  "ms:ore/new_resources": {
    "criteria": {
      "amazonite": "2024-06-30 02:35:34 +0000"
    },
    "done": true
  },
  "ms:recipes/building_blocks/stone/chiseled_peridotite_stonecutting": {
    "criteria": {
      "item": "2024-06-30 02:44:30 +0000"
    },
    "done": true
  },
  "minecraft:recipes/decorations/magenta_bed_from_white_bed": {
    "criteria": {
      "has_bed": "2024-06-30 03:08:43 +0000"
    },
    "done": true
  },
  "ms:recipes/food/food/raw_chicken_nuggets": {
    "criteria": {
      "item_1": "2024-06-30 02:45:39 +0000"
    },
    "done": true
  },
  "ms:recipes/building_blocks/stone/chiseled_granite_stonecutting": {
    "criteria": {
      "item": "2024-06-30 02:52:53 +0000"
    },
    "done": true
  },
  "minecraft:recipes/decorations/granite_wall_from_granite_stonecutting": {
    "criteria": {
      "has_granite": "2024-06-30 02:52:53 +0000"
    },
    "done": true
  },
  "ms:recipes/decorations/crafting/spruce_crafting_table": {
    "criteria": {
      "has_crafting_table": "2024-06-30 02:34:34 +0000"
    },
    "done": true
  },
  "ms:recipes/combat/armor/tin_chest": {
    "criteria": {
      "material": "2024-06-30 02:59:17 +0000"
    },
    "done": true
  },
  "ms:recipes/decorations/torch/pink_from_dye": {
    "criteria": {
      "torch": "2024-06-30 02:23:17 +0000"
    },
    "done": true
  },
  "minecraft:recipes/transportation/mangrove_chest_boat": {
    "criteria": {
      "has_boat": "2024-06-30 03:03:33 +0000"
    },
    "done": true
  },
  "ms:recipes/decorations/crafting/tigerwood_crafting_table": {
    "criteria": {
      "has_crafting_table": "2024-06-30 02:34:34 +0000"
    },
    "done": true
  },
  "minecraft:recipes/redstone/tripwire_hook": {
    "criteria": {
      "has_string": "2024-06-30 02:45:26 +0000"
    },
    "done": true
  },
  "minecraft:recipes/building_blocks/yellow_wool": {
    "criteria": {
      "has_white_wool": "2024-06-30 02:56:28 +0000"
    },
    "done": true
  },
  "ms:recipes/building_blocks/stair/peridotite_stonecutting": {
    "criteria": {
      "stone/peridotite": "2024-06-30 02:44:30 +0000"
    },
    "done": true
  },
  "ms:recipes/building_blocks/stone/peridotite_pillar_stonecutting": {
    "criteria": {
      "item": "2024-06-30 02:44:30 +0000"
    },
    "done": true
  },
  "securitycraft:recipes/transportation/track_mine": {
    "criteria": {
      "has_iron": "2024-06-30 02:58:31 +0000"
    },
    "done": true
  },
  "ms:recipes/combat/armor/onyx_boots": {
    "criteria": {
      "material": "2024-06-30 02:49:20 +0000"
    },
    "done": true
  },
  "ms:recipes/transportation/boat/green_chest_boat": {
    "criteria": {
      "has_boat": "2024-06-30 03:03:33 +0000"
    },
    "done": true
  },
  "minecraft:recipes/building_blocks/acacia_stairs": {
    "criteria": {
      "has_planks": "2024-06-30 02:58:00 +0000"
    },
    "done": true
  },
  "securitycraft:recipes/building_blocks/reinforced_andesite_with_vanilla_cobblestone": {
    "criteria": {
      "has_cobblestone": "2024-06-30 02:35:14 +0000"
    },
    "done": true
  },
  "ms:recipes/building_blocks/vertical/polished_andesite": {
    "criteria": {
      "item": "2024-06-30 02:52:28 +0000"
    },
    "done": true
  },
  "minecraft:recipes/decorations/candle": {
    "criteria": {
      "has_string": "2024-06-30 02:45:26 +0000"
    },
    "done": true
  },
  "ms:recipes/decorations/table/acacia_table_woodcutting": {
    "criteria": {
      "acacia_planks": "2024-06-30 02:58:00 +0000"
    },
    "done": true
  },
  "ms:recipes/transportation/boat/yellow_chest_boat": {
    "criteria": {
      "has_boat": "2024-06-30 03:03:33 +0000"
    },
    "done": true
  },
  "ms:recipes/building_blocks/slab/peridotite": {
    "criteria": {
      "stone/peridotite": "2024-06-30 02:44:30 +0000"
    },
    "done": true
  },
  "minecraft:recipes/misc/leather_horse_armor": {
    "criteria": {
      "has_leather": "2024-06-30 03:07:38 +0000"
    },
    "done": true
  },
  "ms:recipes/decorations/crafting/kiln": {
    "criteria": {
      "has_furnace": "2024-06-30 02:45:47 +0000"
    },
    "done": true
  },
  "minecraft:recipes/transportation/oak_chest_boat": {
    "criteria": {
      "has_boat": "2024-06-30 03:03:33 +0000"
    },
    "done": true
  },
  "ms:recipes/decorations/barrel/purple_barrel": {
    "criteria": {
      "plank": "2024-06-30 02:30:08 +0000"
    },
    "done": true
  },
  "minecraft:recipes/building_blocks/granite_slab": {
    "criteria": {
      "has_granite": "2024-06-30 02:52:53 +0000"
    },
    "done": true
  },
  "minecraft:recipes/building_blocks/brown_wool": {
    "criteria": {
      "has_white_wool": "2024-06-30 02:56:28 +0000"
    },
    "done": true
  },
  "ms:recipes/decorations/seat/oak_chair": {
    "criteria": {
      "has_plank": "2024-06-30 02:30:08 +0000"
    },
    "done": true
  },
  "ms:recipes/decorations/torch/red_from_dye": {
    "criteria": {
      "torch": "2024-06-30 02:23:17 +0000"
    },
    "done": true
  },
  "ms:recipes/tools/tool/tin_pickaxe": {
    "criteria": {
      "material": "2024-06-30 02:59:17 +0000"
    },
    "done": true
  },
  "backpacked:recipes/backpacked/jungle_backpack_shelf": {
    "criteria": {
      "has_stick": "2024-06-30 02:34:38 +0000"
    },
    "done": true
  },
  "chococraft:recipes/misc/red_gysahl": {
    "criteria": {
      "has_gysahl_green": "2024-06-30 02:46:57 +0000"
    },
    "done": true
  },
  "ms:recipes/combat/explosives/dynamite": {
    "criteria": {
      "has_string": "2024-06-30 02:45:26 +0000"
    },
    "done": true
  },
  "minecraft:recipes/decorations/brown_bed_from_white_bed": {
    "criteria": {
      "has_bed": "2024-06-30 03:08:43 +0000"
    },
    "done": true
  },
  "ms:recipes/combat/armor/coal_chest": {
    "criteria": {
      "material": "2024-06-30 02:51:19 +0000"
    },
    "done": true
  },
  "ms:recipes/building_blocks/acacia_slab_woodcutting": {
    "criteria": {
      "acacia_planks": "2024-06-30 02:58:00 +0000"
    },
    "done": true
  },
  "ms:recipes/building_blocks/slab/peridotite_stonecutting": {
    "criteria": {
      "stone/peridotite": "2024-06-30 02:44:30 +0000"
    },
    "done": true
  },
  "ms:recipes/building_blocks/stone/chiseled_andesite_stonecutting": {
    "criteria": {
      "item": "2024-06-30 02:52:28 +0000"
    },
    "done": true
  },
  "ms:recipes/tools/tool/bone_shovel": {
    "criteria": {
      "material": "2024-06-30 03:01:32 +0000"
    },
    "done": true
  },
  "minecraft:recipes/redstone/hopper": {
    "criteria": {
      "has_iron_ingot": "2024-06-30 02:58:31 +0000"
    },
    "done": true
  },
  "ms:recipes/decorations/torch/green_from_dye": {
    "criteria": {
      "torch": "2024-06-30 02:23:17 +0000"
    },
    "done": true
  },
  "securitycraft:recipes/redstone/reinforced_bamboo_fence_gate": {
    "criteria": {
      "has_stick": "2024-06-30 02:34:38 +0000"
    },
    "done": true
  },
  "securitycraft:recipes/redstone/reinforced_fence_gate": {
    "criteria": {
      "has_iron": "2024-06-30 02:58:31 +0000"
    },
    "done": true
  },
  "ms:recipes/decorations/crafting/maple_crafting_table": {
    "criteria": {
      "has_crafting_table": "2024-06-30 02:34:34 +0000"
    },
    "done": true
  },
  "ms:recipes/decorations/barrel/yellow_barrel": {
    "criteria": {
      "plank": "2024-06-30 02:30:08 +0000"
    },
    "done": true
  },
  "minecraft:recipes/food/cooked_porkchop": {
    "criteria": {
      "has_porkchop": "2024-06-30 02:46:53 +0000"
    },
    "done": true
  },
  "ms:recipes/transportation/boat/crimson_chest_boat": {
    "criteria": {
      "has_boat": "2024-06-30 03:03:33 +0000"
    },
    "done": true
  },
  "minecraft:recipes/building_blocks/oak_slab": {
    "criteria": {
      "has_planks": "2024-06-30 02:30:08 +0000"
    },
    "done": true
  },
  "securitycraft:recipes/misc/keycard_lv5": {
    "criteria": {
      "has_iron": "2024-06-30 02:58:31 +0000"
    },
    "done": true
  },
  "securitycraft:recipes/misc/keycard_lv3": {
    "criteria": {
      "has_iron": "2024-06-30 02:58:31 +0000"
    },
    "done": true
  },
  "securitycraft:recipes/misc/keycard_lv4": {
    "criteria": {
      "has_iron": "2024-06-30 02:58:31 +0000"
    },
    "done": true
  },
  "ms:recipes/misc/gem/cast_iron_ingot_smelt": {
    "criteria": {
      "has_iron": "2024-06-30 02:58:31 +0000"
    },
    "done": true
  },
  "securitycraft:recipes/misc/keycard_lv1": {
    "criteria": {
      "has_iron": "2024-06-30 02:58:31 +0000"
    },
    "done": true
  },
  "securitycraft:recipes/misc/keycard_lv2": {
    "criteria": {
      "has_iron": "2024-06-30 02:58:31 +0000"
    },
    "done": true
  },
  "minecraft:recipes/combat/iron_boots": {
    "criteria": {
      "has_iron_ingot": "2024-06-30 02:58:31 +0000"
    },
    "done": true
  },
  "ms:recipes/building_blocks/dyed/purple_wooden_planks": {
    "criteria": {
      "has_planks": "2024-06-30 02:30:08 +0000"
    },
    "done": true
  },
  "ms:recipes/transportation/boat/pink_chest_boat": {
    "criteria": {
      "has_boat": "2024-06-30 03:03:33 +0000"
    },
    "done": true
  },
  "ms:recipes/building_blocks/vertical/polished_granite_stonecutting": {
    "criteria": {
      "item": "2024-06-30 02:52:53 +0000"
    },
    "done": true
  },
  "ms:recipes/building_blocks/dyed/light_blue_wooden_planks": {
    "criteria": {
      "has_planks": "2024-06-30 02:30:08 +0000"
    },
    "done": true
  },
  "ms:recipes/redstone/acacia_trapdoor_woodcutting": {
    "criteria": {
      "acacia_planks": "2024-06-30 02:58:00 +0000"
    },
    "done": true
  },
  "ms:recipes/combat/armor/tin_helmet": {
    "criteria": {
      "material": "2024-06-30 02:59:17 +0000"
    },
    "done": true
  },
  "minecraft:recipes/decorations/acacia_sign": {
    "criteria": {
      "has_planks": "2024-06-30 02:58:00 +0000"
    },
    "done": true
  },
  "ms:recipes/building_blocks/slab/peridotite_brick_stonecutting_from_regular": {
    "criteria": {
      "stone/peridotite": "2024-06-30 02:44:30 +0000"
    },
    "done": true
  },
  "securitycraft:recipes/misc/mine": {
    "criteria": {
      "has_iron": "2024-06-30 02:58:31 +0000"
    },
    "done": true
  },
  "minecraft:recipes/decorations/campfire": {
    "criteria": {
      "has_stick": "2024-06-30 02:34:38 +0000"
    },
    "done": true
  },
  "ms:recipes/building_blocks/wall/polished_peridotite_stonecutting_from_regular": {
    "criteria": {
      "stone/peridotite": "2024-06-30 02:44:30 +0000"
    },
    "done": true
  },
  "ms:recipes/food/egg_smelt": {
    "criteria": {
      "is_food": "2024-06-30 02:28:24 +0000"
    },
    "done": true
  },
  "minecraft:recipes/food/cooked_chicken_from_smoking": {
    "criteria": {
      "has_chicken": "2024-06-30 02:45:39 +0000"
    },
    "done": true
  },
  "rftoolsbase:recipes/rftoolsbase/crafting_card": {
    "criteria": {
      "crafter": "2024-06-30 02:34:34 +0000"
    },
    "done": true
  },
  "ms:recipes/building_blocks/dyed/green_cobblestone": {
    "criteria": {
      "has_cobblestone": "2024-06-30 02:35:14 +0000"
    },
    "done": true
  },
  "ms:recipes/building_blocks/vertical/polished_andesite_stonecutting": {
    "criteria": {
      "item": "2024-06-30 02:52:28 +0000"
    },
    "done": true
  },
  "ms:recipes/building_blocks/ore/tin_smelt": {
    "criteria": {
      "ore": "2024-06-30 02:50:14 +0000"
    },
    "done": true
  },
  "minecraft:recipes/redstone/oak_door": {
    "criteria": {
      "has_planks": "2024-06-30 02:30:08 +0000"
    },
    "done": true
  },
  "securitycraft:recipes/redstone/reinforced_dark_oak_fence_gate": {
    "criteria": {
      "has_stick": "2024-06-30 02:34:38 +0000"
    },
    "done": true
  },
  "ms:recipes/decorations/torch/yellow_from_dye": {
    "criteria": {
      "torch": "2024-06-30 02:23:17 +0000"
    },
    "done": true
  },
  "minecraft:recipes/building_blocks/cobblestone_slab": {
    "criteria": {
      "has_cobblestone": "2024-06-30 02:35:14 +0000"
    },
    "done": true
  },
  "minecraft:recipes/redstone/iron_trapdoor": {
    "criteria": {
      "has_iron_ingot": "2024-06-30 02:58:31 +0000"
    },
    "done": true
  },
  "ms:recipes/building_blocks/stair/granite_brick_stonecutting_from_regular": {
    "criteria": {
      "granite": "2024-06-30 02:52:53 +0000"
    },
    "done": true
  },
  "minecraft:recipes/misc/iron_ingot_from_blasting_raw_iron": {
    "criteria": {
      "has_raw_iron": "2024-06-30 02:49:16 +0000"
    },
    "done": true
  },
  "minecraft:recipes/building_blocks/acacia_wood": {
    "criteria": {
      "has_log": "2024-06-30 02:57:36 +0000"
    },
    "done": true
  },
  "minecraft:recipes/combat/wooden_sword": {
    "criteria": {
      "has_stick": "2024-06-30 02:34:38 +0000"
    },
    "done": true
  },
  "minecraft:recipes/building_blocks/oak_planks": {
    "criteria": {
      "has_logs": "2024-06-30 02:29:53 +0000"
    },
    "done": true
  },
  "minecraft:recipes/food/cooked_porkchop_from_smoking": {
    "criteria": {
      "has_porkchop": "2024-06-30 02:46:53 +0000"
    },
    "done": true
  },
  "ms:recipes/decorations/crafting/mangrove_butter_churn": {
    "criteria": {
      "has_rod": "2024-06-30 02:34:38 +0000"
    },
    "done": true
  },
  "ms:recipes/building_blocks/dyed/light_grey_cobblestone": {
    "criteria": {
      "has_cobblestone": "2024-06-30 02:35:14 +0000"
    },
    "done": true
  },
  "tombstone:recipes/from_grave_dust": {
    "criteria": {
      "has_ingredient": "2024-06-30 03:02:45 +0000"
    },
    "done": true
  },
  "ms:recipes/redstone/oak_button_woodcutting": {
    "criteria": {
      "oak_planks": "2024-06-30 02:30:08 +0000"
    },
    "done": true
  },
  "minecraft:recipes/combat/leather_boots": {
    "criteria": {
      "has_leather": "2024-06-30 03:07:38 +0000"
    },
    "done": true
  },
  "minecraft:recipes/decorations/cobblestone_wall_from_cobblestone_stonecutting": {
    "criteria": {
      "has_cobblestone": "2024-06-30 02:35:14 +0000"
    },
    "done": true
  },
  "ms:recipes/decorations/torch/blue_from_dye": {
    "criteria": {
      "torch": "2024-06-30 02:23:17 +0000"
    },
    "done": true
  },
  "minecraft:recipes/building_blocks/polished_andesite_stairs_from_andesite_stonecutting": {
    "criteria": {
      "has_andesite": "2024-06-30 02:52:28 +0000"
    },
    "done": true
  },
  "ms:recipes/decorations/crafting/crimson_butter_churn": {
    "criteria": {
      "has_rod": "2024-06-30 02:34:38 +0000"
    },
    "done": true
  },
  "minecraft:recipes/decorations/black_bed_from_white_bed": {
    "criteria": {
      "has_bed": "2024-06-30 03:08:43 +0000"
    },
    "done": true
  },
  "ms:recipes/building_blocks/dyed/light_blue_cobblestone": {
    "criteria": {
      "has_cobblestone": "2024-06-30 02:35:14 +0000"
    },
    "done": true
  },
  "backpacked:recipes/backpacked/warped_backpack_shelf": {
    "criteria": {
      "has_stick": "2024-06-30 02:34:38 +0000"
    },
    "done": true
  },
  "securitycraft:recipes/misc/speed_module": {
    "criteria": {
      "has_iron": "2024-06-30 02:58:31 +0000"
    },
    "done": true
  },
  "ms:recipes/combat/tool/bone_sword": {
    "criteria": {
      "material": "2024-06-30 03:01:32 +0000"
    },
    "done": true
  },
  "securitycraft:recipes/misc/reinforced_dark_oak_fence": {
    "criteria": {
      "has_stick": "2024-06-30 02:34:38 +0000"
    },
    "done": true
  },
  "securitycraft:recipes/misc/reinforced_oak_fence": {
    "criteria": {
      "has_stick": "2024-06-30 02:34:38 +0000"
    },
    "done": true
  },
  "ms:recipes/decorations/crafting/toaster": {
    "criteria": {
      "has_ingot": "2024-06-30 02:59:17 +0000"
    },
    "done": true
  },
  "minecraft:recipes/building_blocks/cobblestone_stairs": {
    "criteria": {
      "has_cobblestone": "2024-06-30 02:35:14 +0000"
    },
    "done": true
  },
  "ms:recipes/building_blocks/stone/polished_peridotite_stonecutting": {
    "criteria": {
      "item": "2024-06-30 02:44:30 +0000"
    },
    "done": true
  },
  "securitycraft:recipes/redstone/reinforced_oak_fence_gate": {
    "criteria": {
      "has_stick": "2024-06-30 02:34:38 +0000"
    },
    "done": true
  },
  "minecraft:recipes/building_blocks/polished_granite_stairs_from_granite_stonecutting": {
    "criteria": {
      "has_granite": "2024-06-30 02:52:53 +0000"
    },
    "done": true
  },
  "securitycraft:recipes/misc/reinforced_bamboo_fence": {
    "criteria": {
      "has_stick": "2024-06-30 02:34:38 +0000"
    },
    "done": true
  },
  "ms:recipes/misc/materials/bound_leather": {
    "criteria": {
      "leather": "2024-06-30 03:07:38 +0000"
    },
    "done": true
  },
  "ms:recipes/combat/tool/tin_sword": {
    "criteria": {
      "material": "2024-06-30 02:59:17 +0000"
    },
    "done": true
  },
  "securitycraft:recipes/misc/reinforced_crimson_fence": {
    "criteria": {
      "has_stick": "2024-06-30 02:34:38 +0000"
    },
    "done": true
  },
  "ms:recipes/building_blocks/dyed/magenta_wooden_planks": {
    "criteria": {
      "has_planks": "2024-06-30 02:30:08 +0000"
    },
    "done": true
  },
  "ms:recipes/combat/armor/onyx_helmet": {
    "criteria": {
      "material": "2024-06-30 02:49:20 +0000"
    },
    "done": true
  },
  "securitycraft:recipes/misc/door_indestructible_iron_item": {
    "criteria": {
      "has_iron": "2024-06-30 02:58:31 +0000"
    },
    "done": true
  },
  "ms:recipes/building_blocks/stair/wool_white": {
    "criteria": {
      "material": "2024-06-30 02:56:28 +0000"
    },
    "done": true
  },
  "ms:recipes/building_blocks/wall/peridotite_stonecutting": {
    "criteria": {
      "stone/peridotite": "2024-06-30 02:44:30 +0000"
    },
    "done": true
  },
  "ms:recipes/redstone/acacia_button_woodcutting": {
    "criteria": {
      "acacia_planks": "2024-06-30 02:58:00 +0000"
    },
    "done": true
  },
  "ms:recipes/building_blocks/dyed/blue_cobblestone": {
    "criteria": {
      "has_cobblestone": "2024-06-30 02:35:14 +0000"
    },
    "done": true
  },
  "minecraft:recipes/decorations/light_gray_bed_from_white_bed": {
    "criteria": {
      "has_bed": "2024-06-30 03:08:43 +0000"
    },
    "done": true
  },
  "minecraft:recipes/redstone/lever": {
    "criteria": {
      "has_cobblestone": "2024-06-30 02:35:14 +0000"
    },
    "done": true
  },
  "ms:recipes/building_blocks/oak_planks_woodcutting": {
    "criteria": {
      "item": "2024-06-30 02:29:53 +0000"
    },
    "done": true
  },
  "ms:recipes/combat/armor/onyx_horse_armor": {
    "criteria": {
      "material": "2024-06-30 02:49:20 +0000"
    },
    "done": true
  },
  "ms:armor/pickup_new_armor": {
    "criteria": {
      "tin_chest": "2024-06-30 03:00:25 +0000"
    },
    "done": true
  },
  "securitycraft:recipes/misc/blacklist_module": {
    "criteria": {
      "has_iron": "2024-06-30 02:58:31 +0000"
    },
    "done": true
  },
  "backpacked:recipes/backpacked/oak_backpack_shelf": {
    "criteria": {
      "has_stick": "2024-06-30 02:34:38 +0000"
    },
    "done": true
  },
  "minecraft:recipes/redstone/acacia_pressure_plate": {
    "criteria": {
      "has_planks": "2024-06-30 02:58:00 +0000"
    },
    "done": true
  },
  "ms:recipes/transportation/boat/cyan_chest_boat": {
    "criteria": {
      "has_boat": "2024-06-30 03:03:33 +0000"
    },
    "done": true
  },
  "ms:recipes/decorations/barrel/lime_barrel": {
    "criteria": {
      "plank": "2024-06-30 02:30:08 +0000"
    },
    "done": true
  },
  "minecraft:recipes/combat/iron_chestplate": {
    "criteria": {
      "has_iron_ingot": "2024-06-30 02:58:31 +0000"
    },
    "done": true
  },
  "ms:recipes/decorations/acacia_sign_woodcutting": {
    "criteria": {
      "acacia_planks": "2024-06-30 02:58:00 +0000"
    },
    "done": true
  },
  "minecraft:recipes/redstone/oak_trapdoor": {
    "criteria": {
      "has_planks": "2024-06-30 02:30:08 +0000"
    },
    "done": true
  },
  "ms:recipes/building_blocks/stone/granite_tiles_stonecutting": {
    "criteria": {
      "item": "2024-06-30 02:52:53 +0000"
    },
    "done": true
  },
  "minecraft:recipes/combat/stone_sword": {
    "criteria": {
      "has_cobblestone": "2024-06-30 02:35:14 +0000"
    },
    "done": true
  },
  "minecraft:recipes/decorations/cobblestone_wall": {
    "criteria": {
      "has_cobblestone": "2024-06-30 02:35:14 +0000"
    },
    "done": true
  },
  "ms:recipes/decorations/barrel/magenta_barrel": {
    "criteria": {
      "plank": "2024-06-30 02:30:08 +0000"
    },
    "done": true
  },
  "ms:recipes/decorations/acacia_fence_woodcutting": {
    "criteria": {
      "acacia_planks": "2024-06-30 02:58:00 +0000"
    },
    "done": true
  },
  "minecraft:recipes/tools/stone_axe": {
    "criteria": {
      "has_cobblestone": "2024-06-30 02:35:14 +0000"
    },
    "done": true
  },
  "securitycraft:recipes/misc/limited_use_keycard": {
    "criteria": {
      "has_iron": "2024-06-30 02:58:31 +0000"
    },
    "done": true
  },
  "ms:recipes/building_blocks/wall/granite_brick_stonecutting_from_regular": {
    "criteria": {
      "granite": "2024-06-30 02:52:53 +0000"
    },
    "done": true
  },
  "securitycraft:recipes/misc/bouncing_betty": {
    "criteria": {
      "has_iron": "2024-06-30 02:58:31 +0000"
    },
    "done": true
  },
  "minecraft:recipes/misc/iron_nugget": {
    "criteria": {
      "has_iron_ingot": "2024-06-30 02:58:31 +0000"
    },
    "done": true
  },
  "ms:recipes/combat/armor/coal_helmet": {
    "criteria": {
      "material": "2024-06-30 02:51:19 +0000"
    },
    "done": true
  },
  "minecraft:recipes/misc/bucket": {
    "criteria": {
      "has_iron_ingot": "2024-06-30 02:58:31 +0000"
    },
    "done": true
  },
  "minecraft:recipes/combat/bow": {
    "criteria": {
      "has_string": "2024-06-30 02:45:26 +0000"
    },
    "done": true
  },
  "minecraft:recipes/building_blocks/acacia_slab": {
    "criteria": {
      "has_planks": "2024-06-30 02:58:00 +0000"
    },
    "done": true
  },
  "minecraft:recipes/decorations/orange_bed_from_white_bed": {
    "criteria": {
      "has_bed": "2024-06-30 03:08:43 +0000"
    },
    "done": true
  },
  "ms:recipes/building_blocks/dyed/red_cobblestone": {
    "criteria": {
      "has_cobblestone": "2024-06-30 02:35:14 +0000"
    },
    "done": true
  },
  "minecraft:recipes/decorations/lime_bed_from_white_bed": {
    "criteria": {
      "has_bed": "2024-06-30 03:08:43 +0000"
    },
    "done": true
  },
  "chococraft:recipes/misc/gysahl_green_to_seeds": {
    "criteria": {
      "has_gysahl_green": "2024-06-30 02:46:57 +0000"
    },
    "done": true
  },
  "ms:recipes/building_blocks/vertical/polished_granite": {
    "criteria": {
      "item": "2024-06-30 02:52:53 +0000"
    },
    "done": true
  },
  "ms:recipes/combat/tool/onyx_bow": {
    "criteria": {
      "material": "2024-06-30 02:49:20 +0000"
    },
    "done": true
  },
  "securitycraft:recipes/redstone/block_change_detector": {
    "criteria": {
      "has_iron": "2024-06-30 02:58:31 +0000"
    },
    "done": true
  },
  "ms:recipes/decorations/crafting/bamboo_butter_churn": {
    "criteria": {
      "has_rod": "2024-06-30 02:34:38 +0000"
    },
    "done": true
  },
  "ms:recipes/building_blocks/stair/wool_brown": {
    "criteria": {
      "material": "2024-06-30 02:56:33 +0000"
    },
    "done": true
  },
  "ms:recipes/building_blocks/dyed/orange_cobblestone": {
    "criteria": {
      "has_cobblestone": "2024-06-30 02:35:14 +0000"
    },
    "done": true
  },
  "ms:recipes/building_blocks/vertical/granite_brick_stonecutting_from_regular": {
    "criteria": {
      "granite": "2024-06-30 02:52:53 +0000"
    },
    "done": true
  },
  "ms:recipes/misc/nugget/amazonite_fragment": {
    "criteria": {
      "item": "2024-06-30 02:35:34 +0000"
    },
    "done": true
  },
  "ms:recipes/decorations/barrel/blue_barrel": {
    "criteria": {
      "plank": "2024-06-30 02:30:08 +0000"
    },
    "done": true
  },
  "ms:recipes/combat/armor/coal_horse_armor": {
    "criteria": {
      "material": "2024-06-30 02:51:19 +0000"
    },
    "done": true
  },
  "ms:recipes/decorations/crafting/birch_crafting_table": {
    "criteria": {
      "has_crafting_table": "2024-06-30 02:34:34 +0000"
    },
    "done": true
  },
  "minecraft:story/smelt_iron": {
    "criteria": {
      "iron": "2024-06-30 02:58:31 +0000"
    },
    "done": true
  },
  "minecraft:recipes/decorations/smoker": {
    "criteria": {
      "has_furnace": "2024-06-30 02:45:47 +0000"
    },
    "done": true
  },
  "ms:ore/overworld_ore_all": {
    "criteria": {
      "onyx": "2024-06-30 02:49:20 +0000",
      "olivine": "2024-06-30 02:49:50 +0000",
      "jet": "2024-06-30 02:48:51 +0000",
      "tin": "2024-06-30 02:50:14 +0000",
      "amazonite": "2024-06-30 02:35:34 +0000"
    },
    "done": false
  },
  "ms:recipes/building_blocks/stripped_acacia_log_woodcutting": {
    "criteria": {
      "acacia_log": "2024-06-30 02:57:36 +0000"
    },
    "done": true
  },
  "ms:recipes/transportation/boat/cherry_chest_boat": {
    "criteria": {
      "has_boat": "2024-06-30 03:03:33 +0000"
    },
    "done": true
  },
  "ms:ore/all_ingot": {
    "criteria": {
      "tin": "2024-06-30 02:59:17 +0000"
    },
    "done": false
  },
  "minecraft:recipes/decorations/pink_bed_from_white_bed": {
    "criteria": {
      "has_bed": "2024-06-30 03:08:43 +0000"
    },
    "done": true
  },
  "securitycraft:recipes/misc/reinforced_warped_fence": {
    "criteria": {
      "has_stick": "2024-06-30 02:34:38 +0000"
    },
    "done": true
  },
  "ms:recipes/tools/tool/onyx_shears": {
    "criteria": {
      "material": "2024-06-30 02:49:20 +0000"
    },
    "done": true
  },
  "ms:recipes/decorations/crafting/willow_butter_churn": {
    "criteria": {
      "has_rod": "2024-06-30 02:34:38 +0000"
    },
    "done": true
  },
  "ms:recipes/transportation/boat/hellwood_chest_boat": {
    "criteria": {
      "has_boat": "2024-06-30 03:03:33 +0000"
    },
    "done": true
  },
  "minecraft:recipes/misc/bone_meal": {
    "criteria": {
      "has_bone": "2024-06-30 03:01:32 +0000"
    },
    "done": true
  },
  "ms:recipes/transportation/boat/brown_chest_boat": {
    "criteria": {
      "has_boat": "2024-06-30 03:03:33 +0000"
    },
    "done": true
  },
  "ms:recipes/decorations/torch/purple_from_dye": {
    "criteria": {
      "torch": "2024-06-30 02:23:17 +0000"
    },
    "done": true
  },
  "ms:recipes/decorations/oak_fence_woodcutting": {
    "criteria": {
      "oak_planks": "2024-06-30 02:30:08 +0000"
    },
    "done": true
  },
  "minecraft:recipes/decorations/red_bed_from_white_bed": {
    "criteria": {
      "has_bed": "2024-06-30 03:08:43 +0000"
    },
    "done": true
  },
  "ms:recipes/building_blocks/stair/granite_tile_stonecutting_from_regular": {
    "criteria": {
      "granite": "2024-06-30 02:52:53 +0000"
    },
    "done": true
  },
  "ms:recipes/tools/tool/onyx_hoe": {
    "criteria": {
      "material": "2024-06-30 02:49:20 +0000"
    },
    "done": true
  },
  "minecraft:recipes/building_blocks/gray_wool": {
    "criteria": {
      "has_white_wool": "2024-06-30 02:56:28 +0000"
    },
    "done": true
  },
  "ms:recipes/building_blocks/slab/wool_brown": {
    "criteria": {
      "material": "2024-06-30 02:56:33 +0000"
    },
    "done": true
  },
  "securitycraft:recipes/redstone/reinforced_cherry_fence_gate": {
    "criteria": {
      "has_stick": "2024-06-30 02:34:38 +0000"
    },
    "done": true
  },
  "ms:recipes/transportation/boat/maple_chest_boat": {
    "criteria": {
      "has_boat": "2024-06-30 03:03:33 +0000"
    },
    "done": true
  },
  "ms:recipes/building_blocks/slab/granite_tile_stonecutting_from_regular": {
    "criteria": {
      "granite": "2024-06-30 02:52:53 +0000"
    },
    "done": true
  },
  "ms:recipes/transportation/boat/purple_chest_boat": {
    "criteria": {
      "has_boat": "2024-06-30 03:03:33 +0000"
    },
    "done": true
  },
  "ms:recipes/building_blocks/dyed/cyan_wooden_planks": {
    "criteria": {
      "has_planks": "2024-06-30 02:30:08 +0000"
    },
    "done": true
  },
  "ms:recipes/food/egg_smoking": {
    "criteria": {
      "is_food": "2024-06-30 02:28:24 +0000"
    },
    "done": true
  },
  "ms:tools/pickup_new_tool": {
    "criteria": {
      "onyx_sword": "2024-06-30 02:54:21 +0000"
    },
    "done": true
  },
  "minecraft:recipes/building_blocks/andesite_slab_from_andesite_stonecutting": {
    "criteria": {
      "has_andesite": "2024-06-30 02:52:28 +0000"
    },
    "done": true
  },
  "ms:recipes/tools/misc/kitchen_knife": {
    "criteria": {
      "has_stick": "2024-06-30 02:34:38 +0000"
    },
    "done": true
  },
  "ms:recipes/building_blocks/vertical/cobblestone_stonecutting": {
    "criteria": {
      "cobblestone": "2024-06-30 02:35:14 +0000"
    },
    "done": true
  },
  "ms:recipes/building_blocks/ore/tin_blast": {
    "criteria": {
      "ore": "2024-06-30 02:50:14 +0000"
    },
    "done": true
  },
  "ms:recipes/misc/nugget/olivine_fragment": {
    "criteria": {
      "item": "2024-06-30 02:49:50 +0000"
    },
    "done": true
  },
  "ms:recipes/building_blocks/dyed/grey_wooden_planks": {
    "criteria": {
      "has_planks": "2024-06-30 02:30:08 +0000"
    },
    "done": true
  },
  "ms:recipes/decorations/seat/acacia_stool": {
    "criteria": {
      "has_plank": "2024-06-30 02:58:00 +0000"
    },
    "done": true
  },
  "minecraft:recipes/combat/iron_sword": {
    "criteria": {
      "has_iron_ingot": "2024-06-30 02:58:31 +0000"
    },
    "done": true
  },
  "ms:recipes/decorations/crafting/silverbell_butter_churn": {
    "criteria": {
      "has_rod": "2024-06-30 02:34:38 +0000"
    },
    "done": true
  },
  "minecraft:recipes/tools/iron_pickaxe": {
    "criteria": {
      "has_iron_ingot": "2024-06-30 02:58:31 +0000"
    },
    "done": true
  },
  "minecraft:recipes/combat/shield": {
    "criteria": {
      "has_iron_ingot": "2024-06-30 02:58:31 +0000"
    },
    "done": true
  },
  "minecraft:recipes/decorations/iron_bars": {
    "criteria": {
      "has_iron_ingot": "2024-06-30 02:58:31 +0000"
    },
    "done": true
  },
  "ms:recipes/combat/armor/onyx_chest": {
    "criteria": {
      "material": "2024-06-30 02:49:20 +0000"
    },
    "done": true
  },
  "ms:recipes/redstone/oak_fence_gate_woodcutting": {
    "criteria": {
      "oak_planks": "2024-06-30 02:30:08 +0000"
    },
    "done": true
  },
  "ms:recipes/misc/nugget/jet_shard": {
    "criteria": {
      "item": "2024-06-30 02:48:51 +0000"
    },
    "done": true
  },
  "minecraft:recipes/transportation/dark_oak_chest_boat": {
    "criteria": {
      "has_boat": "2024-06-30 03:03:33 +0000"
    },
    "done": true
  },
  "ms:recipes/transportation/boat/silverbell_chest_boat": {
    "criteria": {
      "has_boat": "2024-06-30 03:03:33 +0000"
    },
    "done": true
  },
  "ms:recipes/building_blocks/vertical/oak_woodcutting": {
    "criteria": {
      "oak_planks": "2024-06-30 02:30:08 +0000"
    },
    "done": true
  },
  "ms:recipes/decorations/crafting/cherry_crafting_table": {
    "criteria": {
      "has_crafting_table": "2024-06-30 02:34:34 +0000"
    },
    "done": true
  },
  "ms:recipes/building_blocks/vertical/andesite_stonecutting": {
    "criteria": {
      "andesite": "2024-06-30 02:52:28 +0000"
    },
    "done": true
  },
  "ms:recipes/redstone/oak_trapdoor_woodcutting": {
    "criteria": {
      "oak_planks": "2024-06-30 02:30:08 +0000"
    },
    "done": true
  },
  "ms:recipes/building_blocks/dyed/lime_cobblestone": {
    "criteria": {
      "has_cobblestone": "2024-06-30 02:35:14 +0000"
    },
    "done": true
  },
  "minecraft:recipes/brewing/fermented_spider_eye": {
    "criteria": {
      "has_spider_eye": "2024-06-30 02:59:55 +0000"
    },
    "done": true
  },
  "minecraft:recipes/misc/iron_ingot_from_smelting_raw_iron": {
    "criteria": {
      "has_raw_iron": "2024-06-30 02:49:16 +0000"
    },
    "done": true
  },
  "ms:recipes/building_blocks/vertical/granite": {
    "criteria": {
      "granite": "2024-06-30 02:52:53 +0000"
    },
    "done": true
  },
  "backpacked:recipes/backpacked/birch_backpack_shelf": {
    "criteria": {
      "has_stick": "2024-06-30 02:34:38 +0000"
    },
    "done": true
  },
  "ms:recipes/misc/bowl_woodcutting": {
    "criteria": {
      "item": "2024-06-30 02:30:08 +0000"
    },
    "done": true
  },
  "ms:recipes/decorations/crafting/maple_butter_churn": {
    "criteria": {
      "has_rod": "2024-06-30 02:34:38 +0000"
    },
    "done": true
  },
  "minecraft:recipes/tools/wooden_pickaxe": {
    "criteria": {
      "has_stick": "2024-06-30 02:34:38 +0000"
    },
    "done": true
  },
  "minecraft:story/upgrade_tools": {
    "criteria": {
      "stone_pickaxe": "2024-06-30 02:48:45 +0000"
    },
    "done": true
  },
  "ms:recipes/decorations/crafting/crimson_crafting_table": {
    "criteria": {
      "has_crafting_table": "2024-06-30 02:34:34 +0000"
    },
    "done": true
  },
  "ms:recipes/decorations/crafting/hellwood_crafting_table": {
    "criteria": {
      "has_crafting_table": "2024-06-30 02:34:34 +0000"
    },
    "done": true
  },
  "ms:recipes/building_blocks/vertical/granite_stonecutting": {
    "criteria": {
      "granite": "2024-06-30 02:52:53 +0000"
    },
    "done": true
  },
  "ms:recipes/transportation/boat/light_blue_chest_boat": {
    "criteria": {
      "has_boat": "2024-06-30 03:03:33 +0000"
    },
    "done": true
  },
  "ms:recipes/decorations/crafting/cherry_butter_churn": {
    "criteria": {
      "has_rod": "2024-06-30 02:34:38 +0000"
    },
    "done": true
  },
  "ms:recipes/building_blocks/wall/wool_brown": {
    "criteria": {
      "material": "2024-06-30 02:56:33 +0000"
    },
    "done": true
  },
  "minecraft:recipes/redstone/oak_pressure_plate": {
    "criteria": {
      "has_planks": "2024-06-30 02:30:08 +0000"
    },
    "done": true
  },
  "ms:recipes/decorations/barrel/light_grey_barrel": {
    "criteria": {
      "plank": "2024-06-30 02:30:08 +0000"
    },
    "done": true
  },
  "securitycraft:recipes/misc/smart_module": {
    "criteria": {
      "has_iron": "2024-06-30 02:58:31 +0000"
    },
    "done": true
  },
  "ms:recipes/decorations/fence/tinfence": {
    "criteria": {
      "material": "2024-06-30 02:59:17 +0000"
    },
    "done": true
  },
  "securitycraft:recipes/redstone/reinforced_mangrove_fence_gate": {
    "criteria": {
      "has_stick": "2024-06-30 02:34:38 +0000"
    },
    "done": true
  },
  "minecraft:recipes/building_blocks/polished_granite": {
    "criteria": {
      "has_granite": "2024-06-30 02:52:53 +0000"
    },
    "done": true
  },
  "ms:recipes/tools/tool/olivine_axe": {
    "criteria": {
      "material": "2024-06-30 02:49:50 +0000"
    },
    "done": true
  },
  "minecraft:recipes/food/cooked_mutton_from_campfire_cooking": {
    "criteria": {
      "has_mutton": "2024-06-30 02:56:33 +0000"
    },
    "done": true
  },
  "ms:recipes/decorations/crafting/dark_oak_crafting_table": {
    "criteria": {
      "has_crafting_table": "2024-06-30 02:34:34 +0000"
    },
    "done": true
  },
  "ms:recipes/building_blocks/dyed/pink_wooden_planks": {
    "criteria": {
      "has_planks": "2024-06-30 02:30:08 +0000"
    },
    "done": true
  },
  "minecraft:recipes/decorations/acacia_fence": {
    "criteria": {
      "has_planks": "2024-06-30 02:58:00 +0000"
    },
    "done": true
  },
  "ms:recipes/building_blocks/stair/andesite_tile_stonecutting_from_regular": {
    "criteria": {
      "andesite": "2024-06-30 02:52:28 +0000"
    },
    "done": true
  },
  "ms:recipes/building_blocks/dyed/brown_wooden_planks": {
    "criteria": {
      "has_planks": "2024-06-30 02:30:08 +0000"
    },
    "done": true
  },
  "ms:recipes/building_blocks/vertical/acacia_woodcutting": {
    "criteria": {
      "acacia_planks": "2024-06-30 02:58:00 +0000"
    },
    "done": true
  },
  "minecraft:recipes/tools/iron_axe": {
    "criteria": {
      "has_iron_ingot": "2024-06-30 02:58:31 +0000"
    },
    "done": true
  },
  "ms:recipes/combat/arrow/neridium_arrow": {
    "criteria": {
      "has_feathers": "2024-06-30 02:45:40 +0000"
    },
    "done": true
  },
  "ms:recipes/decorations/crafting/willow_crafting_table": {
    "criteria": {
      "has_crafting_table": "2024-06-30 02:34:34 +0000"
    },
    "done": true
  },
  "ms:recipes/decorations/barrel/grey_barrel": {
    "criteria": {
      "plank": "2024-06-30 02:30:08 +0000"
    },
    "done": true
  },
  "minecraft:adventure/kill_a_mob": {
    "criteria": {
      "minecraft:zombie": "2024-06-30 02:44:01 +0000"
    },
    "done": true
  },
  "ms:recipes/building_blocks/stone/granite_pillar_stonecutting": {
    "criteria": {
      "item": "2024-06-30 02:52:53 +0000"
    },
    "done": true
  },
  "ms:recipes/decorations/crafting/warped_butter_churn": {
    "criteria": {
      "has_rod": "2024-06-30 02:34:38 +0000"
    },
    "done": true
  },
  "ms:recipes/decorations/crafting/warped_crafting_table": {
    "criteria": {
      "has_crafting_table": "2024-06-30 02:34:34 +0000"
    },
    "done": true
  },
  "ms:recipes/building_blocks/stair/polished_peridotite_stonecutting_from_regular": {
    "criteria": {
      "stone/peridotite": "2024-06-30 02:44:30 +0000"
    },
    "done": true
  },
  "ms:recipes/decorations/torch/lime_from_dye": {
    "criteria": {
      "torch": "2024-06-30 02:23:17 +0000"
    },
    "done": true
  },
  "minecraft:husbandry/balanced_diet": {
    "criteria": {
      "cooked_mutton": "2024-06-30 03:01:14 +0000",
      "cooked_chicken": "2024-06-30 02:46:12 +0000"
    },
    "done": false
  },
  "backpacked:recipes/backpacked/dark_oak_backpack_shelf": {
    "criteria": {
      "has_stick": "2024-06-30 02:34:38 +0000"
    },
    "done": true
  },
  "aquaculture:recipes/tools/stone_fillet_knife": {
    "criteria": {
      "has_items": "2024-06-30 02:35:14 +0000"
    },
    "done": true
  },
  "ms:recipes/decorations/table/oak_table_woodcutting": {
    "criteria": {
      "oak_planks": "2024-06-30 02:30:08 +0000"
    },
    "done": true
  },
  "ms:recipes/transportation/boat/tigerwood_chest_boat": {
    "criteria": {
      "has_boat": "2024-06-30 03:03:33 +0000"
    },
    "done": true
  },
  "minecraft:recipes/building_blocks/lime_wool": {
    "criteria": {
      "has_white_wool": "2024-06-30 02:56:28 +0000"
    },
    "done": true
  },
  "tombstone:adventure/ashes_and_bones": {
    "criteria": {
      "coded_trigger": "2024-06-30 03:03:51 +0000"
    },
    "done": true
  },
  "minecraft:recipes/building_blocks/green_wool": {
    "criteria": {
      "has_white_wool": "2024-06-30 02:56:28 +0000"
    },
    "done": true
  },
  "ms:recipes/decorations/crafting/kitchen_mixer": {
    "criteria": {
      "has_iron": "2024-06-30 02:58:31 +0000"
    },
    "done": true
  },
  "minecraft:recipes/building_blocks/acacia_planks": {
    "criteria": {
      "has_log": "2024-06-30 02:57:36 +0000"
    },
    "done": true
  },
  "ms:recipes/misc/nugget/coal_fragment": {
    "criteria": {
      "item": "2024-06-30 02:51:19 +0000"
    },
    "done": true
  },
  "ms:recipes/decorations/table/acacia_table": {
    "criteria": {
      "has_plank": "2024-06-30 02:58:00 +0000"
    },
    "done": true
  },
  "minecraft:recipes/redstone/iron_door": {
    "criteria": {
      "has_iron_ingot": "2024-06-30 02:58:31 +0000"
    },
    "done": true
  },
  "ms:recipes/combat/tool/olivine_sword": {
    "criteria": {
      "material": "2024-06-30 02:49:50 +0000"
    },
    "done": true
  },
  "securitycraft:recipes/misc/sentry": {
    "criteria": {
      "has_iron": "2024-06-30 02:58:31 +0000"
    },
    "done": true
  },
  "minecraft:recipes/redstone/acacia_button": {
    "criteria": {
      "has_planks": "2024-06-30 02:58:00 +0000"
    },
    "done": true
  },
  "ms:recipes/decorations/torch/magenta_from_dye": {
    "criteria": {
      "torch": "2024-06-30 02:23:17 +0000"
    },
    "done": true
  },
  "ms:recipes/building_blocks/acacia_stairs_woodcutting": {
    "criteria": {
      "acacia_planks": "2024-06-30 02:58:00 +0000"
    },
    "done": true
  },
  "minecraft:recipes/decorations/brown_banner": {
    "criteria": {
      "has_brown_wool": "2024-06-30 02:56:33 +0000"
    },
    "done": true
  },
  "ms:recipes/redstone/oak_pressure_plate_woodcutting": {
    "criteria": {
      "oak_planks": "2024-06-30 02:30:08 +0000"
    },
    "done": true
  },
  "ms:recipes/food/food/pork_sandwich": {
    "criteria": {
      "meat": "2024-06-30 02:57:04 +0000"
    },
    "done": true
  },
  "minecraft:recipes/building_blocks/blue_wool": {
    "criteria": {
      "has_white_wool": "2024-06-30 02:56:28 +0000"
    },
    "done": true
  },
  "securitycraft:recipes/redstone/reinforced_crimson_fence_gate": {
    "criteria": {
      "has_stick": "2024-06-30 02:34:38 +0000"
    },
    "done": true
  },
  "ms:recipes/decorations/nature/apple_sapling": {
    "criteria": {
      "has_sapling": "2024-06-30 02:58:10 +0000"
    },
    "done": true
  },
  "ms:recipes/tools/misc/handheld_table": {
    "criteria": {
      "has_table": "2024-06-30 02:34:34 +0000"
    },
    "done": true
  },
  "securitycraft:recipes/misc/motion_activated_light": {
    "criteria": {
      "has_stick": "2024-06-30 02:34:38 +0000"
    },
    "done": true
  },
  "minecraft:recipes/decorations/brown_bed": {
    "criteria": {
      "has_brown_wool": "2024-06-30 02:56:33 +0000"
    },
    "done": true
  },
  "minecraft:recipes/food/cooked_mutton_from_smoking": {
    "criteria": {
      "has_mutton": "2024-06-30 02:56:33 +0000"
    },
    "done": true
  },
  "ms:recipes/transportation/boat/grey_chest_boat": {
    "criteria": {
      "has_boat": "2024-06-30 03:03:33 +0000"
    },
    "done": true
  },
  "minecraft:recipes/building_blocks/light_blue_wool": {
    "criteria": {
      "has_white_wool": "2024-06-30 02:56:28 +0000"
    },
    "done": true
  },
  "ms:recipes/building_blocks/dyed/lime_wooden_planks": {
    "criteria": {
      "has_planks": "2024-06-30 02:30:08 +0000"
    },
    "done": true
  },
  "ms:recipes/decorations/shop/acacia": {
    "criteria": {
      "has_material": "2024-06-30 02:58:00 +0000"
    },
    "done": true
  },
  "minecraft:recipes/decorations/oak_sign": {
    "criteria": {
      "has_planks": "2024-06-30 02:30:08 +0000"
    },
    "done": true
  },
  "ms:recipes/decorations/barrel/light_blue_barrel": {
    "criteria": {
      "plank": "2024-06-30 02:30:08 +0000"
    },
    "done": true
  },
  "rftoolsbase:recipes/rftoolsbase/smartwrench": {
    "criteria": {
      "iron": "2024-06-30 02:58:31 +0000"
    },
    "done": true
  },
  "ms:recipes/building_blocks/vertical/andesite_tile_stonecutting_from_regular": {
    "criteria": {
      "andesite": "2024-06-30 02:52:28 +0000"
    },
    "done": true
  },
  "ms:recipes/building_blocks/dyed/orange_wooden_planks": {
    "criteria": {
      "has_planks": "2024-06-30 02:30:08 +0000"
    },
    "done": true
  },
  "minecraft:recipes/building_blocks/red_wool": {
    "criteria": {
      "has_white_wool": "2024-06-30 02:56:28 +0000"
    },
    "done": true
  },
  "ms:recipes/decorations/barrel/cyan_barrel": {
    "criteria": {
      "plank": "2024-06-30 02:30:08 +0000"
    },
    "done": true
  },
  "ms:recipes/decorations/seat/oak_stool": {
    "criteria": {
      "has_plank": "2024-06-30 02:30:08 +0000"
    },
    "done": true
  },
  "ms:recipes/decorations/crafting/glasscutter": {
    "criteria": {
      "has_stone": "2024-06-30 02:44:30 +0000"
    },
    "done": true
  },
  "ms:ore/all_gem": {
    "criteria": {
      "onyx": "2024-06-30 02:49:20 +0000",
      "olivine": "2024-06-30 02:49:50 +0000",
      "jet": "2024-06-30 02:48:51 +0000",
      "amazonite": "2024-06-30 02:35:34 +0000"
    },
    "done": false
  },
  "tombstone:adventure/find_grave_dust": {
    "criteria": {
      "from_undead": "2024-06-30 03:02:45 +0000"
    },
    "done": true
  },
  "ms:recipes/decorations/barrel/pink_barrel": {
    "criteria": {
      "plank": "2024-06-30 02:30:08 +0000"
    },
    "done": true
  },
  "minecraft:story/mine_stone": {
    "criteria": {
      "get_stone": "2024-06-30 02:35:14 +0000"
    },
    "done": true
  },
  "minecraft:recipes/decorations/furnace": {
    "criteria": {
      "has_cobblestone": "2024-06-30 02:35:14 +0000"
    },
    "done": true
  },
  "ms:recipes/tools/tool/olivine_hoe": {
    "criteria": {
      "material": "2024-06-30 02:49:50 +0000"
    },
    "done": true
  },
  "minecraft:recipes/building_blocks/andesite_stairs": {
    "criteria": {
      "has_andesite": "2024-06-30 02:52:28 +0000"
    },
    "done": true
  },
  "securitycraft:recipes/redstone/reinforced_spruce_fence_gate": {
    "criteria": {
      "has_stick": "2024-06-30 02:34:38 +0000"
    },
    "done": true
  },
  "ms:recipes/decorations/fence/ironfence": {
    "criteria": {
      "material": "2024-06-30 02:58:31 +0000"
    },
    "done": true
  },
  "minecraft:recipes/building_blocks/pink_wool": {
    "criteria": {
      "has_white_wool": "2024-06-30 02:56:28 +0000"
    },
    "done": true
  },
  "securitycraft:recipes/building_blocks/reinforced_andesite_with_vanilla_diorite": {
    "criteria": {
      "has_cobblestone": "2024-06-30 02:35:14 +0000"
    },
    "done": true
  },
  "securitycraft:recipes/misc/storage_module": {
    "criteria": {
      "has_iron": "2024-06-30 02:58:31 +0000"
    },
    "done": true
  },
  "minecraft:recipes/tools/shears": {
    "criteria": {
      "has_iron_ingot": "2024-06-30 02:58:31 +0000"
    },
    "done": true
  },
  "ms:recipes/decorations/crafting/woodcutter": {
    "criteria": {
      "has_stone": "2024-06-30 02:44:30 +0000"
    },
    "done": true
  },
  "minecraft:recipes/transportation/jungle_chest_boat": {
    "criteria": {
      "has_boat": "2024-06-30 03:03:33 +0000"
    },
    "done": true
  },
  "ms:recipes/misc/create_gem/bronze_ingot": {
    "criteria": {
      "has_tin": "2024-06-30 02:59:17 +0000"
    },
    "done": true
  },
  "minecraft:recipes/building_blocks/cobblestone_slab_from_cobblestone_stonecutting": {
    "criteria": {
      "has_cobblestone": "2024-06-30 02:35:14 +0000"
    },
    "done": true
  },
  "ms:recipes/building_blocks/stone_kiln": {
    "criteria": {
      "has": "2024-06-30 02:35:14 +0000"
    },
    "done": true
  },
  "minecraft:adventure/kill_all_mobs": {
    "criteria": {
      "minecraft:skeleton": "2024-06-30 03:01:31 +0000",
      "minecraft:spider": "2024-06-30 02:59:51 +0000",
      "minecraft:enderman": "2024-06-30 03:04:43 +0000",
      "minecraft:zombie": "2024-06-30 02:44:01 +0000",
      "minecraft:drowned": "2024-06-30 02:59:29 +0000"
    },
    "done": false
  },
  "ms:recipes/tools/tool/tin_shovel": {
    "criteria": {
      "material": "2024-06-30 02:59:17 +0000"
    },
    "done": true
  },
  "minecraft:recipes/building_blocks/iron_block": {
    "criteria": {
      "has_iron_ingot": "2024-06-30 02:58:31 +0000"
    },
    "done": true
  },
  "chococraft:recipes/food/gysahl_cake": {
    "criteria": {
      "has_gysahl_green": "2024-06-30 02:46:57 +0000"
    },
    "done": true
  },
  "ms:recipes/building_blocks/dyed/light_grey_wooden_planks": {
    "criteria": {
      "has_planks": "2024-06-30 02:30:08 +0000"
    },
    "done": true
  },
  "minecraft:recipes/building_blocks/stone": {
    "criteria": {
      "has_cobblestone": "2024-06-30 02:35:14 +0000"
    },
    "done": true
  },
  "ms:recipes/building_blocks/vertical/andesite_brick_stonecutting_from_regular": {
    "criteria": {
      "andesite": "2024-06-30 02:52:28 +0000"
    },
    "done": true
  },
  "ms:recipes/combat/tool/onyx_sword": {
    "criteria": {
      "material": "2024-06-30 02:49:20 +0000"
    },
    "done": true
  },
  "minecraft:recipes/building_blocks/polished_granite_from_granite_stonecutting": {
    "criteria": {
      "has_granite": "2024-06-30 02:52:53 +0000"
    },
    "done": true
  },
  "ms:recipes/misc/materials/book": {
    "criteria": {
      "has_leather": "2024-06-30 03:07:38 +0000"
    },
    "done": true
  },
  "ms:recipes/building_blocks/dyed/pink_cobblestone": {
    "criteria": {
      "has_cobblestone": "2024-06-30 02:35:14 +0000"
    },
    "done": true
  },
  "securitycraft:recipes/misc/whitelist_module": {
    "criteria": {
      "has_iron": "2024-06-30 02:58:31 +0000"
    },
    "done": true
  },
  "ms:recipes/misc/materials/iron_rod": {
    "criteria": {
      "has_iron": "2024-06-30 02:58:31 +0000"
    },
    "done": true
  },
  "minecraft:recipes/redstone/acacia_door": {
    "criteria": {
      "has_planks": "2024-06-30 02:58:00 +0000"
    },
    "done": true
  },
  "ms:recipes/building_blocks/dyed/purple_cobblestone": {
    "criteria": {
      "has_cobblestone": "2024-06-30 02:35:14 +0000"
    },
    "done": true
  },
  "ms:recipes/misc/nugget/tin_nugget": {
    "criteria": {
      "item": "2024-06-30 02:59:17 +0000"
    },
    "done": true
  },
  "ms:recipes/decorations/torch/cyan_from_dye": {
    "criteria": {
      "torch": "2024-06-30 02:23:17 +0000"
    },
    "done": true
  },
  "tombstone:adventure/first_knowledge": {
    "criteria": {
      "coded_trigger": "2024-06-30 03:03:51 +0000"
    },
    "done": true
  },
  "securitycraft:recipes/misc/reinforced_acacia_fence": {
    "criteria": {
      "has_stick": "2024-06-30 02:34:38 +0000"
    },
    "done": true
  },
  "ms:recipes/transportation/boat/white_chest_boat": {
    "criteria": {
      "has_boat": "2024-06-30 03:03:33 +0000"
    },
    "done": true
  },
  "securitycraft:recipes/misc/security_camera": {
    "criteria": {
      "has_iron": "2024-06-30 02:58:31 +0000"
    },
    "done": true
  },
  "ms:recipes/transportation/boat/willow_chest_boat": {
    "criteria": {
      "has_boat": "2024-06-30 03:03:33 +0000"
    },
    "done": true
  },
  "ms:recipes/decorations/crafting/acacia_butter_churn": {
    "criteria": {
      "has_rod": "2024-06-30 02:34:38 +0000"
    },
    "done": true
  },
  "ms:recipes/decorations/barrel/green_barrel": {
    "criteria": {
      "plank": "2024-06-30 02:30:08 +0000"
    },
    "done": true
  },
  "ms:recipes/building_blocks/dyed/black_wooden_planks": {
    "criteria": {
      "has_planks": "2024-06-30 02:30:08 +0000"
    },
    "done": true
  },
  "ms:recipes/food/food/chicken_stew": {
    "criteria": {
      "meat": "2024-06-30 02:46:10 +0000"
    },
    "done": true
  },
  "ms:recipes/decorations/shop/oak": {
    "criteria": {
      "has_material": "2024-06-30 02:30:08 +0000"
    },
    "done": true
  },
  "chococraft:recipes/misc/chocopedia": {
    "criteria": {
      "has_gysahl_green": "2024-06-30 02:46:57 +0000"
    },
    "done": true
  },
  "ms:recipes/building_blocks/acacia_planks_woodcutting": {
    "criteria": {
      "item": "2024-06-30 02:57:36 +0000"
    },
    "done": true
  },
  "ms:recipes/decorations/fence/amazonitefence": {
    "criteria": {
      "material": "2024-06-30 02:35:34 +0000"
    },
    "done": true
  },
  "securitycraft:recipes/misc/briefcase": {
    "criteria": {
      "has_iron": "2024-06-30 02:58:31 +0000"
    },
    "done": true
  },
  "ms:recipes/transportation/boat/light_grey_chest_boat": {
    "criteria": {
      "has_boat": "2024-06-30 03:03:33 +0000"
    },
    "done": true
  },
  "ms:recipes/food/food/raw_bacon": {
    "criteria": {
      "item_1": "2024-06-30 02:46:53 +0000"
    },
    "done": true
  },
  "minecraft:recipes/food/cooked_beef_from_smoking": {
    "criteria": {
      "has_beef": "2024-06-30 03:07:38 +0000"
    },
    "done": true
  },
  "ms:recipes/decorations/seat/acacia_chair_woodcutting": {
    "criteria": {
      "acacia_planks": "2024-06-30 02:58:00 +0000"
    },
    "done": true
  },
  "minecraft:recipes/building_blocks/granite_stairs": {
    "criteria": {
      "has_granite": "2024-06-30 02:52:53 +0000"
    },
    "done": true
  },
  "securitycraft:recipes/misc/electrified_iron_fence": {
    "criteria": {
      "has_iron": "2024-06-30 02:58:31 +0000"
    },
    "done": true
  },
  "chococraft:recipes/misc/pink_gysahl": {
    "criteria": {
      "has_gysahl_green": "2024-06-30 02:46:57 +0000"
    },
    "done": true
  },
  "minecraft:recipes/building_blocks/granite_stairs_from_granite_stonecutting": {
    "criteria": {
      "has_granite": "2024-06-30 02:52:53 +0000"
    },
    "done": true
  },
  "minecraft:recipes/decorations/light_blue_bed_from_white_bed": {
    "criteria": {
      "has_bed": "2024-06-30 03:08:43 +0000"
    },
    "done": true
  },
  "ms:recipes/decorations/fence/jetfence": {
    "criteria": {
      "material": "2024-06-30 02:48:51 +0000"
    },
    "done": true
  },
  "minecraft:recipes/tools/stone_pickaxe": {
    "criteria": {
      "has_cobblestone": "2024-06-30 02:35:14 +0000"
    },
    "done": true
  },
  "ms:recipes/building_blocks/vertical/peridotite_stonecutting": {
    "criteria": {
      "stone/peridotite": "2024-06-30 02:44:30 +0000"
    },
    "done": true
  },
  "minecraft:recipes/decorations/lantern": {
    "criteria": {
      "has_iron_ingot": "2024-06-30 02:58:31 +0000"
    },
    "done": true
  },
  "ms:recipes/tools/tool/onyx_pickaxe": {
    "criteria": {
      "material": "2024-06-30 02:49:20 +0000"
    },
    "done": true
  },
  "aquaculture:recipes/tools/wooden_fillet_knife": {
    "criteria": {
      "has_items": "2024-06-30 02:34:38 +0000"
    },
    "done": true
  },
  "minecraft:recipes/tools/wooden_hoe": {
    "criteria": {
      "has_stick": "2024-06-30 02:34:38 +0000"
    },
    "done": true
  },
  "minecraft:recipes/decorations/granite_wall": {
    "criteria": {
      "has_granite": "2024-06-30 02:52:53 +0000"
    },
    "done": true
  },
  "minecraft:recipes/redstone/oak_fence_gate": {
    "criteria": {
      "has_planks": "2024-06-30 02:30:08 +0000"
    },
    "done": true
  },
  "minecraft:recipes/misc/charcoal": {
    "criteria": {
      "has_log": "2024-06-30 02:29:53 +0000"
    },
    "done": true
  },
  "minecraft:recipes/building_blocks/polished_granite_slab_from_granite_stonecutting": {
    "criteria": {
      "has_granite": "2024-06-30 02:52:53 +0000"
    },
    "done": true
  },
  "minecraft:recipes/building_blocks/polished_andesite_from_andesite_stonecutting": {
    "criteria": {
      "has_andesite": "2024-06-30 02:52:28 +0000"
    },
    "done": true
  },
  "minecraft:recipes/tools/iron_shovel": {
    "criteria": {
      "has_iron_ingot": "2024-06-30 02:58:31 +0000"
    },
    "done": true
  },
  "minecraft:recipes/decorations/item_frame": {
    "criteria": {
      "has_leather": "2024-06-30 03:07:38 +0000"
    },
    "done": true
  },
  "securitycraft:recipes/misc/sonic_security_system": {
    "criteria": {
      "has_stick": "2024-06-30 02:34:38 +0000"
    },
    "done": true
  },
  "minecraft:recipes/decorations/blue_bed_from_white_bed": {
    "criteria": {
      "has_bed": "2024-06-30 03:08:43 +0000"
    },
    "done": true
  },
  "backpacked:recipes/backpacked/crimson_backpack_shelf": {
    "criteria": {
      "has_stick": "2024-06-30 02:34:38 +0000"
    },
    "done": true
  },
  "evilcraft:first_age": {
    "criteria": {
      "criteria_0": "2024-06-30 02:43:25 +0000"
    },
    "done": true
  },
  "ms:recipes/building_blocks/stair/peridotite": {
    "criteria": {
      "stone/peridotite": "2024-06-30 02:44:30 +0000"
    },
    "done": true
  },
  "ms:recipes/decorations/fence/coalfence": {
    "criteria": {
      "material": "2024-06-30 02:51:19 +0000"
    },
    "done": true
  },
  "ms:recipes/building_blocks/oak_stairs_woodcutting": {
    "criteria": {
      "oak_planks": "2024-06-30 02:30:08 +0000"
    },
    "done": true
  },
  "ms:recipes/building_blocks/resources/onyx_block": {
    "criteria": {
      "material": "2024-06-30 02:49:20 +0000"
    },
    "done": true
  },
  "ms:recipes/transportation/boat/glowood_chest_boat": {
    "criteria": {
      "has_boat": "2024-06-30 03:03:33 +0000"
    },
    "done": true
  },
  "ms:recipes/decorations/crafting/bamboo_crafting_table": {
    "criteria": {
      "has_crafting_table": "2024-06-30 02:34:34 +0000"
    },
    "done": true
  },
  "minecraft:recipes/tools/wooden_shovel": {
    "criteria": {
      "has_stick": "2024-06-30 02:34:38 +0000"
    },
    "done": true
  },
  "ms:recipes/redstone/acacia_fence_gate_woodcutting": {
    "criteria": {
      "acacia_planks": "2024-06-30 02:58:00 +0000"
    },
    "done": true
  },
  "securitycraft:recipes/misc/trophy_system": {
    "criteria": {
      "has_iron": "2024-06-30 02:58:31 +0000"
    },
    "done": true
  },
  "minecraft:adventure/root": {
    "criteria": {
      "killed_something": "2024-06-30 02:36:34 +0000"
    },
    "done": true
  },
  "ms:recipes/building_blocks/pillar/wool_brown": {
    "criteria": {
      "material": "2024-06-30 02:56:33 +0000"
    },
    "done": true
  },
  "ms:recipes/decorations/seat/acacia_stool_woodcutting": {
    "criteria": {
      "acacia_planks": "2024-06-30 02:58:00 +0000"
    },
    "done": true
  },
  "minecraft:recipes/building_blocks/black_wool": {
    "criteria": {
      "has_white_wool": "2024-06-30 02:56:28 +0000"
    },
    "done": true
  },
  "minecraft:recipes/combat/crossbow": {
    "criteria": {
      "has_string": "2024-06-30 02:45:26 +0000"
    },
    "done": true
  },
  "ms:recipes/tools/tool/bone_pickaxe": {
    "criteria": {
      "material": "2024-06-30 03:01:32 +0000"
    },
    "done": true
  },
  "minecraft:recipes/decorations/barrel": {
    "criteria": {
      "has_planks": "2024-06-30 02:30:08 +0000"
    },
    "done": true
  },
  "ms:recipes/building_blocks/wall/peridotite_brick_stonecutting_from_regular": {
    "criteria": {
      "stone/peridotite": "2024-06-30 02:44:30 +0000"
    },
    "done": true
  },
  "ms:recipes/decorations/barrel/orange_barrel": {
    "criteria": {
      "plank": "2024-06-30 02:30:08 +0000"
    },
    "done": true
  },
  "ms:recipes/decorations/crafting/jungle_butter_churn": {
    "criteria": {
      "has_rod": "2024-06-30 02:34:38 +0000"
    },
    "done": true
  },
  "ms:ore/new_ingot": {
    "criteria": {
      "tin": "2024-06-30 02:59:17 +0000"
    },
    "done": true
  },
  "ms:recipes/decorations/torch/orange_from_dye": {
    "criteria": {
      "torch": "2024-06-30 02:23:17 +0000"
    },
    "done": true
  },
  "minecraft:recipes/decorations/white_bed": {
    "criteria": {
      "has_white_wool": "2024-06-30 02:56:28 +0000"
    },
    "done": true
  },
  "ms:recipes/combat/armor/coal_legs": {
    "criteria": {
      "material": "2024-06-30 02:51:19 +0000"
    },
    "done": true
  },
  "securitycraft:recipes/misc/reinforced_birch_fence": {
    "criteria": {
      "has_stick": "2024-06-30 02:34:38 +0000"
    },
    "done": true
  },
  "securitycraft:recipes/misc/camera_monitor": {
    "criteria": {
      "has_iron": "2024-06-30 02:58:31 +0000"
    },
    "done": true
  },
  "securitycraft:recipes/misc/sc_manual": {
    "criteria": {
      "has_wood": "2024-06-30 02:29:53 +0000"
    },
    "done": true
  },
  "securitycraft:recipes/misc/redstone_module": {
    "criteria": {
      "has_iron": "2024-06-30 02:58:31 +0000"
    },
    "done": true
  },
  "minecraft:recipes/tools/stone_shovel": {
    "criteria": {
      "has_cobblestone": "2024-06-30 02:35:14 +0000"
    },
    "done": true
  },
  "ms:recipes/building_blocks/dyed/yellow_wooden_planks": {
    "criteria": {
      "has_planks": "2024-06-30 02:30:08 +0000"
    },
    "done": true
  },
  "minecraft:recipes/building_blocks/oak_wood": {
    "criteria": {
      "has_log": "2024-06-30 02:29:53 +0000"
    },
    "done": true
  },
  "minecraft:recipes/food/cooked_beef": {
    "criteria": {
      "has_beef": "2024-06-30 03:07:38 +0000"
    },
    "done": true
  },
  "securitycraft:recipes/tools/universal_block_remover": {
    "criteria": {
      "has_iron": "2024-06-30 02:58:31 +0000"
    },
    "done": true
  },
  "ms:recipes/building_blocks/resources/tin_block": {
    "criteria": {
      "material": "2024-06-30 02:59:17 +0000"
    },
    "done": true
  },
  "minecraft:recipes/redstone/heavy_weighted_pressure_plate": {
    "criteria": {
      "has_iron_ingot": "2024-06-30 02:58:31 +0000"
    },
    "done": true
  },
  "minecraft:recipes/food/cake": {
    "criteria": {
      "has_egg": "2024-06-30 02:28:24 +0000"
    },
    "done": true
  },
  "minecraft:recipes/combat/iron_leggings": {
    "criteria": {
      "has_iron_ingot": "2024-06-30 02:58:31 +0000"
    },
    "done": true
  },
  "ms:recipes/transportation/boat/magenta_chest_boat": {
    "criteria": {
      "has_boat": "2024-06-30 03:03:33 +0000"
    },
    "done": true
  },
  "minecraft:recipes/combat/leather_leggings": {
    "criteria": {
      "has_leather": "2024-06-30 03:07:38 +0000"
    },
    "done": true
  },
  "ms:recipes/building_blocks/wall/wool_white": {
    "criteria": {
      "material": "2024-06-30 02:56:28 +0000"
    },
    "done": true
  },
  "ms:recipes/building_blocks/wall/andesite_brick_stonecutting_from_regular": {
    "criteria": {
      "andesite": "2024-06-30 02:52:28 +0000"
    },
    "done": true
  },
  "ms:recipes/decorations/seat/oak_stool_woodcutting": {
    "criteria": {
      "oak_planks": "2024-06-30 02:30:08 +0000"
    },
    "done": true
  },
  "ms:recipes/decorations/crafting/acacia_crafting_table": {
    "criteria": {
      "has_crafting_table": "2024-06-30 02:34:34 +0000"
    },
    "done": true
  },
  "ms:recipes/decorations/seat/acacia_chair": {
    "criteria": {
      "has_plank": "2024-06-30 02:58:00 +0000"
    },
    "done": true
  },
  "ms:recipes/decorations/fence/olivinefence": {
    "criteria": {
      "material": "2024-06-30 02:49:50 +0000"
    },
    "done": true
  },
  "minecraft:recipes/decorations/brown_carpet": {
    "criteria": {
      "has_brown_wool": "2024-06-30 02:56:33 +0000"
    },
    "done": true
  },
  "ms:recipes/food/egg_campfire": {
    "criteria": {
      "is_food": "2024-06-30 02:28:24 +0000"
    },
    "done": true
  },
  "ms:recipes/building_blocks/stair/andesite_brick_stonecutting_from_regular": {
    "criteria": {
      "andesite": "2024-06-30 02:52:28 +0000"
    },
    "done": true
  },
  "minecraft:recipes/building_blocks/light_gray_wool": {
    "criteria": {
      "has_white_wool": "2024-06-30 02:56:28 +0000"
    },
    "done": true
  },
  "minecraft:recipes/food/cooked_chicken": {
    "criteria": {
      "has_chicken": "2024-06-30 02:45:39 +0000"
    },
    "done": true
  },
  "ms:recipes/building_blocks/stone/andesite_bricks_stonecutting": {
    "criteria": {
      "item": "2024-06-30 02:52:28 +0000"
    },
    "done": true
  },
  "ms:recipes/decorations/fence/onyxfence": {
    "criteria": {
      "material": "2024-06-30 02:49:20 +0000"
    },
    "done": true
  },
  "chococraft:recipes/food/pickled_gysahl_raw": {
    "criteria": {
      "has_gysahl_green": "2024-06-30 02:46:57 +0000"
    },
    "done": true
  },
  "securitycraft:recipes/misc/disguise_module": {
    "criteria": {
      "has_iron": "2024-06-30 02:58:31 +0000"
    },
    "done": true
  },
  "ms:recipes/misc/charcoal_kiln": {
    "criteria": {
      "has": "2024-06-30 02:29:53 +0000"
    },
    "done": true
  },
  "minecraft:recipes/transportation/minecart": {
    "criteria": {
      "has_iron_ingot": "2024-06-30 02:58:31 +0000"
    },
    "done": true
  },
  "minecraft:recipes/tools/iron_hoe": {
    "criteria": {
      "has_iron_ingot": "2024-06-30 02:58:31 +0000"
    },
    "done": true
  },
  "ms:recipes/building_blocks/stone/peridotite_bricks_stonecutting": {
    "criteria": {
      "item": "2024-06-30 02:44:30 +0000"
    },
    "done": true
  },
  "securitycraft:recipes/redstone/laser_block": {
    "criteria": {
      "has_stone": "2024-06-30 02:35:14 +0000"
    },
    "done": true
  },
  "minecraft:recipes/decorations/painting": {
    "criteria": {
      "has_wool": "2024-06-30 02:56:28 +0000"
    },
    "done": true
  },
  "minecraft:recipes/combat/arrow": {
    "criteria": {
      "has_feather": "2024-06-30 02:45:40 +0000"
    },
    "done": true
  },
  "minecraft:recipes/redstone/acacia_trapdoor": {
    "criteria": {
      "has_planks": "2024-06-30 02:58:00 +0000"
    },
    "done": true
  },
  "ms:recipes/combat/armor/onyx_legs": {
    "criteria": {
      "material": "2024-06-30 02:49:20 +0000"
    },
    "done": true
  },
  "ms:recipes/decorations/crafting/dark_oak_butter_churn": {
    "criteria": {
      "has_rod": "2024-06-30 02:34:38 +0000"
    },
    "done": true
  },
  "ms:recipes/transportation/boat/red_chest_boat": {
    "criteria": {
      "has_boat": "2024-06-30 03:03:33 +0000"
    },
    "done": true
  },
  "minecraft:recipes/decorations/andesite_wall_from_andesite_stonecutting": {
    "criteria": {
      "has_andesite": "2024-06-30 02:52:28 +0000"
    },
    "done": true
  },
  "ms:recipes/transportation/boat/blue_chest_boat": {
    "criteria": {
      "has_boat": "2024-06-30 03:03:33 +0000"
    },
    "done": true
  },
  "ms:recipes/tools/misc/mortar_pestle": {
    "criteria": {
      "has_stick": "2024-06-30 02:34:38 +0000"
    },
    "done": true
  },
  "minecraft:recipes/tools/fishing_rod": {
    "criteria": {
      "has_string": "2024-06-30 02:45:26 +0000"
    },
    "done": true
  },
  "ms:recipes/building_blocks/vertical/peridotite_brick_stonecutting_from_regular": {
    "criteria": {
      "stone/peridotite": "2024-06-30 02:44:30 +0000"
    },
    "done": true
  },
  "ms:recipes/decorations/barrel/brown_barrel": {
    "criteria": {
      "plank": "2024-06-30 02:30:08 +0000"
    },
    "done": true
  },
  "ms:recipes/building_blocks/resources/olivine_block": {
    "criteria": {
      "material": "2024-06-30 02:49:50 +0000"
    },
    "done": true
  },
  "securitycraft:recipes/misc/reinforced_jungle_fence": {
    "criteria": {
      "has_stick": "2024-06-30 02:34:38 +0000"
    },
    "done": true
  },
  "minecraft:recipes/transportation/acacia_chest_boat": {
    "criteria": {
      "has_boat": "2024-06-30 03:03:33 +0000"
    },
    "done": true
  },
  "minecraft:recipes/building_blocks/oak_stairs": {
    "criteria": {
      "has_planks": "2024-06-30 02:30:08 +0000"
    },
    "done": true
  },
  "minecraft:recipes/building_blocks/polished_andesite_slab_from_andesite_stonecutting": {
    "criteria": {
      "has_andesite": "2024-06-30 02:52:28 +0000"
    },
    "done": true
  },
  "aquaculture:recipes/tools/iron_fillet_knife": {
    "criteria": {
      "has_items": "2024-06-30 02:58:31 +0000"
    },
    "done": true
  },
  "ms:recipes/building_blocks/slab/wool_white": {
    "criteria": {
      "material": "2024-06-30 02:56:28 +0000"
    },
    "done": true
  },
  "minecraft:recipes/decorations/gray_bed_from_white_bed": {
    "criteria": {
      "has_bed": "2024-06-30 03:08:43 +0000"
    },
    "done": true
  },
  "ms:recipes/decorations/table/oak_table": {
    "criteria": {
      "has_plank": "2024-06-30 02:30:08 +0000"
    },
    "done": true
  },
  "ms:recipes/food/food/caramel_apple": {
    "criteria": {
      "has_stick": "2024-06-30 02:34:38 +0000"
    },
    "done": true
  },
  "minecraft:recipes/decorations/chain": {
    "criteria": {
      "has_iron_ingot": "2024-06-30 02:58:31 +0000"
    },
    "done": true
  },
  "minecraft:recipes/decorations/oak_fence": {
    "criteria": {
      "has_planks": "2024-06-30 02:30:08 +0000"
    },
    "done": true
  },
  "minecraft:recipes/food/cooked_porkchop_from_campfire_cooking": {
    "criteria": {
      "has_porkchop": "2024-06-30 02:46:53 +0000"
    },
    "done": true
  },
  "ms:recipes/building_blocks/stripped_oak_log_woodcutting": {
    "criteria": {
      "oak_log": "2024-06-30 02:29:53 +0000"
    },
    "done": true
  },
  "ms:recipes/building_blocks/vertical/wool_brown": {
    "criteria": {
      "material": "2024-06-30 02:56:33 +0000"
    },
    "done": true
  },
  "minecraft:recipes/decorations/smithing_table": {
    "criteria": {
      "has_iron_ingot": "2024-06-30 02:58:31 +0000"
    },
    "done": true
  },
  "ms:recipes/building_blocks/slab/granite_brick_stonecutting_from_regular": {
    "criteria": {
      "granite": "2024-06-30 02:52:53 +0000"
    },
    "done": true
  },
  "ms:recipes/decorations/crafting/spruce_butter_churn": {
    "criteria": {
      "has_rod": "2024-06-30 02:34:38 +0000"
    },
    "done": true
  },
  "ms:recipes/building_blocks/dyed/magenta_cobblestone": {
    "criteria": {
      "has_cobblestone": "2024-06-30 02:35:14 +0000"
    },
    "done": true
  },
  "ms:recipes/building_blocks/dyed/yellow_cobblestone": {
    "criteria": {
      "has_cobblestone": "2024-06-30 02:35:14 +0000"
    },
    "done": true
  },
  "minecraft:recipes/decorations/white_carpet": {
    "criteria": {
      "has_white_wool": "2024-06-30 02:56:28 +0000"
    },
    "done": true
  },
  "minecraft:recipes/transportation/birch_chest_boat": {
    "criteria": {
      "has_boat": "2024-06-30 03:03:33 +0000"
    },
    "done": true
  },
  "ms:recipes/building_blocks/dyed/red_wooden_planks": {
    "criteria": {
      "has_planks": "2024-06-30 02:30:08 +0000"
    },
    "done": true
  },
  "minecraft:recipes/redstone/acacia_fence_gate": {
    "criteria": {
      "has_planks": "2024-06-30 02:58:00 +0000"
    },
    "done": true
  },
  "minecraft:recipes/building_blocks/coal_block": {
    "criteria": {
      "has_coal": "2024-06-30 02:51:19 +0000"
    },
    "done": true
  },
  "ms:recipes/decorations/barrel/white_barrel": {
    "criteria": {
      "plank": "2024-06-30 02:30:08 +0000"
    },
    "done": true
  },
  "ms:recipes/decorations/torch/light_grey_from_dye": {
    "criteria": {
      "torch": "2024-06-30 02:23:17 +0000"
    },
    "done": true
  },
  "ms:recipes/decorations/crafting/mangrove_crafting_table": {
    "criteria": {
      "has_crafting_table": "2024-06-30 02:34:34 +0000"
    },
    "done": true
  },
  "securitycraft:recipes/redstone/reinforced_acacia_fence_gate": {
    "criteria": {
      "has_stick": "2024-06-30 02:34:38 +0000"
    },
    "done": true
  },
  "ms:recipes/transportation/boat/warped_chest_boat": {
    "criteria": {
      "has_boat": "2024-06-30 03:03:33 +0000"
    },
    "done": true
  },
  "minecraft:recipes/redstone/oak_button": {
    "criteria": {
      "has_planks": "2024-06-30 02:30:08 +0000"
    },
    "done": true
  },
  "minecraft:recipes/building_blocks/magenta_wool": {
    "criteria": {
      "has_white_wool": "2024-06-30 02:56:28 +0000"
    },
    "done": true
  },
  "minecraft:recipes/decorations/torch": {
    "criteria": {
      "has_stone_pickaxe": "2024-06-30 02:48:45 +0000"
    },
    "done": true
  },
  "ms:recipes/decorations/torch/black_from_dye": {
    "criteria": {
      "torch": "2024-06-30 02:23:17 +0000"
    },
    "done": true
  },
  "ms:recipes/decorations/barrel/black_barrel": {
    "criteria": {
      "plank": "2024-06-30 02:30:08 +0000"
    },
    "done": true
  },
  "securitycraft:recipes/misc/reinforced_cherry_fence": {
    "criteria": {
      "has_stick": "2024-06-30 02:34:38 +0000"
    },
    "done": true
  },
  "minecraft:recipes/building_blocks/andesite_stairs_from_andesite_stonecutting": {
    "criteria": {
      "has_andesite": "2024-06-30 02:52:28 +0000"
    },
    "done": true
  },
  "ms:recipes/transportation/boat/bamboo_chest_boat": {
    "criteria": {
      "has_boat": "2024-06-30 03:03:33 +0000"
    },
    "done": true
  },
  "securitycraft:recipes/redstone/reinforced_warped_fence_gate": {
    "criteria": {
      "has_stick": "2024-06-30 02:34:38 +0000"
    },
    "done": true
  },
  "ms:recipes/redstone/acacia_pressure_plate_woodcutting": {
    "criteria": {
      "acacia_planks": "2024-06-30 02:58:00 +0000"
    },
    "done": true
  },
  "ms:recipes/combat/arrow/aquamarine_arrow": {
    "criteria": {
      "has_stick": "2024-06-30 02:34:38 +0000"
    },
    "done": true
  },
  "ms:recipes/decorations/crafting/tigerwood_butter_churn": {
    "criteria": {
      "has_rod": "2024-06-30 02:34:38 +0000"
    },
    "done": true
  },
  "ms:recipes/decorations/torch/white_from_dye": {
    "criteria": {
      "torch": "2024-06-30 02:23:17 +0000"
    },
    "done": true
  },
  "minecraft:recipes/decorations/purple_bed_from_white_bed": {
    "criteria": {
      "has_bed": "2024-06-30 03:08:43 +0000"
    },
    "done": true
  },
  "ms:recipes/building_blocks/stone/andesite_pillar_stonecutting": {
    "criteria": {
      "item": "2024-06-30 02:52:28 +0000"
    },
    "done": true
  },
  "ms:recipes/building_blocks/slab/andesite_tile_stonecutting_from_regular": {
    "criteria": {
      "andesite": "2024-06-30 02:52:28 +0000"
    },
    "done": true
  },
  "ms:recipes/building_blocks/vertical/acacia": {
    "criteria": {
      "material": "2024-06-30 02:58:00 +0000"
    },
    "done": true
  },
  "ms:recipes/building_blocks/vertical/oak": {
    "criteria": {
      "material": "2024-06-30 02:30:08 +0000"
    },
    "done": true
  },
  "minecraft:recipes/food/cooked_mutton": {
    "criteria": {
      "has_mutton": "2024-06-30 02:56:33 +0000"
    },
    "done": true
  },
  "minecraft:recipes/building_blocks/purple_wool": {
    "criteria": {
      "has_white_wool": "2024-06-30 02:56:28 +0000"
    },
    "done": true
  },
  "ms:recipes/building_blocks/vertical/polished_peridotite_stonecutting_from_regular": {
    "criteria": {
      "stone/peridotite": "2024-06-30 02:44:30 +0000"
    },
    "done": true
  },
  "ms:recipes/food/food/chicken_sandwich": {
    "criteria": {
      "meat": "2024-06-30 02:46:10 +0000"
    },
    "done": true
  },
  "ms:recipes/combat/armor/tin_legs": {
    "criteria": {
      "material": "2024-06-30 02:59:17 +0000"
    },
    "done": true
  },
  "minecraft:recipes/building_blocks/cyan_wool": {
    "criteria": {
      "has_white_wool": "2024-06-30 02:56:28 +0000"
    },
    "done": true
  },
  "ms:recipes/tools/tool/tin_axe": {
    "criteria": {
      "material": "2024-06-30 02:59:17 +0000"
    },
    "done": true
  },
  "minecraft:recipes/decorations/white_banner": {
    "criteria": {
      "has_white_wool": "2024-06-30 02:56:28 +0000"
    },
    "done": true
  },
  "securitycraft:recipes/misc/harming_module": {
    "criteria": {
      "has_iron": "2024-06-30 02:58:31 +0000"
    },
    "done": true
  },
  "minecraft:recipes/building_blocks/orange_wool": {
    "criteria": {
      "has_white_wool": "2024-06-30 02:56:28 +0000"
    },
    "done": true
  },
  "minecraft:recipes/decorations/green_bed_from_white_bed": {
    "criteria": {
      "has_bed": "2024-06-30 03:08:43 +0000"
    },
    "done": true
  },
  "ms:recipes/building_blocks/resources/jet_block": {
    "criteria": {
      "material": "2024-06-30 02:48:51 +0000"
    },
    "done": true
  },
  "ms:recipes/food/food/iron_bread": {
    "criteria": {
      "has_resource": "2024-06-30 02:58:31 +0000"
    },
    "done": true
  },
  "ms:recipes/building_blocks/dyed/white_wooden_planks": {
    "criteria": {
      "has_planks": "2024-06-30 02:30:08 +0000"
    },
    "done": true
  },
  "ms:recipes/building_blocks/vertical/andesite": {
    "criteria": {
      "andesite": "2024-06-30 02:52:28 +0000"
    },
    "done": true
  },
  "ms:recipes/building_blocks/vertical/peridotite": {
    "criteria": {
      "stone/peridotite": "2024-06-30 02:44:30 +0000"
    },
    "done": true
  },
  "ms:recipes/misc/stick_woodcutting": {
    "criteria": {
      "item": "2024-06-30 02:30:08 +0000"
    },
    "done": true
  },
  "backpacked:recipes/backpacked/acacia_backpack_shelf": {
    "criteria": {
      "has_stick": "2024-06-30 02:34:38 +0000"
    },
    "done": true
  },
  "ms:recipes/misc/rotten_flesh_smelt": {
    "criteria": {
      "rotten_flesh": "2024-06-30 02:59:30 +0000"
    },
    "done": true
  },
  "minecraft:recipes/building_blocks/polished_andesite": {
    "criteria": {
      "has_andesite": "2024-06-30 02:52:28 +0000"
    },
    "done": true
  },
  "ms:ore/all_resources": {
    "criteria": {
      "onyx": "2024-06-30 02:49:20 +0000",
      "olivine": "2024-06-30 02:49:50 +0000",
      "jet": "2024-06-30 02:48:51 +0000",
      "tin": "2024-06-30 02:50:14 +0000",
      "amazonite": "2024-06-30 02:35:34 +0000"
    },
    "done": false
  },
  "ms:recipes/misc/nugget/onyx_shard": {
    "criteria": {
      "item": "2024-06-30 02:49:20 +0000"
    },
    "done": true
  },
  "ms:recipes/transportation/boat/orange_chest_boat": {
    "criteria": {
      "has_boat": "2024-06-30 03:03:33 +0000"
    },
    "done": true
  },
  "ms:recipes/decorations/crafting/birch_butter_churn": {
    "criteria": {
      "has_rod": "2024-06-30 02:34:38 +0000"
    },
    "done": true
  },
  "ms:recipes/building_blocks/dyed/cyan_cobblestone": {
    "criteria": {
      "has_cobblestone": "2024-06-30 02:35:14 +0000"
    },
    "done": true
  },
  "ms:recipes/building_blocks/stone/andesite_tiles_stonecutting": {
    "criteria": {
      "item": "2024-06-30 02:52:28 +0000"
    },
    "done": true
  },
  "securitycraft:recipes/misc/reinforced_mangrove_fence": {
    "criteria": {
      "has_stick": "2024-06-30 02:34:38 +0000"
    },
    "done": true
  },
  "securitycraft:recipes/building_blocks/reinforced_andesite": {
    "criteria": {
      "has_cobblestone": "2024-06-30 02:35:14 +0000"
    },
    "done": true
  },
  "ms:recipes/building_blocks/wall/granite_tile_stonecutting_from_regular": {
    "criteria": {
      "granite": "2024-06-30 02:52:53 +0000"
    },
    "done": true
  },
  "ms:recipes/building_blocks/dyed/brown_cobblestone": {
    "criteria": {
      "has_cobblestone": "2024-06-30 02:35:14 +0000"
    },
    "done": true
  },
  "ms:recipes/decorations/crafting/silverbell_crafting_table": {
    "criteria": {
      "has_crafting_table": "2024-06-30 02:34:34 +0000"
    },
    "done": true
  },
  "ms:recipes/transportation/boat/lime_chest_boat": {
    "criteria": {
      "has_boat": "2024-06-30 03:03:33 +0000"
    },
    "done": true
  },
  "minecraft:recipes/building_blocks/white_wool_from_string": {
    "criteria": {
      "has_string": "2024-06-30 02:45:26 +0000"
    },
    "done": true
  },
  "ms:recipes/transportation/boat/black_chest_boat": {
    "criteria": {
      "has_boat": "2024-06-30 03:03:33 +0000"
    },
    "done": true
  },
  "ms:recipes/building_blocks/dyed/green_wooden_planks": {
    "criteria": {
      "has_planks": "2024-06-30 02:30:08 +0000"
    },
    "done": true
  },
  "securitycraft:recipes/building_blocks/reinforced_diorite": {
    "criteria": {
      "has_cobblestone": "2024-06-30 02:35:14 +0000"
    },
    "done": true
  },
  "ms:recipes/building_blocks/pillar/wool_white": {
    "criteria": {
      "material": "2024-06-30 02:56:28 +0000"
    },
    "done": true
  },
  "ms:recipes/building_blocks/vertical/wool_white": {
    "criteria": {
      "material": "2024-06-30 02:56:28 +0000"
    },
    "done": true
  },
  "ms:recipes/building_blocks/resources/amazonite_block": {
    "criteria": {
      "material": "2024-06-30 02:35:34 +0000"
    },
    "done": true
  },
  "ms:recipes/building_blocks/slab/andesite_brick_stonecutting_from_regular": {
    "criteria": {
      "andesite": "2024-06-30 02:52:28 +0000"
    },
    "done": true
  },
  "ms:recipes/tools/tool/bone_axe": {
    "criteria": {
      "material": "2024-06-30 03:01:32 +0000"
    },
    "done": true
  },
  "ms:recipes/combat/explosives/refined_dynamite": {
    "criteria": {
      "has_string": "2024-06-30 02:45:26 +0000"
    },
    "done": true
  },
  "ms:recipes/building_blocks/vertical/granite_tile_stonecutting_from_regular": {
    "criteria": {
      "granite": "2024-06-30 02:52:53 +0000"
    },
    "done": true
  },
  "minecraft:recipes/decorations/andesite_wall": {
    "criteria": {
      "has_andesite": "2024-06-30 02:52:28 +0000"
    },
    "done": true
  },
  "minecraft:recipes/building_blocks/andesite_slab": {
    "criteria": {
      "has_andesite": "2024-06-30 02:52:28 +0000"
    },
    "done": true
  },
  "minecraft:recipes/building_blocks/cobblestone_stairs_from_cobblestone_stonecutting": {
    "criteria": {
      "has_cobblestone": "2024-06-30 02:35:14 +0000"
    },
    "done": true
  },
  "ms:ore/new_gem": {
    "criteria": {
      "amazonite": "2024-06-30 02:35:34 +0000"
    },
    "done": true
  },
  "ms:recipes/decorations/torch/light_blue_from_dye": {
    "criteria": {
      "torch": "2024-06-30 02:23:17 +0000"
    },
    "done": true
  },
  "ms:recipes/building_blocks/slab/polished_peridotite_stonecutting_from_regular": {
    "criteria": {
      "stone/peridotite": "2024-06-30 02:44:30 +0000"
    },
    "done": true
  },
  "minecraft:recipes/tools/stone_hoe": {
    "criteria": {
      "has_cobblestone": "2024-06-30 02:35:14 +0000"
    },
    "done": true
  },
  "ms:recipes/decorations/chest/acacia": {
    "criteria": {
      "plank": "2024-06-30 02:58:00 +0000"
    },
    "done": true
  },
  "minecraft:recipes/decorations/loom": {
    "criteria": {
      "has_string": "2024-06-30 02:45:26 +0000"
    },
    "done": true
  },
  "ms:recipes/tools/tool/olivine_shovel": {
    "criteria": {
      "material": "2024-06-30 02:49:50 +0000"
    },
    "done": true
  },
  "ms:recipes/tools/tool/onyx_axe": {
    "criteria": {
      "material": "2024-06-30 02:49:20 +0000"
    },
    "done": true
  },
  "minecraft:story/root": {
    "criteria": {
      "crafting_table": "2024-06-30 02:34:34 +0000"
    },
    "done": true
  },
  "securitycraft:recipes/misc/reinforced_spruce_fence": {
    "criteria": {
      "has_stick": "2024-06-30 02:34:38 +0000"
    },
    "done": true
  },
  "ms:recipes/decorations/crafting/hellwood_butter_churn": {
    "criteria": {
      "has_rod": "2024-06-30 02:34:38 +0000"
    },
    "done": true
  },
  "ms:recipes/decorations/oak_sign_woodcutting": {
    "criteria": {
      "oak_planks": "2024-06-30 02:30:08 +0000"
    },
    "done": true
  },
  "ms:recipes/food/food/mutton_sandwich": {
    "criteria": {
      "meat": "2024-06-30 02:58:04 +0000"
    },
    "done": true
  },
  "ms:recipes/tools/tool/onyx_shovel": {
    "criteria": {
      "material": "2024-06-30 02:49:20 +0000"
    },
    "done": true
  },
  "minecraft:recipes/food/cooked_beef_from_campfire_cooking": {
    "criteria": {
      "has_beef": "2024-06-30 03:07:38 +0000"
    },
    "done": true
  },
  "DataVersion": 3337
}