{
  "minecraft:recipes/combat/leather_helmet": {
    "criteria": {
      "has_leather": "2024-06-30 06:40:37 +0000"
    },
    "done": true
  },
  "minecraft:recipes/decorations/ladder": {
    "criteria": {
      "has_stick": "2024-06-30 06:22:44 +0000"
    },
    "done": true
  },
  "securitycraft:recipes/redstone/reinforced_birch_fence_gate": {
    "criteria": {
      "has_stick": "2024-06-30 06:22:44 +0000"
    },
    "done": true
  },
  "securitycraft:recipes/redstone/reinforced_jungle_fence_gate": {
    "criteria": {
      "has_stick": "2024-06-30 06:22:44 +0000"
    },
    "done": true
  },
  "ms:recipes/building_blocks/fence/cherryfence_woodcutting": {
    "criteria": {
      "nature/cherry_planks": "2024-06-30 06:37:55 +0000"
    },
    "done": true
  },
  "ms:recipes/decorations/seat/tigerwood_stool_woodcutting": {
    "criteria": {
      "nature/tigerwood_planks": "2024-06-30 07:03:25 +0000"
    },
    "done": true
  },
  "ms:recipes/building_blocks/dyed/white_cobblestone": {
    "criteria": {
      "has_cobblestone": "2024-06-30 06:30:11 +0000"
    },
    "done": true
  },
  "ms:recipes/building_blocks/dark_oak_slab_woodcutting": {
    "criteria": {
      "dark_oak_planks": "2024-06-30 07:08:40 +0000"
    },
    "done": true
  },
  "minecraft:recipes/redstone/birch_button": {
    "criteria": {
      "has_planks": "2024-06-30 07:34:21 +0000"
    },
    "done": true
  },
  "ms:recipes/building_blocks/oak_slab_woodcutting": {
    "criteria": {
      "oak_planks": "2024-06-30 07:03:15 +0000"
    },
    "done": true
  },
  "ms:recipes/decorations/crafting/jungle_crafting_table": {
    "criteria": {
      "has_crafting_table": "2024-06-30 06:25:07 +0000"
    },
    "done": true
  },
  "ms:recipes/building_blocks/dyed/black_cobblestone": {
    "criteria": {
      "has_cobblestone": "2024-06-30 06:30:11 +0000"
    },
    "done": true
  },
  "ms:recipes/building_blocks/dyed/grey_cobblestone": {
    "criteria": {
      "has_cobblestone": "2024-06-30 06:30:11 +0000"
    },
    "done": true
  },
  "ms:recipes/building_blocks/vertical/cobblestone": {
    "criteria": {
      "cobblestone": "2024-06-30 06:30:11 +0000"
    },
    "done": true
  },
  "ms:recipes/decorations/shop/maple": {
    "criteria": {
      "has_material": "2024-06-30 06:25:08 +0000"
    },
    "done": true
  },
  "aquaculture:recipes/aquaculture/heavy_hook": {
    "criteria": {
      "has_items": "2024-06-30 06:19:14 +0000"
    },
    "done": true
  },
  "ms:recipes/building_blocks/nature/stripped_cherry_log_woodcutting": {
    "criteria": {
      "nature/cherry_log": "2024-06-30 06:22:15 +0000"
    },
    "done": true
  },
  "ms:recipes/building_blocks/nature/cherry_planks_woodcutting": {
    "criteria": {
      "item": "2024-06-30 06:22:15 +0000"
    },
    "done": true
  },
  "ms:recipes/building_blocks/dyed/blue_wooden_planks": {
    "criteria": {
      "has_planks": "2024-06-30 06:25:08 +0000"
    },
    "done": true
  },
  "ms:recipes/decorations/seat/oak_chair_woodcutting": {
    "criteria": {
      "oak_planks": "2024-06-30 07:03:15 +0000"
    },
    "done": true
  },
  "minecraft:recipes/decorations/yellow_bed_from_white_bed": {
    "criteria": {
      "has_bed": "2024-06-30 06:34:46 +0000"
    },
    "done": true
  },
  "aquaculture:recipes/misc/neptunium_ingot_from_neptunium_block": {
    "criteria": {
      "has_items": "2024-06-30 06:19:14 +0000"
    },
    "done": true
  },
  "ms:recipes/decorations/crafting/oak_butter_churn": {
    "criteria": {
      "has_rod": "2024-06-30 06:22:44 +0000"
    },
    "done": true
  },
  "minecraft:recipes/decorations/cyan_bed_from_white_bed": {
    "criteria": {
      "has_bed": "2024-06-30 06:34:46 +0000"
    },
    "done": true
  },
  "ms:recipes/tools/tool/bone_hoe": {
    "criteria": {
      "material": "2024-06-30 06:46:17 +0000"
    },
    "done": true
  },
  "minecraft:recipes/decorations/birch_fence": {
    "criteria": {
      "has_planks": "2024-06-30 07:34:21 +0000"
    },
    "done": true
  },
  "ms:recipes/building_blocks/nature/maple_planks_woodcutting": {
    "criteria": {
      "item": "2024-06-30 06:21:12 +0000"
    },
    "done": true
  },
  "minecraft:recipes/tools/wooden_axe": {
    "criteria": {
      "has_stick": "2024-06-30 06:22:44 +0000"
    },
    "done": true
  },
  "ms:recipes/decorations/barrel/red_barrel": {
    "criteria": {
      "plank": "2024-06-30 06:25:08 +0000"
    },
    "done": true
  },
  "backpacked:recipes/backpacked/spruce_backpack_shelf": {
    "criteria": {
      "has_stick": "2024-06-30 06:22:44 +0000"
    },
    "done": true
  },
  "minecraft:recipes/combat/leather_chestplate": {
    "criteria": {
      "has_leather": "2024-06-30 06:40:37 +0000"
    },
    "done": true
  },
  "minecraft:recipes/decorations/crafting_table": {
    "criteria": {
      "unlock_right_away": "2024-06-30 06:19:14 +0000"
    },
    "done": true
  },
  "minecraft:recipes/decorations/chest": {
    "criteria": {
      "has_lots_of_items": "2024-06-30 06:30:03 +0000"
    },
    "done": true
  },
  "minecraft:recipes/misc/stick": {
    "criteria": {
      "has_planks": "2024-06-30 06:25:08 +0000"
    },
    "done": true
  },
  "ms:recipes/decorations/fence/cherryfence": {
    "criteria": {
      "has_plank": "2024-06-30 06:37:55 +0000"
    },
    "done": true
  },
  "ms:recipes/redstone/pressureplate/maple_pressureplate_woodcutting": {
    "criteria": {
      "nature/maple_planks": "2024-06-30 06:25:08 +0000"
    },
    "done": true
  },
  "ms:ore/new_resources": {
    "criteria": {
      "onyx": "2024-06-30 07:41:38 +0000"
    },
    "done": true
  },
  "minecraft:recipes/decorations/magenta_bed_from_white_bed": {
    "criteria": {
      "has_bed": "2024-06-30 06:34:46 +0000"
    },
    "done": true
  },
  "minecraft:adventure/sleep_in_bed": {
    "criteria": {
      "slept_in_bed": "2024-06-30 06:47:03 +0000"
    },
    "done": true
  },
  "minecraft:recipes/decorations/birch_sign": {
    "criteria": {
      "has_planks": "2024-06-30 07:34:21 +0000"
    },
    "done": true
  },
  "ms:recipes/decorations/crafting/spruce_crafting_table": {
    "criteria": {
      "has_crafting_table": "2024-06-30 06:25:07 +0000"
    },
    "done": true
  },
  "ms:recipes/redstone/button/cherry_button": {
    "criteria": {
      "item": "2024-06-30 06:37:55 +0000"
    },
    "done": true
  },
  "ms:recipes/decorations/crafting/tigerwood_crafting_table": {
    "criteria": {
      "has_crafting_table": "2024-06-30 06:25:07 +0000"
    },
    "done": true
  },
  "minecraft:recipes/building_blocks/yellow_wool": {
    "criteria": {
      "has_white_wool": "2024-06-30 06:34:33 +0000"
    },
    "done": true
  },
  "ms:recipes/combat/armor/onyx_boots": {
    "criteria": {
      "material": "2024-06-30 07:41:38 +0000"
    },
    "done": true
  },
  "ms:recipes/decorations/chest/birch": {
    "criteria": {
      "plank": "2024-06-30 07:34:21 +0000"
    },
    "done": true
  },
  "securitycraft:recipes/building_blocks/reinforced_andesite_with_vanilla_cobblestone": {
    "criteria": {
      "has_cobblestone": "2024-06-30 06:30:11 +0000"
    },
    "done": true
  },
  "ms:recipes/building_blocks/nature/tigerwood_wood": {
    "criteria": {
      "has_log": "2024-06-30 06:38:09 +0000"
    },
    "done": true
  },
  "minecraft:recipes/building_blocks/birch_slab": {
    "criteria": {
      "has_planks": "2024-06-30 07:34:21 +0000"
    },
    "done": true
  },
  "minecraft:recipes/misc/leather_horse_armor": {
    "criteria": {
      "has_leather": "2024-06-30 06:40:37 +0000"
    },
    "done": true
  },
  "ms:recipes/redstone/door/tigerwood": {
    "criteria": {
      "has_material": "2024-06-30 07:03:25 +0000"
    },
    "done": true
  },
  "ms:recipes/decorations/barrel/purple_barrel": {
    "criteria": {
      "plank": "2024-06-30 06:25:08 +0000"
    },
    "done": true
  },
  "minecraft:recipes/building_blocks/dark_oak_stairs": {
    "criteria": {
      "has_planks": "2024-06-30 07:08:40 +0000"
    },
    "done": true
  },
  "minecraft:recipes/building_blocks/brown_wool": {
    "criteria": {
      "has_white_wool": "2024-06-30 06:34:33 +0000"
    },
    "done": true
  },
  "ms:recipes/decorations/seat/oak_chair": {
    "criteria": {
      "has_plank": "2024-06-30 07:03:15 +0000"
    },
    "done": true
  },
  "ms:recipes/food/food/raw_calamari_smelt": {
    "criteria": {
      "is_food": "2024-06-30 06:48:23 +0000"
    },
    "done": true
  },
  "ms:recipes/building_blocks/stair/cherrystair_woodcutting": {
    "criteria": {
      "nature/cherry_planks": "2024-06-30 06:37:55 +0000"
    },
    "done": true
  },
  "ms:recipes/decorations/table/birch_table_woodcutting": {
    "criteria": {
      "birch_planks": "2024-06-30 07:34:21 +0000"
    },
    "done": true
  },
  "ms:recipes/decorations/seat/cherry_stool_woodcutting": {
    "criteria": {
      "nature/cherry_planks": "2024-06-30 06:37:55 +0000"
    },
    "done": true
  },
  "ms:recipes/building_blocks/fence/tigerwoodfence_woodcutting": {
    "criteria": {
      "nature/tigerwood_planks": "2024-06-30 07:03:25 +0000"
    },
    "done": true
  },
  "ms:recipes/decorations/birch_sign_woodcutting": {
    "criteria": {
      "birch_planks": "2024-06-30 07:34:21 +0000"
    },
    "done": true
  },
  "backpacked:recipes/backpacked/jungle_backpack_shelf": {
    "criteria": {
      "has_stick": "2024-06-30 06:22:44 +0000"
    },
    "done": true
  },
  "chococraft:recipes/misc/red_gysahl": {
    "criteria": {
      "has_gysahl_green": "2024-06-30 06:39:20 +0000"
    },
    "done": true
  },
  "minecraft:recipes/food/pumpkin_pie": {
    "criteria": {
      "has_pumpkin": "2024-06-30 06:32:09 +0000"
    },
    "done": true
  },
  "minecraft:recipes/decorations/brown_bed_from_white_bed": {
    "criteria": {
      "has_bed": "2024-06-30 06:34:46 +0000"
    },
    "done": true
  },
  "minecraft:recipes/building_blocks/lime_concrete_powder": {
    "criteria": {
      "has_gravel": "2024-06-30 07:41:42 +0000"
    },
    "done": true
  },
  "ms:recipes/building_blocks/stair/tigerwoodstair_woodcutting": {
    "criteria": {
      "nature/tigerwood_planks": "2024-06-30 07:03:25 +0000"
    },
    "done": true
  },
  "minecraft:recipes/misc/flower_banner_pattern": {
    "criteria": {
      "has_oxeye_daisy": "2024-06-30 07:05:40 +0000"
    },
    "done": true
  },
  "minecraft:recipes/redstone/dark_oak_door": {
    "criteria": {
      "has_planks": "2024-06-30 07:08:40 +0000"
    },
    "done": true
  },
  "ms:recipes/tools/tool/bone_shovel": {
    "criteria": {
      "material": "2024-06-30 06:46:17 +0000"
    },
    "done": true
  },
  "ms:recipes/decorations/seat/birch_stool_woodcutting": {
    "criteria": {
      "birch_planks": "2024-06-30 07:34:21 +0000"
    },
    "done": true
  },
  "securitycraft:recipes/redstone/reinforced_bamboo_fence_gate": {
    "criteria": {
      "has_stick": "2024-06-30 06:22:44 +0000"
    },
    "done": true
  },
  "ms:recipes/decorations/crafting/maple_crafting_table": {
    "criteria": {
      "has_crafting_table": "2024-06-30 06:25:07 +0000"
    },
    "done": true
  },
  "ms:recipes/decorations/barrel/yellow_barrel": {
    "criteria": {
      "plank": "2024-06-30 06:25:08 +0000"
    },
    "done": true
  },
  "ms:recipes/transportation/boat/cherry_boat": {
    "criteria": {
      "plank": "2024-06-30 06:37:55 +0000"
    },
    "done": true
  },
  "minecraft:recipes/building_blocks/oak_slab": {
    "criteria": {
      "has_planks": "2024-06-30 07:03:15 +0000"
    },
    "done": true
  },
  "ms:recipes/decorations/fence/tigerwoodfence": {
    "criteria": {
      "has_plank": "2024-06-30 07:03:25 +0000"
    },
    "done": true
  },
  "minecraft:recipes/building_blocks/birch_planks": {
    "criteria": {
      "has_logs": "2024-06-30 07:23:53 +0000"
    },
    "done": true
  },
  "ms:recipes/building_blocks/dyed/purple_wooden_planks": {
    "criteria": {
      "has_planks": "2024-06-30 06:25:08 +0000"
    },
    "done": true
  },
  "ms:recipes/building_blocks/dyed/light_blue_wooden_planks": {
    "criteria": {
      "has_planks": "2024-06-30 06:25:08 +0000"
    },
    "done": true
  },
  "ms:recipes/decorations/chest/dark_oak": {
    "criteria": {
      "plank": "2024-06-30 07:08:40 +0000"
    },
    "done": true
  },
  "ms:recipes/decorations/sign/maple_sign_woodcutting": {
    "criteria": {
      "nature/maple_planks": "2024-06-30 06:25:08 +0000"
    },
    "done": true
  },
  "minecraft:recipes/building_blocks/magenta_concrete_powder": {
    "criteria": {
      "has_gravel": "2024-06-30 07:41:42 +0000"
    },
    "done": true
  },
  "minecraft:recipes/decorations/campfire": {
    "criteria": {
      "has_stick": "2024-06-30 06:22:44 +0000"
    },
    "done": true
  },
  "tombstone:adventure/first_grave": {
    "criteria": {
      "coded_trigger": "2024-06-30 06:46:40 +0000"
    },
    "done": true
  },
  "ms:recipes/building_blocks/fence/maplefence_woodcutting": {
    "criteria": {
      "nature/maple_planks": "2024-06-30 06:25:08 +0000"
    },
    "done": true
  },
  "ms:recipes/redstone/pressureplate/tigerwood_pressureplate": {
    "criteria": {
      "has_material": "2024-06-30 07:03:25 +0000"
    },
    "done": true
  },
  "rftoolsbase:recipes/rftoolsbase/crafting_card": {
    "criteria": {
      "crafter": "2024-06-30 06:25:07 +0000"
    },
    "done": true
  },
  "ms:recipes/building_blocks/dyed/green_cobblestone": {
    "criteria": {
      "has_cobblestone": "2024-06-30 06:30:11 +0000"
    },
    "done": true
  },
  "ms:recipes/redstone/gate/maplegate": {
    "criteria": {
      "has_plank": "2024-06-30 06:25:08 +0000"
    },
    "done": true
  },
  "minecraft:recipes/building_blocks/chiseled_nether_bricks_from_nether_bricks_stonecutting": {
    "criteria": {
      "has_nether_bricks": "2024-06-30 07:02:29 +0000"
    },
    "done": true
  },
  "ms:recipes/decorations/dark_oak_fence_woodcutting": {
    "criteria": {
      "dark_oak_planks": "2024-06-30 07:08:40 +0000"
    },
    "done": true
  },
  "ms:recipes/redstone/pressureplate/cherry_pressureplate_woodcutting": {
    "criteria": {
      "nature/cherry_planks": "2024-06-30 06:37:55 +0000"
    },
    "done": true
  },
  "minecraft:recipes/redstone/oak_door": {
    "criteria": {
      "has_planks": "2024-06-30 07:03:15 +0000"
    },
    "done": true
  },
  "ms:recipes/building_blocks/stair/cherrystair": {
    "criteria": {
      "material": "2024-06-30 06:37:55 +0000"
    },
    "done": true
  },
  "ms:recipes/redstone/birch_trapdoor_woodcutting": {
    "criteria": {
      "birch_planks": "2024-06-30 07:34:21 +0000"
    },
    "done": true
  },
  "ms:recipes/decorations/sign/maple_sign": {
    "criteria": {
      "has_plank": "2024-06-30 06:25:08 +0000"
    },
    "done": true
  },
  "securitycraft:recipes/redstone/reinforced_dark_oak_fence_gate": {
    "criteria": {
      "has_stick": "2024-06-30 06:22:44 +0000"
    },
    "done": true
  },
  "minecraft:recipes/building_blocks/cobblestone_slab": {
    "criteria": {
      "has_cobblestone": "2024-06-30 06:30:11 +0000"
    },
    "done": true
  },
  "ms:recipes/redstone/trapdoor/tigerwood_woodcutting": {
    "criteria": {
      "nature/tigerwood_planks": "2024-06-30 07:03:25 +0000"
    },
    "done": true
  },
  "minecraft:recipes/transportation/acacia_boat": {
    "criteria": {
      "in_water": "2024-06-30 06:20:24 +0000"
    },
    "done": true
  },
  "ms:recipes/decorations/sign/cherry_sign": {
    "criteria": {
      "has_plank": "2024-06-30 06:37:55 +0000"
    },
    "done": true
  },
  "aquaculture:recipes/decorations/acacia_fish_mount": {
    "criteria": {
      "has_items": "2024-06-30 06:19:14 +0000"
    },
    "done": true
  },
  "ms:recipes/decorations/seat/dark_oak_chair": {
    "criteria": {
      "has_plank": "2024-06-30 07:08:40 +0000"
    },
    "done": true
  },
  "minecraft:recipes/misc/blue_dye_from_cornflower": {
    "criteria": {
      "has_cornflower": "2024-06-30 06:26:23 +0000"
    },
    "done": true
  },
  "ms:recipes/redstone/birch_pressure_plate_woodcutting": {
    "criteria": {
      "birch_planks": "2024-06-30 07:34:21 +0000"
    },
    "done": true
  },
  "ms:recipes/decorations/seat/birch_chair_woodcutting": {
    "criteria": {
      "birch_planks": "2024-06-30 07:34:21 +0000"
    },
    "done": true
  },
  "minecraft:recipes/combat/wooden_sword": {
    "criteria": {
      "has_stick": "2024-06-30 06:22:44 +0000"
    },
    "done": true
  },
  "minecraft:recipes/building_blocks/oak_planks": {
    "criteria": {
      "has_logs": "2024-06-30 06:38:47 +0000"
    },
    "done": true
  },
  "minecraft:recipes/building_blocks/black_concrete_powder": {
    "criteria": {
      "has_gravel": "2024-06-30 07:41:42 +0000"
    },
    "done": true
  },
  "ms:recipes/decorations/seat/cherry_stool": {
    "criteria": {
      "has_plank": "2024-06-30 06:37:55 +0000"
    },
    "done": true
  },
  "ms:recipes/decorations/crafting/mangrove_butter_churn": {
    "criteria": {
      "has_rod": "2024-06-30 06:22:44 +0000"
    },
    "done": true
  },
  "ms:recipes/building_blocks/dyed/light_grey_cobblestone": {
    "criteria": {
      "has_cobblestone": "2024-06-30 06:30:11 +0000"
    },
    "done": true
  },
  "ms:recipes/redstone/oak_button_woodcutting": {
    "criteria": {
      "oak_planks": "2024-06-30 07:03:15 +0000"
    },
    "done": true
  },
  "minecraft:recipes/combat/leather_boots": {
    "criteria": {
      "has_leather": "2024-06-30 06:40:37 +0000"
    },
    "done": true
  },
  "minecraft:recipes/decorations/cobblestone_wall_from_cobblestone_stonecutting": {
    "criteria": {
      "has_cobblestone": "2024-06-30 06:30:11 +0000"
    },
    "done": true
  },
  "ms:recipes/decorations/table/birch_table": {
    "criteria": {
      "has_plank": "2024-06-30 07:34:21 +0000"
    },
    "done": true
  },
  "ms:recipes/decorations/crafting/crimson_butter_churn": {
    "criteria": {
      "has_rod": "2024-06-30 06:22:44 +0000"
    },
    "done": true
  },
  "minecraft:recipes/decorations/black_bed_from_white_bed": {
    "criteria": {
      "has_bed": "2024-06-30 06:34:46 +0000"
    },
    "done": true
  },
  "ms:recipes/building_blocks/dyed/light_blue_cobblestone": {
    "criteria": {
      "has_cobblestone": "2024-06-30 06:30:11 +0000"
    },
    "done": true
  },
  "backpacked:recipes/backpacked/warped_backpack_shelf": {
    "criteria": {
      "has_stick": "2024-06-30 06:22:44 +0000"
    },
    "done": true
  },
  "ms:recipes/combat/tool/bone_sword": {
    "criteria": {
      "material": "2024-06-30 06:46:17 +0000"
    },
    "done": true
  },
  "securitycraft:recipes/misc/reinforced_dark_oak_fence": {
    "criteria": {
      "has_stick": "2024-06-30 06:22:44 +0000"
    },
    "done": true
  },
  "securitycraft:recipes/misc/reinforced_oak_fence": {
    "criteria": {
      "has_stick": "2024-06-30 06:22:44 +0000"
    },
    "done": true
  },
  "minecraft:recipes/building_blocks/cobblestone_stairs": {
    "criteria": {
      "has_cobblestone": "2024-06-30 06:30:11 +0000"
    },
    "done": true
  },
  "ms:recipes/redstone/pressureplate/cherry_pressureplate": {
    "criteria": {
      "has_material": "2024-06-30 06:37:55 +0000"
    },
    "done": true
  },
  "aquaculture:recipes/aquaculture/light_hook": {
    "criteria": {
      "has_items": "2024-06-30 06:19:14 +0000"
    },
    "done": true
  },
  "securitycraft:recipes/redstone/reinforced_oak_fence_gate": {
    "criteria": {
      "has_stick": "2024-06-30 06:22:44 +0000"
    },
    "done": true
  },
  "securitycraft:recipes/misc/reinforced_bamboo_fence": {
    "criteria": {
      "has_stick": "2024-06-30 06:22:44 +0000"
    },
    "done": true
  },
  "minecraft:recipes/building_blocks/cyan_concrete_powder": {
    "criteria": {
      "has_gravel": "2024-06-30 07:41:42 +0000"
    },
    "done": true
  },
  "securitycraft:recipes/misc/reinforced_crimson_fence": {
    "criteria": {
      "has_stick": "2024-06-30 06:22:44 +0000"
    },
    "done": true
  },
  "ms:recipes/building_blocks/dyed/magenta_wooden_planks": {
    "criteria": {
      "has_planks": "2024-06-30 06:25:08 +0000"
    },
    "done": true
  },
  "ms:recipes/combat/armor/onyx_helmet": {
    "criteria": {
      "material": "2024-06-30 07:41:38 +0000"
    },
    "done": true
  },
  "ms:recipes/building_blocks/stair/wool_white": {
    "criteria": {
      "material": "2024-06-30 06:34:33 +0000"
    },
    "done": true
  },
  "minecraft:recipes/transportation/jungle_boat": {
    "criteria": {
      "in_water": "2024-06-30 06:20:24 +0000"
    },
    "done": true
  },
  "ms:recipes/building_blocks/dyed/blue_cobblestone": {
    "criteria": {
      "has_cobblestone": "2024-06-30 06:30:11 +0000"
    },
    "done": true
  },
  "minecraft:recipes/decorations/light_gray_bed_from_white_bed": {
    "criteria": {
      "has_bed": "2024-06-30 06:34:46 +0000"
    },
    "done": true
  },
  "minecraft:recipes/redstone/lever": {
    "criteria": {
      "has_cobblestone": "2024-06-30 06:30:11 +0000"
    },
    "done": true
  },
  "ms:recipes/building_blocks/oak_planks_woodcutting": {
    "criteria": {
      "item": "2024-06-30 06:38:47 +0000"
    },
    "done": true
  },
  "minecraft:recipes/building_blocks/pink_concrete_powder": {
    "criteria": {
      "has_gravel": "2024-06-30 07:41:42 +0000"
    },
    "done": true
  },
  "ms:recipes/combat/armor/onyx_horse_armor": {
    "criteria": {
      "material": "2024-06-30 07:41:38 +0000"
    },
    "done": true
  },
  "ms:recipes/building_blocks/gate/cherrygate_woodcutting": {
    "criteria": {
      "nature/cherry_planks": "2024-06-30 06:37:55 +0000"
    },
    "done": true
  },
  "aquaculture:recipes/tools/iron_fishing_rod": {
    "criteria": {
      "has_vanilla_rod": "2024-06-30 06:19:14 +0000"
    },
    "done": true
  },
  "ms:armor/pickup_new_armor": {
    "criteria": {
      "bronze_helmet": "2024-06-30 07:02:29 +0000"
    },
    "done": true
  },
  "ms:recipes/building_blocks/nature/cherry_wood": {
    "criteria": {
      "has_log": "2024-06-30 06:22:15 +0000"
    },
    "done": true
  },
  "backpacked:recipes/backpacked/oak_backpack_shelf": {
    "criteria": {
      "has_stick": "2024-06-30 06:22:44 +0000"
    },
    "done": true
  },
  "ms:recipes/food/food/raw_calamari_campfire": {
    "criteria": {
      "is_food": "2024-06-30 06:48:23 +0000"
    },
    "done": true
  },
  "ms:recipes/decorations/barrel/lime_barrel": {
    "criteria": {
      "plank": "2024-06-30 06:25:08 +0000"
    },
    "done": true
  },
  "minecraft:recipes/redstone/oak_trapdoor": {
    "criteria": {
      "has_planks": "2024-06-30 07:03:15 +0000"
    },
    "done": true
  },
  "minecraft:recipes/combat/stone_sword": {
    "criteria": {
      "has_cobblestone": "2024-06-30 06:30:11 +0000"
    },
    "done": true
  },
  "minecraft:recipes/decorations/cobblestone_wall": {
    "criteria": {
      "has_cobblestone": "2024-06-30 06:30:11 +0000"
    },
    "done": true
  },
  "ms:recipes/decorations/dark_oak_sign_woodcutting": {
    "criteria": {
      "dark_oak_planks": "2024-06-30 07:08:40 +0000"
    },
    "done": true
  },
  "ms:recipes/decorations/barrel/magenta_barrel": {
    "criteria": {
      "plank": "2024-06-30 06:25:08 +0000"
    },
    "done": true
  },
  "minecraft:recipes/tools/stone_axe": {
    "criteria": {
      "has_cobblestone": "2024-06-30 06:30:11 +0000"
    },
    "done": true
  },
  "ms:recipes/building_blocks/slab/tigerwood_slab": {
    "criteria": {
      "material": "2024-06-30 07:03:25 +0000"
    },
    "done": true
  },
  "ms:recipes/decorations/table/cherry_table": {
    "criteria": {
      "has_plank": "2024-06-30 06:37:55 +0000"
    },
    "done": true
  },
  "minecraft:recipes/decorations/orange_bed_from_white_bed": {
    "criteria": {
      "has_bed": "2024-06-30 06:34:46 +0000"
    },
    "done": true
  },
  "ms:recipes/building_blocks/dyed/red_cobblestone": {
    "criteria": {
      "has_cobblestone": "2024-06-30 06:30:11 +0000"
    },
    "done": true
  },
  "minecraft:recipes/decorations/lime_bed_from_white_bed": {
    "criteria": {
      "has_bed": "2024-06-30 06:34:46 +0000"
    },
    "done": true
  },
  "chococraft:recipes/misc/gysahl_green_to_seeds": {
    "criteria": {
      "has_gysahl_green": "2024-06-30 06:39:20 +0000"
    },
    "done": true
  },
  "alexsmobs:alexsmobs/root": {
    "criteria": {
      "useitem": "2024-06-30 06:19:27 +0000"
    },
    "done": true
  },
  "ms:recipes/combat/tool/onyx_bow": {
    "criteria": {
      "material": "2024-06-30 07:41:38 +0000"
    },
    "done": true
  },
  "ms:recipes/decorations/crafting/bamboo_butter_churn": {
    "criteria": {
      "has_rod": "2024-06-30 06:22:44 +0000"
    },
    "done": true
  },
  "ms:recipes/food/food/burger": {
    "criteria": {
      "has_beef": "2024-06-30 06:35:36 +0000"
    },
    "done": true
  },
  "ms:recipes/building_blocks/vertical/birch": {
    "criteria": {
      "material": "2024-06-30 07:34:21 +0000"
    },
    "done": true
  },
  "ms:recipes/building_blocks/dyed/orange_cobblestone": {
    "criteria": {
      "has_cobblestone": "2024-06-30 06:30:11 +0000"
    },
    "done": true
  },
  "ms:recipes/decorations/barrel/blue_barrel": {
    "criteria": {
      "plank": "2024-06-30 06:25:08 +0000"
    },
    "done": true
  },
  "aquaculture:recipes/decorations/oak_fish_mount": {
    "criteria": {
      "has_items": "2024-06-30 06:19:14 +0000"
    },
    "done": true
  },
  "ms:recipes/decorations/crafting/birch_crafting_table": {
    "criteria": {
      "has_crafting_table": "2024-06-30 06:25:07 +0000"
    },
    "done": true
  },
  "ms:ore/overworld_ore_all": {
    "criteria": {
      "onyx": "2024-06-30 07:41:38 +0000"
    },
    "done": false
  },
  "ms:recipes/transportation/boat/tigerwood_boat": {
    "criteria": {
      "plank": "2024-06-30 07:03:25 +0000"
    },
    "done": true
  },
  "ms:recipes/building_blocks/nature/stripped_maple_log_woodcutting": {
    "criteria": {
      "nature/maple_log": "2024-06-30 06:21:12 +0000"
    },
    "done": true
  },
  "minecraft:recipes/building_blocks/white_concrete_powder": {
    "criteria": {
      "has_gravel": "2024-06-30 07:41:42 +0000"
    },
    "done": true
  },
  "minecraft:recipes/decorations/pink_bed_from_white_bed": {
    "criteria": {
      "has_bed": "2024-06-30 06:34:46 +0000"
    },
    "done": true
  },
  "securitycraft:recipes/misc/reinforced_warped_fence": {
    "criteria": {
      "has_stick": "2024-06-30 06:22:44 +0000"
    },
    "done": true
  },
  "ms:recipes/tools/tool/onyx_shears": {
    "criteria": {
      "material": "2024-06-30 07:41:38 +0000"
    },
    "done": true
  },
  "ms:recipes/decorations/seat/tigerwood_chair_woodcutting": {
    "criteria": {
      "nature/tigerwood_planks": "2024-06-30 07:03:25 +0000"
    },
    "done": true
  },
  "minecraft:recipes/building_blocks/nether_brick_stairs_from_nether_bricks_stonecutting": {
    "criteria": {
      "has_nether_bricks": "2024-06-30 07:02:29 +0000"
    },
    "done": true
  },
  "ms:recipes/decorations/crafting/willow_butter_churn": {
    "criteria": {
      "has_rod": "2024-06-30 06:22:44 +0000"
    },
    "done": true
  },
  "minecraft:recipes/misc/bone_meal": {
    "criteria": {
      "has_bone": "2024-06-30 06:46:17 +0000"
    },
    "done": true
  },
  "ms:recipes/food/food/beef_sandwich": {
    "criteria": {
      "meat": "2024-06-30 06:35:36 +0000"
    },
    "done": true
  },
  "aquaculture:recipes/aquaculture/double_hook": {
    "criteria": {
      "has_items": "2024-06-30 06:19:14 +0000"
    },
    "done": true
  },
  "ms:recipes/decorations/seat/maple_chair": {
    "criteria": {
      "has_plank": "2024-06-30 06:25:08 +0000"
    },
    "done": true
  },
  "ms:recipes/building_blocks/nature/tigerwood_planks": {
    "criteria": {
      "item": "2024-06-30 06:38:09 +0000"
    },
    "done": true
  },
  "ms:recipes/decorations/oak_fence_woodcutting": {
    "criteria": {
      "oak_planks": "2024-06-30 07:03:15 +0000"
    },
    "done": true
  },
  "minecraft:recipes/decorations/red_bed_from_white_bed": {
    "criteria": {
      "has_bed": "2024-06-30 06:34:46 +0000"
    },
    "done": true
  },
  "ms:recipes/tools/tool/onyx_hoe": {
    "criteria": {
      "material": "2024-06-30 07:41:38 +0000"
    },
    "done": true
  },
  "ms:recipes/redstone/gate/cherrygate": {
    "criteria": {
      "has_plank": "2024-06-30 06:37:55 +0000"
    },
    "done": true
  },
  "minecraft:recipes/transportation/spruce_boat": {
    "criteria": {
      "in_water": "2024-06-30 06:20:24 +0000"
    },
    "done": true
  },
  "minecraft:recipes/building_blocks/gray_wool": {
    "criteria": {
      "has_white_wool": "2024-06-30 06:34:33 +0000"
    },
    "done": true
  },
  "securitycraft:recipes/redstone/reinforced_cherry_fence_gate": {
    "criteria": {
      "has_stick": "2024-06-30 06:22:44 +0000"
    },
    "done": true
  },
  "ms:recipes/food/food/raw_calamari_smoking": {
    "criteria": {
      "is_food": "2024-06-30 06:48:23 +0000"
    },
    "done": true
  },
  "ms:recipes/building_blocks/dyed/cyan_wooden_planks": {
    "criteria": {
      "has_planks": "2024-06-30 06:25:08 +0000"
    },
    "done": true
  },
  "aquaculture:recipes/aquaculture/fishing_line": {
    "criteria": {
      "has_items": "2024-06-30 06:19:14 +0000"
    },
    "done": true
  },
  "minecraft:recipes/misc/paper": {
    "criteria": {
      "has_reeds": "2024-06-30 06:33:24 +0000"
    },
    "done": true
  },
  "ms:recipes/redstone/dark_oak_fence_gate_woodcutting": {
    "criteria": {
      "dark_oak_planks": "2024-06-30 07:08:40 +0000"
    },
    "done": true
  },
  "ms:recipes/food/food/beef_stew": {
    "criteria": {
      "meat": "2024-06-30 06:35:36 +0000"
    },
    "done": true
  },
  "ms:recipes/tools/misc/kitchen_knife": {
    "criteria": {
      "has_stick": "2024-06-30 06:22:44 +0000"
    },
    "done": true
  },
  "minecraft:recipes/redstone/dark_oak_pressure_plate": {
    "criteria": {
      "has_planks": "2024-06-30 07:08:40 +0000"
    },
    "done": true
  },
  "ms:recipes/building_blocks/vertical/cobblestone_stonecutting": {
    "criteria": {
      "cobblestone": "2024-06-30 06:30:11 +0000"
    },
    "done": true
  },
  "minecraft:recipes/decorations/nether_brick_fence": {
    "criteria": {
      "has_nether_bricks": "2024-06-30 07:02:29 +0000"
    },
    "done": true
  },
  "aquaculture:recipes/aquaculture/iron_hook": {
    "criteria": {
      "has_items": "2024-06-30 06:19:14 +0000"
    },
    "done": true
  },
  "ms:recipes/building_blocks/dyed/grey_wooden_planks": {
    "criteria": {
      "has_planks": "2024-06-30 06:25:08 +0000"
    },
    "done": true
  },
  "ms:recipes/decorations/crafting/silverbell_butter_churn": {
    "criteria": {
      "has_rod": "2024-06-30 06:22:44 +0000"
    },
    "done": true
  },
  "minecraft:recipes/building_blocks/dark_oak_slab": {
    "criteria": {
      "has_planks": "2024-06-30 07:08:40 +0000"
    },
    "done": true
  },
  "ms:recipes/building_blocks/stripped_dark_oak_log_woodcutting": {
    "criteria": {
      "dark_oak_log": "2024-06-30 06:50:51 +0000"
    },
    "done": true
  },
  "minecraft:recipes/transportation/mangrove_boat": {
    "criteria": {
      "in_water": "2024-06-30 06:20:24 +0000"
    },
    "done": true
  },
  "ms:recipes/redstone/gate/tigerwoodgate": {
    "criteria": {
      "has_plank": "2024-06-30 07:03:25 +0000"
    },
    "done": true
  },
  "ms:recipes/decorations/table/dark_oak_table_woodcutting": {
    "criteria": {
      "dark_oak_planks": "2024-06-30 07:08:40 +0000"
    },
    "done": true
  },
  "ms:recipes/combat/armor/onyx_chest": {
    "criteria": {
      "material": "2024-06-30 07:41:38 +0000"
    },
    "done": true
  },
  "ms:recipes/redstone/oak_fence_gate_woodcutting": {
    "criteria": {
      "oak_planks": "2024-06-30 07:03:15 +0000"
    },
    "done": true
  },
  "aquaculture:recipes/misc/jellyfish_to_slimeball": {
    "criteria": {
      "has_items": "2024-06-30 06:19:14 +0000"
    },
    "done": true
  },
  "ms:recipes/decorations/seat/birch_chair": {
    "criteria": {
      "has_plank": "2024-06-30 07:34:21 +0000"
    },
    "done": true
  },
  "minecraft:recipes/building_blocks/cracked_nether_bricks": {
    "criteria": {
      "has_nether_bricks": "2024-06-30 07:02:29 +0000"
    },
    "done": true
  },
  "ms:recipes/building_blocks/vertical/oak_woodcutting": {
    "criteria": {
      "oak_planks": "2024-06-30 07:03:15 +0000"
    },
    "done": true
  },
  "ms:recipes/decorations/crafting/cherry_crafting_table": {
    "criteria": {
      "has_crafting_table": "2024-06-30 06:25:07 +0000"
    },
    "done": true
  },
  "ms:recipes/redstone/oak_trapdoor_woodcutting": {
    "criteria": {
      "oak_planks": "2024-06-30 07:03:15 +0000"
    },
    "done": true
  },
  "ms:recipes/building_blocks/slab/cherry_slab_woodcutting": {
    "criteria": {
      "nature/cherry_planks": "2024-06-30 06:37:55 +0000"
    },
    "done": true
  },
  "ms:recipes/redstone/trapdoor/cherry_woodcutting": {
    "criteria": {
      "nature/cherry_planks": "2024-06-30 06:37:55 +0000"
    },
    "done": true
  },
  "ms:recipes/building_blocks/dyed/lime_cobblestone": {
    "criteria": {
      "has_cobblestone": "2024-06-30 06:30:11 +0000"
    },
    "done": true
  },
  "backpacked:recipes/backpacked/birch_backpack_shelf": {
    "criteria": {
      "has_stick": "2024-06-30 06:22:44 +0000"
    },
    "done": true
  },
  "ms:recipes/misc/bowl_woodcutting": {
    "criteria": {
      "item": "2024-06-30 06:25:08 +0000"
    },
    "done": true
  },
  "ms:recipes/decorations/crafting/maple_butter_churn": {
    "criteria": {
      "has_rod": "2024-06-30 06:22:44 +0000"
    },
    "done": true
  },
  "minecraft:recipes/misc/sugar_from_sugar_cane": {
    "criteria": {
      "has_sugar_cane": "2024-06-30 06:33:24 +0000"
    },
    "done": true
  },
  "ms:recipes/decorations/shop/dark_oak": {
    "criteria": {
      "has_material": "2024-06-30 07:08:40 +0000"
    },
    "done": true
  },
  "minecraft:recipes/tools/wooden_pickaxe": {
    "criteria": {
      "has_stick": "2024-06-30 06:22:44 +0000"
    },
    "done": true
  },
  "aquaculture:recipes/tools/diamond_fishing_rod": {
    "criteria": {
      "has_vanilla_rod": "2024-06-30 06:19:14 +0000"
    },
    "done": true
  },
  "ms:recipes/decorations/table/tigerwood_table": {
    "criteria": {
      "has_plank": "2024-06-30 07:03:25 +0000"
    },
    "done": true
  },
  "minecraft:story/upgrade_tools": {
    "criteria": {
      "stone_pickaxe": "2024-06-30 06:30:51 +0000"
    },
    "done": true
  },
  "ms:recipes/decorations/crafting/crimson_crafting_table": {
    "criteria": {
      "has_crafting_table": "2024-06-30 06:25:07 +0000"
    },
    "done": true
  },
  "ms:recipes/decorations/crafting/hellwood_crafting_table": {
    "criteria": {
      "has_crafting_table": "2024-06-30 06:25:07 +0000"
    },
    "done": true
  },
  "ms:recipes/decorations/crafting/cherry_butter_churn": {
    "criteria": {
      "has_rod": "2024-06-30 06:22:44 +0000"
    },
    "done": true
  },
  "minecraft:recipes/redstone/oak_pressure_plate": {
    "criteria": {
      "has_planks": "2024-06-30 07:03:15 +0000"
    },
    "done": true
  },
  "ms:recipes/decorations/barrel/light_grey_barrel": {
    "criteria": {
      "plank": "2024-06-30 06:25:08 +0000"
    },
    "done": true
  },
  "ms:recipes/building_blocks/nature/tigerwood_planks_woodcutting": {
    "criteria": {
      "item": "2024-06-30 06:38:09 +0000"
    },
    "done": true
  },
  "securitycraft:recipes/redstone/reinforced_mangrove_fence_gate": {
    "criteria": {
      "has_stick": "2024-06-30 06:22:44 +0000"
    },
    "done": true
  },
  "minecraft:recipes/redstone/birch_trapdoor": {
    "criteria": {
      "has_planks": "2024-06-30 07:34:21 +0000"
    },
    "done": true
  },
  "ms:recipes/decorations/table/maple_table": {
    "criteria": {
      "has_plank": "2024-06-30 06:25:08 +0000"
    },
    "done": true
  },
  "ms:recipes/decorations/shop/tigerwood": {
    "criteria": {
      "has_material": "2024-06-30 07:03:25 +0000"
    },
    "done": true
  },
  "minecraft:recipes/building_blocks/yellow_concrete_powder": {
    "criteria": {
      "has_gravel": "2024-06-30 07:41:42 +0000"
    },
    "done": true
  },
  "ms:recipes/decorations/crafting/dark_oak_crafting_table": {
    "criteria": {
      "has_crafting_table": "2024-06-30 06:25:07 +0000"
    },
    "done": true
  },
  "ms:recipes/building_blocks/dyed/pink_wooden_planks": {
    "criteria": {
      "has_planks": "2024-06-30 06:25:08 +0000"
    },
    "done": true
  },
  "ms:recipes/decorations/seat/tigerwood_stool": {
    "criteria": {
      "has_plank": "2024-06-30 07:03:25 +0000"
    },
    "done": true
  },
  "ms:recipes/building_blocks/nature/maple_planks": {
    "criteria": {
      "item": "2024-06-30 06:21:12 +0000"
    },
    "done": true
  },
  "ms:recipes/building_blocks/dyed/brown_wooden_planks": {
    "criteria": {
      "has_planks": "2024-06-30 06:25:08 +0000"
    },
    "done": true
  },
  "ms:recipes/redstone/birch_button_woodcutting": {
    "criteria": {
      "birch_planks": "2024-06-30 07:34:21 +0000"
    },
    "done": true
  },
  "ms:recipes/decorations/crafting/willow_crafting_table": {
    "criteria": {
      "has_crafting_table": "2024-06-30 06:25:07 +0000"
    },
    "done": true
  },
  "minecraft:recipes/building_blocks/nether_brick_slab_from_nether_bricks_stonecutting": {
    "criteria": {
      "has_nether_bricks": "2024-06-30 07:02:29 +0000"
    },
    "done": true
  },
  "ms:recipes/decorations/barrel/grey_barrel": {
    "criteria": {
      "plank": "2024-06-30 06:25:08 +0000"
    },
    "done": true
  },
  "minecraft:adventure/kill_a_mob": {
    "criteria": {
      "minecraft:zombie": "2024-06-30 06:31:41 +0000"
    },
    "done": true
  },
  "ms:recipes/decorations/table/tigerwood_table_woodcutting": {
    "criteria": {
      "nature/tigerwood_planks": "2024-06-30 07:03:25 +0000"
    },
    "done": true
  },
  "ms:recipes/decorations/crafting/warped_butter_churn": {
    "criteria": {
      "has_rod": "2024-06-30 06:22:44 +0000"
    },
    "done": true
  },
  "ms:recipes/decorations/crafting/warped_crafting_table": {
    "criteria": {
      "has_crafting_table": "2024-06-30 06:25:07 +0000"
    },
    "done": true
  },
  "ms:recipes/redstone/trapdoor/cherry": {
    "criteria": {
      "has_material": "2024-06-30 06:37:55 +0000"
    },
    "done": true
  },
  "minecraft:husbandry/balanced_diet": {
    "criteria": {
      "cooked_beef": "2024-06-30 06:35:56 +0000",
      "beef": "2024-06-30 07:21:19 +0000"
    },
    "done": false
  },
  "backpacked:recipes/backpacked/dark_oak_backpack_shelf": {
    "criteria": {
      "has_stick": "2024-06-30 06:22:44 +0000"
    },
    "done": true
  },
  "ms:recipes/redstone/pressureplate/tigerwood_pressureplate_woodcutting": {
    "criteria": {
      "nature/tigerwood_planks": "2024-06-30 07:03:25 +0000"
    },
    "done": true
  },
  "aquaculture:recipes/tools/stone_fillet_knife": {
    "criteria": {
      "has_items": "2024-06-30 06:30:11 +0000"
    },
    "done": true
  },
  "ms:recipes/decorations/table/oak_table_woodcutting": {
    "criteria": {
      "oak_planks": "2024-06-30 07:03:15 +0000"
    },
    "done": true
  },
  "minecraft:recipes/building_blocks/lime_wool": {
    "criteria": {
      "has_white_wool": "2024-06-30 06:34:33 +0000"
    },
    "done": true
  },
  "minecraft:recipes/building_blocks/green_wool": {
    "criteria": {
      "has_white_wool": "2024-06-30 06:34:33 +0000"
    },
    "done": true
  },
  "aquaculture:recipes/misc/tin_can_to_iron_nugget": {
    "criteria": {
      "has_items": "2024-06-30 06:19:14 +0000"
    },
    "done": true
  },
  "ms:recipes/building_blocks/vertical/birch_woodcutting": {
    "criteria": {
      "birch_planks": "2024-06-30 07:34:21 +0000"
    },
    "done": true
  },
  "ms:recipes/redstone/dark_oak_button_woodcutting": {
    "criteria": {
      "dark_oak_planks": "2024-06-30 07:08:40 +0000"
    },
    "done": true
  },
  "minecraft:recipes/transportation/dark_oak_boat": {
    "criteria": {
      "in_water": "2024-06-30 06:20:24 +0000"
    },
    "done": true
  },
  "ms:recipes/redstone/pressureplate/maple_pressureplate": {
    "criteria": {
      "has_material": "2024-06-30 06:25:08 +0000"
    },
    "done": true
  },
  "ms:recipes/decorations/seat/dark_oak_stool_woodcutting": {
    "criteria": {
      "dark_oak_planks": "2024-06-30 07:08:40 +0000"
    },
    "done": true
  },
  "ms:recipes/redstone/oak_pressure_plate_woodcutting": {
    "criteria": {
      "oak_planks": "2024-06-30 07:03:15 +0000"
    },
    "done": true
  },
  "minecraft:recipes/building_blocks/blue_wool": {
    "criteria": {
      "has_white_wool": "2024-06-30 06:34:33 +0000"
    },
    "done": true
  },
  "securitycraft:recipes/redstone/reinforced_crimson_fence_gate": {
    "criteria": {
      "has_stick": "2024-06-30 06:22:44 +0000"
    },
    "done": true
  },
  "ms:recipes/decorations/nature/apple_sapling": {
    "criteria": {
      "has_sapling": "2024-06-30 06:22:44 +0000"
    },
    "done": true
  },
  "ms:recipes/tools/misc/handheld_table": {
    "criteria": {
      "has_table": "2024-06-30 06:25:07 +0000"
    },
    "done": true
  },
  "ms:recipes/food/food/squid_sushi": {
    "criteria": {
      "has_center": "2024-06-30 06:48:23 +0000"
    },
    "done": true
  },
  "securitycraft:recipes/misc/motion_activated_light": {
    "criteria": {
      "has_stick": "2024-06-30 06:22:44 +0000"
    },
    "done": true
  },
  "minecraft:recipes/building_blocks/light_blue_wool": {
    "criteria": {
      "has_white_wool": "2024-06-30 06:34:33 +0000"
    },
    "done": true
  },
  "ms:recipes/building_blocks/dyed/lime_wooden_planks": {
    "criteria": {
      "has_planks": "2024-06-30 06:25:08 +0000"
    },
    "done": true
  },
  "minecraft:recipes/decorations/oak_sign": {
    "criteria": {
      "has_planks": "2024-06-30 07:03:15 +0000"
    },
    "done": true
  },
  "minecraft:recipes/building_blocks/red_concrete_powder": {
    "criteria": {
      "has_gravel": "2024-06-30 07:41:42 +0000"
    },
    "done": true
  },
  "ms:recipes/decorations/barrel/light_blue_barrel": {
    "criteria": {
      "plank": "2024-06-30 06:25:08 +0000"
    },
    "done": true
  },
  "aquaculture:recipes/decorations/birch_fish_mount": {
    "criteria": {
      "has_items": "2024-06-30 06:19:14 +0000"
    },
    "done": true
  },
  "ms:recipes/building_blocks/dyed/orange_wooden_planks": {
    "criteria": {
      "has_planks": "2024-06-30 06:25:08 +0000"
    },
    "done": true
  },
  "minecraft:recipes/building_blocks/red_wool": {
    "criteria": {
      "has_white_wool": "2024-06-30 06:34:33 +0000"
    },
    "done": true
  },
  "ms:recipes/decorations/barrel/cyan_barrel": {
    "criteria": {
      "plank": "2024-06-30 06:25:08 +0000"
    },
    "done": true
  },
  "ms:recipes/decorations/seat/oak_stool": {
    "criteria": {
      "has_plank": "2024-06-30 07:03:15 +0000"
    },
    "done": true
  },
  "ms:ore/all_gem": {
    "criteria": {
      "onyx": "2024-06-30 07:41:38 +0000"
    },
    "done": false
  },
  "tombstone:recipes/from_grave_key": {
    "criteria": {
      "has_ingredient": "2024-06-30 06:46:43 +0000"
    },
    "done": true
  },
  "ms:recipes/decorations/barrel/pink_barrel": {
    "criteria": {
      "plank": "2024-06-30 06:25:08 +0000"
    },
    "done": true
  },
  "minecraft:story/mine_stone": {
    "criteria": {
      "get_stone": "2024-06-30 06:30:11 +0000"
    },
    "done": true
  },
  "minecraft:recipes/decorations/furnace": {
    "criteria": {
      "has_cobblestone": "2024-06-30 06:30:11 +0000"
    },
    "done": true
  },
  "minecraft:recipes/building_blocks/green_concrete_powder": {
    "criteria": {
      "has_gravel": "2024-06-30 07:41:42 +0000"
    },
    "done": true
  },
  "minecraft:recipes/redstone/birch_door": {
    "criteria": {
      "has_planks": "2024-06-30 07:34:21 +0000"
    },
    "done": true
  },
  "minecraft:recipes/building_blocks/blue_concrete_powder": {
    "criteria": {
      "has_gravel": "2024-06-30 07:41:42 +0000"
    },
    "done": true
  },
  "aquaculture:recipes/misc/iron_nugget_from_smelting": {
    "criteria": {
      "has_fishing_rod": "2024-06-30 06:19:14 +0000",
      "has_fillet_knife": "2024-06-30 06:19:14 +0000"
    },
    "done": true
  },
  "securitycraft:recipes/redstone/reinforced_spruce_fence_gate": {
    "criteria": {
      "has_stick": "2024-06-30 06:22:44 +0000"
    },
    "done": true
  },
  "ms:recipes/building_blocks/slab/cherry_slab": {
    "criteria": {
      "material": "2024-06-30 06:37:55 +0000"
    },
    "done": true
  },
  "ms:recipes/decorations/chest/maple": {
    "criteria": {
      "plank": "2024-06-30 06:25:08 +0000"
    },
    "done": true
  },
  "minecraft:recipes/building_blocks/pink_wool": {
    "criteria": {
      "has_white_wool": "2024-06-30 06:34:33 +0000"
    },
    "done": true
  },
  "ms:recipes/decorations/fence/maplefence": {
    "criteria": {
      "has_plank": "2024-06-30 06:25:08 +0000"
    },
    "done": true
  },
  "securitycraft:recipes/building_blocks/reinforced_andesite_with_vanilla_diorite": {
    "criteria": {
      "has_cobblestone": "2024-06-30 06:30:11 +0000"
    },
    "done": true
  },
  "ms:recipes/decorations/seat/dark_oak_stool": {
    "criteria": {
      "has_plank": "2024-06-30 07:08:40 +0000"
    },
    "done": true
  },
  "aquaculture:recipes/tools/golden_fishing_rod": {
    "criteria": {
      "has_vanilla_rod": "2024-06-30 06:19:14 +0000"
    },
    "done": true
  },
  "ms:recipes/redstone/button/cherry_button_woodcutting": {
    "criteria": {
      "nature/cherry_planks": "2024-06-30 06:37:55 +0000"
    },
    "done": true
  },
  "aquaculture:recipes/misc/gold_nugget_from_smelting": {
    "criteria": {
      "has_fishing_rod": "2024-06-30 06:19:14 +0000",
      "has_fillet_knife": "2024-06-30 06:19:14 +0000"
    },
    "done": true
  },
  "ms:recipes/building_blocks/nature/maple_wood": {
    "criteria": {
      "has_log": "2024-06-30 06:21:12 +0000"
    },
    "done": true
  },
  "minecraft:recipes/building_blocks/cobblestone_slab_from_cobblestone_stonecutting": {
    "criteria": {
      "has_cobblestone": "2024-06-30 06:30:11 +0000"
    },
    "done": true
  },
  "ms:recipes/redstone/dark_oak_pressure_plate_woodcutting": {
    "criteria": {
      "dark_oak_planks": "2024-06-30 07:08:40 +0000"
    },
    "done": true
  },
  "ms:recipes/building_blocks/stone_kiln": {
    "criteria": {
      "has": "2024-06-30 06:30:11 +0000"
    },
    "done": true
  },
  "minecraft:adventure/kill_all_mobs": {
    "criteria": {
      "minecraft:skeleton": "2024-06-30 06:46:17 +0000",
      "minecraft:zombie": "2024-06-30 06:31:41 +0000"
    },
    "done": false
  },
  "minecraft:recipes/building_blocks/birch_wood": {
    "criteria": {
      "has_log": "2024-06-30 07:23:53 +0000"
    },
    "done": true
  },
  "chococraft:recipes/food/gysahl_cake": {
    "criteria": {
      "has_gysahl_green": "2024-06-30 06:39:20 +0000"
    },
    "done": true
  },
  "ms:recipes/building_blocks/dyed/light_grey_wooden_planks": {
    "criteria": {
      "has_planks": "2024-06-30 06:25:08 +0000"
    },
    "done": true
  },
  "minecraft:recipes/redstone/birch_fence_gate": {
    "criteria": {
      "has_planks": "2024-06-30 07:34:21 +0000"
    },
    "done": true
  },
  "ms:recipes/redstone/trapdoor/maple": {
    "criteria": {
      "has_material": "2024-06-30 06:25:08 +0000"
    },
    "done": true
  },
  "minecraft:recipes/building_blocks/stone": {
    "criteria": {
      "has_cobblestone": "2024-06-30 06:30:11 +0000"
    },
    "done": true
  },
  "ms:recipes/building_blocks/slab/tigerwood_slab_woodcutting": {
    "criteria": {
      "nature/tigerwood_planks": "2024-06-30 07:03:25 +0000"
    },
    "done": true
  },
  "aquaculture:recipes/misc/bonemeal_from_fish_bones": {
    "criteria": {
      "has_items": "2024-06-30 06:19:14 +0000"
    },
    "done": true
  },
  "ms:recipes/redstone/door/cherry": {
    "criteria": {
      "has_material": "2024-06-30 06:37:55 +0000"
    },
    "done": true
  },
  "ms:recipes/combat/tool/onyx_sword": {
    "criteria": {
      "material": "2024-06-30 07:41:38 +0000"
    },
    "done": true
  },
  "ms:recipes/building_blocks/vertical/maple": {
    "criteria": {
      "material": "2024-06-30 06:25:08 +0000"
    },
    "done": true
  },
  "ms:recipes/misc/materials/book": {
    "criteria": {
      "has_leather": "2024-06-30 06:40:37 +0000"
    },
    "done": true
  },
  "ms:recipes/building_blocks/birch_stairs_woodcutting": {
    "criteria": {
      "birch_planks": "2024-06-30 07:34:21 +0000"
    },
    "done": true
  },
  "ms:recipes/building_blocks/dyed/pink_cobblestone": {
    "criteria": {
      "has_cobblestone": "2024-06-30 06:30:11 +0000"
    },
    "done": true
  },
  "ms:recipes/building_blocks/slab/maple_slab": {
    "criteria": {
      "material": "2024-06-30 06:25:08 +0000"
    },
    "done": true
  },
  "ms:recipes/redstone/dark_oak_trapdoor_woodcutting": {
    "criteria": {
      "dark_oak_planks": "2024-06-30 07:08:40 +0000"
    },
    "done": true
  },
  "ms:recipes/building_blocks/dyed/purple_cobblestone": {
    "criteria": {
      "has_cobblestone": "2024-06-30 06:30:11 +0000"
    },
    "done": true
  },
  "securitycraft:recipes/misc/reinforced_acacia_fence": {
    "criteria": {
      "has_stick": "2024-06-30 06:22:44 +0000"
    },
    "done": true
  },
  "ms:recipes/decorations/sign/cherry_sign_woodcutting": {
    "criteria": {
      "nature/cherry_planks": "2024-06-30 06:37:55 +0000"
    },
    "done": true
  },
  "ms:recipes/building_blocks/stair/maplestair_woodcutting": {
    "criteria": {
      "nature/maple_planks": "2024-06-30 06:25:08 +0000"
    },
    "done": true
  },
  "ms:recipes/building_blocks/nature/stripped_tigerwood_log_woodcutting": {
    "criteria": {
      "nature/tigerwood_log": "2024-06-30 06:38:09 +0000"
    },
    "done": true
  },
  "minecraft:recipes/building_blocks/birch_stairs": {
    "criteria": {
      "has_planks": "2024-06-30 07:34:21 +0000"
    },
    "done": true
  },
  "ms:recipes/decorations/crafting/acacia_butter_churn": {
    "criteria": {
      "has_rod": "2024-06-30 06:22:44 +0000"
    },
    "done": true
  },
  "ms:root": {
    "criteria": {
      "in_modded_overworld": "2024-06-30 06:19:15 +0000"
    },
    "done": true
  },
  "ms:recipes/decorations/barrel/green_barrel": {
    "criteria": {
      "plank": "2024-06-30 06:25:08 +0000"
    },
    "done": true
  },
  "ms:recipes/building_blocks/dyed/black_wooden_planks": {
    "criteria": {
      "has_planks": "2024-06-30 06:25:08 +0000"
    },
    "done": true
  },
  "ms:recipes/decorations/shop/oak": {
    "criteria": {
      "has_material": "2024-06-30 07:03:15 +0000"
    },
    "done": true
  },
  "ms:recipes/building_blocks/stair/maplestair": {
    "criteria": {
      "material": "2024-06-30 06:25:08 +0000"
    },
    "done": true
  },
  "chococraft:recipes/misc/chocopedia": {
    "criteria": {
      "has_gysahl_green": "2024-06-30 06:39:20 +0000"
    },
    "done": true
  },
  "ms:recipes/redstone/button/tigerwood_button": {
    "criteria": {
      "item": "2024-06-30 07:03:25 +0000"
    },
    "done": true
  },
  "ms:recipes/decorations/chest/cherry": {
    "criteria": {
      "plank": "2024-06-30 06:37:55 +0000"
    },
    "done": true
  },
  "ms:recipes/redstone/trapdoor/tigerwood": {
    "criteria": {
      "has_material": "2024-06-30 07:03:25 +0000"
    },
    "done": true
  },
  "aquaculture:recipes/misc/brown_mushroom_from_fish": {
    "criteria": {
      "has_items": "2024-06-30 06:19:14 +0000"
    },
    "done": true
  },
  "ms:recipes/building_blocks/dark_oak_planks_woodcutting": {
    "criteria": {
      "item": "2024-06-30 06:50:51 +0000"
    },
    "done": true
  },
  "minecraft:recipes/food/cooked_beef_from_smoking": {
    "criteria": {
      "has_beef": "2024-06-30 06:32:43 +0000"
    },
    "done": true
  },
  "minecraft:recipes/building_blocks/orange_concrete_powder": {
    "criteria": {
      "has_gravel": "2024-06-30 07:41:42 +0000"
    },
    "done": true
  },
  "chococraft:recipes/misc/pink_gysahl": {
    "criteria": {
      "has_gysahl_green": "2024-06-30 06:39:20 +0000"
    },
    "done": true
  },
  "ms:recipes/decorations/seat/maple_chair_woodcutting": {
    "criteria": {
      "nature/maple_planks": "2024-06-30 06:25:08 +0000"
    },
    "done": true
  },
  "minecraft:recipes/decorations/light_blue_bed_from_white_bed": {
    "criteria": {
      "has_bed": "2024-06-30 06:34:46 +0000"
    },
    "done": true
  },
  "minecraft:recipes/tools/stone_pickaxe": {
    "criteria": {
      "has_cobblestone": "2024-06-30 06:30:11 +0000"
    },
    "done": true
  },
  "minecraft:recipes/misc/black_dye": {
    "criteria": {
      "has_ink_sac": "2024-06-30 06:48:22 +0000"
    },
    "done": true
  },
  "ms:recipes/tools/tool/onyx_pickaxe": {
    "criteria": {
      "material": "2024-06-30 07:41:38 +0000"
    },
    "done": true
  },
  "aquaculture:recipes/tools/wooden_fillet_knife": {
    "criteria": {
      "has_items": "2024-06-30 06:22:44 +0000"
    },
    "done": true
  },
  "minecraft:recipes/tools/wooden_hoe": {
    "criteria": {
      "has_stick": "2024-06-30 06:22:44 +0000"
    },
    "done": true
  },
  "minecraft:recipes/redstone/oak_fence_gate": {
    "criteria": {
      "has_planks": "2024-06-30 07:03:15 +0000"
    },
    "done": true
  },
  "minecraft:recipes/misc/charcoal": {
    "criteria": {
      "has_log": "2024-06-30 06:21:12 +0000"
    },
    "done": true
  },
  "minecraft:recipes/decorations/item_frame": {
    "criteria": {
      "has_leather": "2024-06-30 06:40:37 +0000"
    },
    "done": true
  },
  "ms:recipes/decorations/seat/cherry_chair": {
    "criteria": {
      "has_plank": "2024-06-30 06:37:55 +0000"
    },
    "done": true
  },
  "securitycraft:recipes/misc/sonic_security_system": {
    "criteria": {
      "has_stick": "2024-06-30 06:22:44 +0000"
    },
    "done": true
  },
  "aquaculture:recipes/misc/neptinium_ingot_from_blasting": {
    "criteria": {
      "has_leggings": "2024-06-30 06:19:14 +0000",
      "has_axe": "2024-06-30 06:19:14 +0000",
      "has_helmet": "2024-06-30 06:19:14 +0000",
      "has_fishing_rod": "2024-06-30 06:19:14 +0000",
      "has_bow": "2024-06-30 06:19:14 +0000",
      "has_chestplate": "2024-06-30 06:19:14 +0000",
      "has_sword": "2024-06-30 06:19:14 +0000",
      "has_fillet_knife": "2024-06-30 06:19:14 +0000",
      "has_shovel": "2024-06-30 06:19:14 +0000",
      "has_hoe": "2024-06-30 06:19:14 +0000",
      "has_boots": "2024-06-30 06:19:14 +0000",
      "has_pickaxe": "2024-06-30 06:19:14 +0000"
    },
    "done": true
  },
  "minecraft:recipes/decorations/blue_bed_from_white_bed": {
    "criteria": {
      "has_bed": "2024-06-30 06:34:46 +0000"
    },
    "done": true
  },
  "backpacked:recipes/backpacked/crimson_backpack_shelf": {
    "criteria": {
      "has_stick": "2024-06-30 06:22:44 +0000"
    },
    "done": true
  },
  "ms:recipes/building_blocks/oak_stairs_woodcutting": {
    "criteria": {
      "oak_planks": "2024-06-30 07:03:15 +0000"
    },
    "done": true
  },
  "aquaculture:recipes/decorations/dark_oak_fish_mount": {
    "criteria": {
      "has_items": "2024-06-30 06:19:14 +0000"
    },
    "done": true
  },
  "ms:recipes/decorations/seat/cherry_chair_woodcutting": {
    "criteria": {
      "nature/cherry_planks": "2024-06-30 06:37:55 +0000"
    },
    "done": true
  },
  "ms:recipes/building_blocks/resources/onyx_block": {
    "criteria": {
      "material": "2024-06-30 07:41:38 +0000"
    },
    "done": true
  },
  "ms:recipes/decorations/crafting/bamboo_crafting_table": {
    "criteria": {
      "has_crafting_table": "2024-06-30 06:25:07 +0000"
    },
    "done": true
  },
  "minecraft:recipes/tools/wooden_shovel": {
    "criteria": {
      "has_stick": "2024-06-30 06:22:44 +0000"
    },
    "done": true
  },
  "minecraft:adventure/root": {
    "criteria": {
      "killed_something": "2024-06-30 06:31:41 +0000"
    },
    "done": true
  },
  "ms:recipes/decorations/seat/maple_stool_woodcutting": {
    "criteria": {
      "nature/maple_planks": "2024-06-30 06:25:08 +0000"
    },
    "done": true
  },
  "minecraft:recipes/decorations/nether_brick_wall_from_nether_bricks_stonecutting": {
    "criteria": {
      "has_nether_bricks": "2024-06-30 07:02:29 +0000"
    },
    "done": true
  },
  "minecraft:recipes/building_blocks/black_wool": {
    "criteria": {
      "has_white_wool": "2024-06-30 06:34:33 +0000"
    },
    "done": true
  },
  "ms:recipes/building_blocks/birch_planks_woodcutting": {
    "criteria": {
      "item": "2024-06-30 07:23:53 +0000"
    },
    "done": true
  },
  "aquaculture:recipes/aquaculture/diamond_hook": {
    "criteria": {
      "has_items": "2024-06-30 06:19:14 +0000"
    },
    "done": true
  },
  "aquaculture:recipes/food/sushi": {
    "criteria": {
      "has_alt_items": "2024-06-30 06:19:14 +0000",
      "has_items": "2024-06-30 06:19:14 +0000"
    },
    "done": true
  },
  "ms:recipes/tools/tool/bone_pickaxe": {
    "criteria": {
      "material": "2024-06-30 06:46:17 +0000"
    },
    "done": true
  },
  "minecraft:recipes/decorations/barrel": {
    "criteria": {
      "has_planks": "2024-06-30 06:25:08 +0000"
    },
    "done": true
  },
  "ms:recipes/decorations/barrel/orange_barrel": {
    "criteria": {
      "plank": "2024-06-30 06:25:08 +0000"
    },
    "done": true
  },
  "ms:recipes/decorations/crafting/jungle_butter_churn": {
    "criteria": {
      "has_rod": "2024-06-30 06:22:44 +0000"
    },
    "done": true
  },
  "ms:recipes/building_blocks/vertical/nether_brick": {
    "criteria": {
      "nether_bricks": "2024-06-30 07:02:29 +0000"
    },
    "done": true
  },
  "minecraft:recipes/decorations/white_bed": {
    "criteria": {
      "has_white_wool": "2024-06-30 06:34:33 +0000"
    },
    "done": true
  },
  "minecraft:recipes/decorations/nether_brick_wall": {
    "criteria": {
      "has_nether_bricks": "2024-06-30 07:02:29 +0000"
    },
    "done": true
  },
  "securitycraft:recipes/misc/reinforced_birch_fence": {
    "criteria": {
      "has_stick": "2024-06-30 06:22:44 +0000"
    },
    "done": true
  },
  "minecraft:recipes/building_blocks/purple_concrete_powder": {
    "criteria": {
      "has_gravel": "2024-06-30 07:41:42 +0000"
    },
    "done": true
  },
  "aquaculture:recipes/misc/red_mushroom_from_fish": {
    "criteria": {
      "has_items": "2024-06-30 06:19:14 +0000"
    },
    "done": true
  },
  "securitycraft:recipes/misc/sc_manual": {
    "criteria": {
      "has_wood": "2024-06-30 06:21:12 +0000"
    },
    "done": true
  },
  "aquaculture:recipes/building_blocks/planks_from_driftwood": {
    "criteria": {
      "has_items": "2024-06-30 06:19:14 +0000"
    },
    "done": true
  },
  "minecraft:recipes/decorations/dark_oak_sign": {
    "criteria": {
      "has_planks": "2024-06-30 07:08:40 +0000"
    },
    "done": true
  },
  "ms:recipes/building_blocks/dark_oak_stairs_woodcutting": {
    "criteria": {
      "dark_oak_planks": "2024-06-30 07:08:40 +0000"
    },
    "done": true
  },
  "ms:recipes/building_blocks/vertical/tigerwood_woodcutting": {
    "criteria": {
      "nature/tigerwood_planks": "2024-06-30 07:03:25 +0000"
    },
    "done": true
  },
  "minecraft:recipes/tools/stone_shovel": {
    "criteria": {
      "has_cobblestone": "2024-06-30 06:30:11 +0000"
    },
    "done": true
  },
  "tombstone:adventure/root": {
    "criteria": {
      "auto": "2024-06-30 06:19:15 +0000"
    },
    "done": true
  },
  "ms:recipes/building_blocks/dyed/yellow_wooden_planks": {
    "criteria": {
      "has_planks": "2024-06-30 06:25:08 +0000"
    },
    "done": true
  },
  "ms:recipes/building_blocks/gate/tigerwoodgate_woodcutting": {
    "criteria": {
      "nature/tigerwood_planks": "2024-06-30 07:03:25 +0000"
    },
    "done": true
  },
  "minecraft:recipes/building_blocks/oak_wood": {
    "criteria": {
      "has_log": "2024-06-30 06:38:47 +0000"
    },
    "done": true
  },
  "minecraft:recipes/food/cooked_beef": {
    "criteria": {
      "has_beef": "2024-06-30 06:32:43 +0000"
    },
    "done": true
  },
  "ms:recipes/building_blocks/vertical/cherry_woodcutting": {
    "criteria": {
      "nature/cherry_planks": "2024-06-30 06:37:55 +0000"
    },
    "done": true
  },
  "ms:recipes/building_blocks/nature/cherry_planks": {
    "criteria": {
      "item": "2024-06-30 06:22:15 +0000"
    },
    "done": true
  },
  "minecraft:recipes/building_blocks/coarse_dirt": {
    "criteria": {
      "has_gravel": "2024-06-30 07:41:42 +0000"
    },
    "done": true
  },
  "ms:recipes/transportation/boat/maple_boat": {
    "criteria": {
      "plank": "2024-06-30 06:25:08 +0000"
    },
    "done": true
  },
  "minecraft:recipes/building_blocks/light_gray_concrete_powder": {
    "criteria": {
      "has_gravel": "2024-06-30 07:41:42 +0000"
    },
    "done": true
  },
  "aquaculture:recipes/aquaculture/worm_farm": {
    "criteria": {
      "has_items": "2024-06-30 06:19:14 +0000"
    },
    "done": true
  },
  "minecraft:recipes/combat/leather_leggings": {
    "criteria": {
      "has_leather": "2024-06-30 06:40:37 +0000"
    },
    "done": true
  },
  "ms:recipes/building_blocks/wall/wool_white": {
    "criteria": {
      "material": "2024-06-30 06:34:33 +0000"
    },
    "done": true
  },
  "minecraft:recipes/redstone/dark_oak_fence_gate": {
    "criteria": {
      "has_planks": "2024-06-30 07:08:40 +0000"
    },
    "done": true
  },
  "ms:recipes/decorations/seat/oak_stool_woodcutting": {
    "criteria": {
      "oak_planks": "2024-06-30 07:03:15 +0000"
    },
    "done": true
  },
  "ms:recipes/redstone/trapdoor/maple_woodcutting": {
    "criteria": {
      "nature/maple_planks": "2024-06-30 06:25:08 +0000"
    },
    "done": true
  },
  "ms:recipes/decorations/crafting/acacia_crafting_table": {
    "criteria": {
      "has_crafting_table": "2024-06-30 06:25:07 +0000"
    },
    "done": true
  },
  "minecraft:recipes/redstone/dark_oak_trapdoor": {
    "criteria": {
      "has_planks": "2024-06-30 07:08:40 +0000"
    },
    "done": true
  },
  "minecraft:recipes/building_blocks/light_gray_wool": {
    "criteria": {
      "has_white_wool": "2024-06-30 06:34:33 +0000"
    },
    "done": true
  },
  "aquaculture:recipes/aquaculture/note_hook": {
    "criteria": {
      "has_items": "2024-06-30 06:19:14 +0000"
    },
    "done": true
  },
  "minecraft:recipes/building_blocks/brown_concrete_powder": {
    "criteria": {
      "has_gravel": "2024-06-30 07:41:42 +0000"
    },
    "done": true
  },
  "aquaculture:recipes/food/cooked_fish_fillet_from_campfire": {
    "criteria": {
      "has_items": "2024-06-30 06:19:14 +0000"
    },
    "done": true
  },
  "ms:recipes/building_blocks/vertical/dark_oak": {
    "criteria": {
      "material": "2024-06-30 07:08:40 +0000"
    },
    "done": true
  },
  "ms:recipes/decorations/fence/onyxfence": {
    "criteria": {
      "material": "2024-06-30 07:41:38 +0000"
    },
    "done": true
  },
  "chococraft:recipes/food/pickled_gysahl_raw": {
    "criteria": {
      "has_gysahl_green": "2024-06-30 06:39:20 +0000"
    },
    "done": true
  },
  "minecraft:recipes/building_blocks/light_blue_concrete_powder": {
    "criteria": {
      "has_gravel": "2024-06-30 07:41:42 +0000"
    },
    "done": true
  },
  "ms:recipes/misc/charcoal_kiln": {
    "criteria": {
      "has": "2024-06-30 06:21:12 +0000"
    },
    "done": true
  },
  "ms:recipes/decorations/sign/tigerwood_sign": {
    "criteria": {
      "has_plank": "2024-06-30 07:03:25 +0000"
    },
    "done": true
  },
  "ms:recipes/decorations/shop/cherry": {
    "criteria": {
      "has_material": "2024-06-30 06:37:55 +0000"
    },
    "done": true
  },
  "ms:recipes/decorations/seat/dark_oak_chair_woodcutting": {
    "criteria": {
      "dark_oak_planks": "2024-06-30 07:08:40 +0000"
    },
    "done": true
  },
  "securitycraft:recipes/redstone/laser_block": {
    "criteria": {
      "has_stone": "2024-06-30 06:30:11 +0000"
    },
    "done": true
  },
  "ms:recipes/decorations/birch_fence_woodcutting": {
    "criteria": {
      "birch_planks": "2024-06-30 07:34:21 +0000"
    },
    "done": true
  },
  "minecraft:recipes/decorations/painting": {
    "criteria": {
      "has_wool": "2024-06-30 06:34:33 +0000"
    },
    "done": true
  },
  "ms:recipes/building_blocks/vertical/tigerwood": {
    "criteria": {
      "material": "2024-06-30 07:03:25 +0000"
    },
    "done": true
  },
  "aquaculture:recipes/aquaculture/gold_hook": {
    "criteria": {
      "has_items": "2024-06-30 06:19:14 +0000"
    },
    "done": true
  },
  "ms:recipes/decorations/seat/maple_stool": {
    "criteria": {
      "has_plank": "2024-06-30 06:25:08 +0000"
    },
    "done": true
  },
  "ms:recipes/combat/armor/onyx_legs": {
    "criteria": {
      "material": "2024-06-30 07:41:38 +0000"
    },
    "done": true
  },
  "ms:recipes/decorations/crafting/dark_oak_butter_churn": {
    "criteria": {
      "has_rod": "2024-06-30 06:22:44 +0000"
    },
    "done": true
  },
  "minecraft:recipes/building_blocks/nether_brick_stairs": {
    "criteria": {
      "has_nether_bricks": "2024-06-30 07:02:29 +0000"
    },
    "done": true
  },
  "ms:recipes/tools/misc/mortar_pestle": {
    "criteria": {
      "has_stick": "2024-06-30 06:22:44 +0000"
    },
    "done": true
  },
  "minecraft:recipes/building_blocks/nether_brick_slab": {
    "criteria": {
      "has_nether_bricks": "2024-06-30 07:02:29 +0000"
    },
    "done": true
  },
  "minecraft:recipes/misc/pumpkin_seeds": {
    "criteria": {
      "has_pumpkin": "2024-06-30 06:32:09 +0000"
    },
    "done": true
  },
  "minecraft:recipes/redstone/dark_oak_button": {
    "criteria": {
      "has_planks": "2024-06-30 07:08:40 +0000"
    },
    "done": true
  },
  "ms:recipes/decorations/barrel/brown_barrel": {
    "criteria": {
      "plank": "2024-06-30 06:25:08 +0000"
    },
    "done": true
  },
  "securitycraft:recipes/misc/reinforced_jungle_fence": {
    "criteria": {
      "has_stick": "2024-06-30 06:22:44 +0000"
    },
    "done": true
  },
  "aquaculture:recipes/decorations/spruce_fish_mount": {
    "criteria": {
      "has_items": "2024-06-30 06:19:14 +0000"
    },
    "done": true
  },
  "minecraft:recipes/building_blocks/oak_stairs": {
    "criteria": {
      "has_planks": "2024-06-30 07:03:15 +0000"
    },
    "done": true
  },
  "ms:recipes/building_blocks/slab/wool_white": {
    "criteria": {
      "material": "2024-06-30 06:34:33 +0000"
    },
    "done": true
  },
  "minecraft:recipes/decorations/gray_bed_from_white_bed": {
    "criteria": {
      "has_bed": "2024-06-30 06:34:46 +0000"
    },
    "done": true
  },
  "ms:recipes/decorations/table/oak_table": {
    "criteria": {
      "has_plank": "2024-06-30 07:03:15 +0000"
    },
    "done": true
  },
  "ms:recipes/food/food/caramel_apple": {
    "criteria": {
      "has_stick": "2024-06-30 06:22:44 +0000"
    },
    "done": true
  },
  "minecraft:recipes/decorations/oak_fence": {
    "criteria": {
      "has_planks": "2024-06-30 07:03:15 +0000"
    },
    "done": true
  },
  "ms:recipes/building_blocks/stripped_oak_log_woodcutting": {
    "criteria": {
      "oak_log": "2024-06-30 06:38:47 +0000"
    },
    "done": true
  },
  "ms:recipes/redstone/door/maple": {
    "criteria": {
      "has_material": "2024-06-30 06:25:08 +0000"
    },
    "done": true
  },
  "ms:recipes/decorations/crafting/spruce_butter_churn": {
    "criteria": {
      "has_rod": "2024-06-30 06:22:44 +0000"
    },
    "done": true
  },
  "ms:recipes/building_blocks/dyed/magenta_cobblestone": {
    "criteria": {
      "has_cobblestone": "2024-06-30 06:30:11 +0000"
    },
    "done": true
  },
  "ms:recipes/building_blocks/slab/maple_slab_woodcutting": {
    "criteria": {
      "nature/maple_planks": "2024-06-30 06:25:08 +0000"
    },
    "done": true
  },
  "ms:recipes/building_blocks/dyed/yellow_cobblestone": {
    "criteria": {
      "has_cobblestone": "2024-06-30 06:30:11 +0000"
    },
    "done": true
  },
  "minecraft:husbandry/root": {
    "criteria": {
      "consumed_item": "2024-06-30 06:19:27 +0000"
    },
    "done": true
  },
  "minecraft:recipes/transportation/birch_boat": {
    "criteria": {
      "in_water": "2024-06-30 06:20:24 +0000"
    },
    "done": true
  },
  "ms:recipes/redstone/button/tigerwood_button_woodcutting": {
    "criteria": {
      "nature/tigerwood_planks": "2024-06-30 07:03:25 +0000"
    },
    "done": true
  },
  "minecraft:recipes/decorations/white_carpet": {
    "criteria": {
      "has_white_wool": "2024-06-30 06:34:33 +0000"
    },
    "done": true
  },
  "minecraft:recipes/transportation/oak_boat": {
    "criteria": {
      "in_water": "2024-06-30 06:20:24 +0000"
    },
    "done": true
  },
  "ms:recipes/building_blocks/dyed/red_wooden_planks": {
    "criteria": {
      "has_planks": "2024-06-30 06:25:08 +0000"
    },
    "done": true
  },
  "aquaculture:recipes/misc/tin_can_to_iron_nugget_from_blasting": {
    "criteria": {
      "has_items": "2024-06-30 06:19:14 +0000"
    },
    "done": true
  },
  "ms:recipes/building_blocks/stripped_birch_log_woodcutting": {
    "criteria": {
      "birch_log": "2024-06-30 07:23:53 +0000"
    },
    "done": true
  },
  "ms:recipes/building_blocks/gate/maplegate_woodcutting": {
    "criteria": {
      "nature/maple_planks": "2024-06-30 06:25:08 +0000"
    },
    "done": true
  },
  "ms:recipes/building_blocks/vertical/dark_oak_woodcutting": {
    "criteria": {
      "dark_oak_planks": "2024-06-30 07:08:40 +0000"
    },
    "done": true
  },
  "ms:recipes/building_blocks/vertical/cherry": {
    "criteria": {
      "material": "2024-06-30 06:37:55 +0000"
    },
    "done": true
  },
  "ms:recipes/decorations/barrel/white_barrel": {
    "criteria": {
      "plank": "2024-06-30 06:25:08 +0000"
    },
    "done": true
  },
  "ms:recipes/decorations/crafting/mangrove_crafting_table": {
    "criteria": {
      "has_crafting_table": "2024-06-30 06:25:07 +0000"
    },
    "done": true
  },
  "securitycraft:recipes/redstone/reinforced_acacia_fence_gate": {
    "criteria": {
      "has_stick": "2024-06-30 06:22:44 +0000"
    },
    "done": true
  },
  "minecraft:recipes/redstone/oak_button": {
    "criteria": {
      "has_planks": "2024-06-30 07:03:15 +0000"
    },
    "done": true
  },
  "minecraft:recipes/decorations/dark_oak_fence": {
    "criteria": {
      "has_planks": "2024-06-30 07:08:40 +0000"
    },
    "done": true
  },
  "minecraft:recipes/building_blocks/magenta_wool": {
    "criteria": {
      "has_white_wool": "2024-06-30 06:34:33 +0000"
    },
    "done": true
  },
  "minecraft:recipes/decorations/torch": {
    "criteria": {
      "has_stone_pickaxe": "2024-06-30 06:30:51 +0000"
    },
    "done": true
  },
  "ms:recipes/decorations/barrel/black_barrel": {
    "criteria": {
      "plank": "2024-06-30 06:25:08 +0000"
    },
    "done": true
  },
  "minecraft:recipes/building_blocks/dark_oak_planks": {
    "criteria": {
      "has_log": "2024-06-30 06:50:51 +0000"
    },
    "done": true
  },
  "ms:recipes/building_blocks/vertical/maple_woodcutting": {
    "criteria": {
      "nature/maple_planks": "2024-06-30 06:25:08 +0000"
    },
    "done": true
  },
  "securitycraft:recipes/misc/reinforced_cherry_fence": {
    "criteria": {
      "has_stick": "2024-06-30 06:22:44 +0000"
    },
    "done": true
  },
  "ms:recipes/decorations/table/cherry_table_woodcutting": {
    "criteria": {
      "nature/cherry_planks": "2024-06-30 06:37:55 +0000"
    },
    "done": true
  },
  "ms:recipes/redstone/birch_fence_gate_woodcutting": {
    "criteria": {
      "birch_planks": "2024-06-30 07:34:21 +0000"
    },
    "done": true
  },
  "aquaculture:recipes/aquaculture/redstone_hook": {
    "criteria": {
      "has_items": "2024-06-30 06:19:14 +0000"
    },
    "done": true
  },
  "securitycraft:recipes/redstone/reinforced_warped_fence_gate": {
    "criteria": {
      "has_stick": "2024-06-30 06:22:44 +0000"
    },
    "done": true
  },
  "ms:recipes/combat/arrow/aquamarine_arrow": {
    "criteria": {
      "has_stick": "2024-06-30 06:22:44 +0000"
    },
    "done": true
  },
  "ms:recipes/decorations/sign/tigerwood_sign_woodcutting": {
    "criteria": {
      "nature/tigerwood_planks": "2024-06-30 07:03:25 +0000"
    },
    "done": true
  },
  "ms:recipes/decorations/crafting/tigerwood_butter_churn": {
    "criteria": {
      "has_rod": "2024-06-30 06:22:44 +0000"
    },
    "done": true
  },
  "minecraft:recipes/decorations/purple_bed_from_white_bed": {
    "criteria": {
      "has_bed": "2024-06-30 06:34:46 +0000"
    },
    "done": true
  },
  "ms:recipes/building_blocks/birch_slab_woodcutting": {
    "criteria": {
      "birch_planks": "2024-06-30 07:34:21 +0000"
    },
    "done": true
  },
  "aquaculture:recipes/misc/gold_nugget_from_blasting": {
    "criteria": {
      "has_fishing_rod": "2024-06-30 06:19:14 +0000",
      "has_fillet_knife": "2024-06-30 06:19:14 +0000"
    },
    "done": true
  },
  "ms:recipes/building_blocks/vertical/nether_brick_stonecutting": {
    "criteria": {
      "nether_bricks": "2024-06-30 07:02:29 +0000"
    },
    "done": true
  },
  "ms:recipes/building_blocks/vertical/oak": {
    "criteria": {
      "material": "2024-06-30 07:03:15 +0000"
    },
    "done": true
  },
  "aquaculture:recipes/aquaculture/bobber": {
    "criteria": {
      "has_items": "2024-06-30 06:19:14 +0000"
    },
    "done": true
  },
  "ms:recipes/decorations/table/dark_oak_table": {
    "criteria": {
      "has_plank": "2024-06-30 07:08:40 +0000"
    },
    "done": true
  },
  "minecraft:recipes/building_blocks/purple_wool": {
    "criteria": {
      "has_white_wool": "2024-06-30 06:34:33 +0000"
    },
    "done": true
  },
  "minecraft:recipes/building_blocks/cyan_wool": {
    "criteria": {
      "has_white_wool": "2024-06-30 06:34:33 +0000"
    },
    "done": true
  },
  "aquaculture:recipes/misc/gold_nugget_from_gold_fish": {
    "criteria": {
      "has_items": "2024-06-30 06:19:14 +0000"
    },
    "done": true
  },
  "minecraft:recipes/decorations/white_banner": {
    "criteria": {
      "has_white_wool": "2024-06-30 06:34:33 +0000"
    },
    "done": true
  },
  "aquaculture:recipes/food/cooked_fish_fillet_from_smoking": {
    "criteria": {
      "has_items": "2024-06-30 06:19:14 +0000"
    },
    "done": true
  },
  "minecraft:recipes/building_blocks/orange_wool": {
    "criteria": {
      "has_white_wool": "2024-06-30 06:34:33 +0000"
    },
    "done": true
  },
  "minecraft:recipes/building_blocks/dark_oak_wood": {
    "criteria": {
      "has_log": "2024-06-30 06:50:51 +0000"
    },
    "done": true
  },
  "minecraft:recipes/decorations/green_bed_from_white_bed": {
    "criteria": {
      "has_bed": "2024-06-30 06:34:46 +0000"
    },
    "done": true
  },
  "ms:recipes/building_blocks/dyed/white_wooden_planks": {
    "criteria": {
      "has_planks": "2024-06-30 06:25:08 +0000"
    },
    "done": true
  },
  "aquaculture:recipes/food/cooked_fish_fillet": {
    "criteria": {
      "has_items": "2024-06-30 06:19:14 +0000"
    },
    "done": true
  },
  "ms:recipes/redstone/button/maple_button": {
    "criteria": {
      "item": "2024-06-30 06:25:08 +0000"
    },
    "done": true
  },
  "ms:recipes/misc/stick_woodcutting": {
    "criteria": {
      "item": "2024-06-30 06:25:08 +0000"
    },
    "done": true
  },
  "backpacked:recipes/backpacked/acacia_backpack_shelf": {
    "criteria": {
      "has_stick": "2024-06-30 06:22:44 +0000"
    },
    "done": true
  },
  "ms:recipes/misc/rotten_flesh_smelt": {
    "criteria": {
      "rotten_flesh": "2024-06-30 07:41:07 +0000"
    },
    "done": true
  },
  "ms:ore/all_resources": {
    "criteria": {
      "onyx": "2024-06-30 07:41:38 +0000"
    },
    "done": false
  },
  "ms:recipes/misc/nugget/onyx_shard": {
    "criteria": {
      "item": "2024-06-30 07:41:38 +0000"
    },
    "done": true
  },
  "ms:recipes/decorations/shop/birch": {
    "criteria": {
      "has_material": "2024-06-30 07:34:21 +0000"
    },
    "done": true
  },
  "ms:recipes/decorations/crafting/birch_butter_churn": {
    "criteria": {
      "has_rod": "2024-06-30 06:22:44 +0000"
    },
    "done": true
  },
  "ms:recipes/building_blocks/dyed/cyan_cobblestone": {
    "criteria": {
      "has_cobblestone": "2024-06-30 06:30:11 +0000"
    },
    "done": true
  },
  "securitycraft:recipes/misc/reinforced_mangrove_fence": {
    "criteria": {
      "has_stick": "2024-06-30 06:22:44 +0000"
    },
    "done": true
  },
  "securitycraft:recipes/building_blocks/reinforced_andesite": {
    "criteria": {
      "has_cobblestone": "2024-06-30 06:30:11 +0000"
    },
    "done": true
  },
  "ms:recipes/building_blocks/dyed/brown_cobblestone": {
    "criteria": {
      "has_cobblestone": "2024-06-30 06:30:11 +0000"
    },
    "done": true
  },
  "ms:recipes/decorations/crafting/silverbell_crafting_table": {
    "criteria": {
      "has_crafting_table": "2024-06-30 06:25:07 +0000"
    },
    "done": true
  },
  "ms:recipes/building_blocks/dyed/green_wooden_planks": {
    "criteria": {
      "has_planks": "2024-06-30 06:25:08 +0000"
    },
    "done": true
  },
  "securitycraft:recipes/building_blocks/reinforced_diorite": {
    "criteria": {
      "has_cobblestone": "2024-06-30 06:30:11 +0000"
    },
    "done": true
  },
  "ms:recipes/decorations/chest/tigerwood": {
    "criteria": {
      "plank": "2024-06-30 07:03:25 +0000"
    },
    "done": true
  },
  "ms:recipes/building_blocks/pillar/wool_white": {
    "criteria": {
      "material": "2024-06-30 06:34:33 +0000"
    },
    "done": true
  },
  "ms:recipes/building_blocks/vertical/wool_white": {
    "criteria": {
      "material": "2024-06-30 06:34:33 +0000"
    },
    "done": true
  },
  "minecraft:recipes/building_blocks/gray_concrete_powder": {
    "criteria": {
      "has_gravel": "2024-06-30 07:41:42 +0000"
    },
    "done": true
  },
  "ms:recipes/redstone/button/maple_button_woodcutting": {
    "criteria": {
      "nature/maple_planks": "2024-06-30 06:25:08 +0000"
    },
    "done": true
  },
  "minecraft:adventure/adventuring_time": {
    "criteria": {
      "minecraft:birch_forest": "2024-06-30 06:43:20 +0000",
      "minecraft:dark_forest": "2024-06-30 06:45:03 +0000",
      "minecraft:river": "2024-06-30 06:21:01 +0000",
      "minecraft:forest": "2024-06-30 06:21:04 +0000",
      "minecraft:old_growth_birch_forest": "2024-06-30 06:44:42 +0000",
      "minecraft:savanna": "2024-06-30 06:31:46 +0000",
      "minecraft:plains": "2024-06-30 06:19:15 +0000"
    },
    "done": false
  },
  "ms:recipes/tools/tool/bone_axe": {
    "criteria": {
      "material": "2024-06-30 06:46:17 +0000"
    },
    "done": true
  },
  "minecraft:recipes/misc/light_gray_dye_from_oxeye_daisy": {
    "criteria": {
      "has_oxeye_daisy": "2024-06-30 07:05:40 +0000"
    },
    "done": true
  },
  "minecraft:recipes/building_blocks/cobblestone_stairs_from_cobblestone_stonecutting": {
    "criteria": {
      "has_cobblestone": "2024-06-30 06:30:11 +0000"
    },
    "done": true
  },
  "minecraft:recipes/redstone/birch_pressure_plate": {
    "criteria": {
      "has_planks": "2024-06-30 07:34:21 +0000"
    },
    "done": true
  },
  "ms:ore/new_gem": {
    "criteria": {
      "onyx": "2024-06-30 07:41:38 +0000"
    },
    "done": true
  },
  "aquaculture:recipes/misc/neptunium_ingot_from_nuggets": {
    "criteria": {
      "has_items": "2024-06-30 06:19:14 +0000"
    },
    "done": true
  },
  "ms:recipes/building_blocks/stair/tigerwoodstair": {
    "criteria": {
      "material": "2024-06-30 07:03:25 +0000"
    },
    "done": true
  },
  "ms:recipes/decorations/seat/tigerwood_chair": {
    "criteria": {
      "has_plank": "2024-06-30 07:03:25 +0000"
    },
    "done": true
  },
  "ms:recipes/decorations/table/maple_table_woodcutting": {
    "criteria": {
      "nature/maple_planks": "2024-06-30 06:25:08 +0000"
    },
    "done": true
  },
  "minecraft:recipes/tools/stone_hoe": {
    "criteria": {
      "has_cobblestone": "2024-06-30 06:30:11 +0000"
    },
    "done": true
  },
  "aquaculture:recipes/misc/iron_nugget_from_blasting": {
    "criteria": {
      "has_fishing_rod": "2024-06-30 06:19:14 +0000",
      "has_fillet_knife": "2024-06-30 06:19:14 +0000"
    },
    "done": true
  },
  "mining_helmet:recipes/mining_helmet": {
    "criteria": {
      "has_lantern": "2024-06-30 06:19:14 +0000",
      "has_iron": "2024-06-30 06:19:14 +0000"
    },
    "done": true
  },
  "ms:recipes/tools/tool/onyx_axe": {
    "criteria": {
      "material": "2024-06-30 07:41:38 +0000"
    },
    "done": true
  },
  "minecraft:story/root": {
    "criteria": {
      "crafting_table": "2024-06-30 06:25:07 +0000"
    },
    "done": true
  },
  "securitycraft:recipes/misc/reinforced_spruce_fence": {
    "criteria": {
      "has_stick": "2024-06-30 06:22:44 +0000"
    },
    "done": true
  },
  "ms:recipes/decorations/crafting/hellwood_butter_churn": {
    "criteria": {
      "has_rod": "2024-06-30 06:22:44 +0000"
    },
    "done": true
  },
  "ms:recipes/decorations/oak_sign_woodcutting": {
    "criteria": {
      "oak_planks": "2024-06-30 07:03:15 +0000"
    },
    "done": true
  },
  "aquaculture:recipes/decorations/jungle_fish_mount": {
    "criteria": {
      "has_items": "2024-06-30 06:19:14 +0000"
    },
    "done": true
  },
  "ms:recipes/tools/tool/onyx_shovel": {
    "criteria": {
      "material": "2024-06-30 07:41:38 +0000"
    },
    "done": true
  },
  "minecraft:recipes/food/cooked_beef_from_campfire_cooking": {
    "criteria": {
      "has_beef": "2024-06-30 06:32:43 +0000"
    },
    "done": true
  },
  "ms:recipes/decorations/seat/birch_stool": {
    "criteria": {
      "has_plank": "2024-06-30 07:34:21 +0000"
    },
    "done": true
  },
  "DataVersion": 3337
}